Workbook

Sheet Overview

Sheet Investments

Sheet Category
A1: Cases
A3: Name | B3: Amount | D3: Single Value | E3: Value | F3: Sale-Value | H3: 14-day | I3: Since May 15th 2021 | K3: Profit | L3: Profit/ Investment | N3: Profit/ Investement change last 14days
A4: Prisma | B4: 2000 | D4: =Cases!C36 -> 0.07 | E4: =Cases!C45 -> 140 | F4: =Cases!C62 -> 75 | H4: =Cases!G36 -> 0 | I4: =Cases!F36 -> 0.4 | K4: =Cases!C71 -> -45 | L4: =Cases!F71 -> -0.375 | N4: =Cases!G71 -> 0
A5: Danger Zone | B5: 1000 | D5: =Cases!C37 -> 0.08 | E5: =Cases!C46 -> 80 | F5: =Cases!C63 -> 45 | H5: =Cases!G37 -> 0 | I5: =Cases!F37 -> 0.14285714 | K5: =Cases!C72 -> -25 | L5: =Cases!F72 -> -0.35714286 | N5: =Cases!G72 -> 0
A6: Horizon | B6: 2000 | D6: =Cases!C38 -> 0.12 | E6: =Cases!C47 -> 240 | F6: =Cases!C64 -> 135 | H6: =Cases!G38 -> 0.090909091 | I6: =Cases!F38 -> 0.71428571 | K6: =Cases!C73 -> -65 | L6: =Cases!F73 -> -0.325 | N6: =Cases!G73 -> 0.075
A7: CS20 | B7: 215 | D7: =Cases!C39 -> 0.21 | E7: =Cases!C48 -> 45.15 | F7: =Cases!C65 -> 25.8 | H7: =Cases!G39 -> 0.23529412 | I7: =Cases!F39 -> 1.625 | K7: =Cases!C74 -> 0 | L7: =Cases!F74 -> 0 | N7: =Cases!G74 -> 0.1251938
A8: Fracture | B8: 150 | D8: =Cases!C40 -> 0.31 | E8: =Cases!C49 -> 46.5 | F8: =Cases!C66 -> 28.12 | H8: =Cases!G40 -> -0.03125 | I8: =Cases!F40 -> -0.11428571 | K8: =Cases!C75 -> -57.38 | L8: =Cases!F75 -> -0.67111111 | N8: =Cases!G75 -> -0.013216374
A10: Total | E10: =Cases!C82 -> 551.65 | F10: =Cases!C83 -> 308.92 | H10: =Cases!G82 -> 0.05166333 | I10: =Cases!F82 -> 0.45285752 | K10: =Cases!C86 -> -192.38 | L10: =Cases!F86 -> -0.38376222 | N10: =Cases!G86 -> 0.034111311
A13: Skins
A15: Name | B15: Amount | D15: Single Value | E15: Value | F15: Sale-Value | H15: 14-day | I15: Since May 15th 2021 | K15: Profit | L15: Profit/ Investment | N15: Profit/ Investement change last 14days
A16: M4 Dark Blossom FN | B16: ='Skin-Investments'!A26 -> 48 | D16: ='Skin-Investments'!C3 -> 8.8 | E16: ='Skin-Investments'!C26 -> 422.4 | F16: ='Skin-Investments'!C59 -> 316.8 | H16: ='Skin-Investments'!G15 -> -0.078817734 | I16: ='Skin-Investments'!F15 -> 1.2735562 | K16: ='Skin-Investments'!C70 -> 207.27 | L16: ='Skin-Investments'!F70 -> 1.8923583 | N16: ='Skin-Investments'!G70 -> -0.24979458
A17: M4 Dark Blossom MW | B17: ='Skin-Investments'!A27 -> 10 | D17: ='Skin-Investments'!C4 -> 8.92 | E17: ='Skin-Investments'!C27 -> 89.2 | F17: ='Skin-Investments'!C60 -> 66.9 | H17: ='Skin-Investments'!G16 -> -0.092326139 | I17: ='Skin-Investments'!F16 -> 1.5661017 | K17: ='Skin-Investments'!C71 -> 15.69 | L17: ='Skin-Investments'!F71 -> 0.30638547 | N17: ='Skin-Investments'!G71 -> -0.13278657
A18: P90 Sunset Lily FN | B18: ='Skin-Investments'!A28 -> 5 | D18: ='Skin-Investments'!C5 -> 9.84 | E18: ='Skin-Investments'!C28 -> 49.2 | F18: ='Skin-Investments'!C61 -> 36.9 | H18: ='Skin-Investments'!G17 -> -0.11919831 | I18: ='Skin-Investments'!F17 -> 1.8114478 | K18: ='Skin-Investments'!C72 -> 8.87 | L18: ='Skin-Investments'!F72 -> 0.31644666 | N18: ='Skin-Investments'!G72 -> -0.1765965
A19: Tec-9 Rust Leaf FN | B19: ='Skin-Investments'!A29 -> 7 | D19: ='Skin-Investments'!C6 -> 9.85 | E19: ='Skin-Investments'!C29 -> 68.95 | F19: ='Skin-Investments'!C62 -> 51.66 | H19: ='Skin-Investments'!G18 -> -0.0059453032 | I19: ='Skin-Investments'!F18 -> 1.8243243 | K19: ='Skin-Investments'!C73 -> 13.75 | L19: ='Skin-Investments'!F73 -> 0.36270113 | N19: ='Skin-Investments'!G73 -> -0.0092323925
A20: Tec-9 Rust Leaf MW | B20: ='Skin-Investments'!A30 -> 10 | D20: ='Skin-Investments'!C7 -> 9.11 | E20: ='Skin-Investments'!C30 -> 91.1 | F20: ='Skin-Investments'!C63 -> 68.3 | H20: ='Skin-Investments'!G19 -> -0.060753341 | I20: ='Skin-Investments'!F19 -> 1.5511551 | K20: ='Skin-Investments'!C74 -> 17.16 | L20: ='Skin-Investments'!F74 -> 0.33554947 | N20: ='Skin-Investments'!G74 -> -0.08408291
A21: XM1014 Banana Leaf FN | B21: ='Skin-Investments'!A31 -> 10 | D21: ='Skin-Investments'!C8 -> 10.02 | E21: ='Skin-Investments'!C31 -> 100.2 | F21: ='Skin-Investments'!C64 -> 75.1 | H21: ='Skin-Investments'!G20 -> -0.038461538 | I21: ='Skin-Investments'!F20 -> 1.4216524 | K21: ='Skin-Investments'!C75 -> 17.97 | L21: ='Skin-Investments'!F75 -> 0.31454577 | N21: ='Skin-Investments'!G75 -> -0.050761421
A22: XM1014 Banana Leaf MW | B22: ='Skin-Investments'!A32 -> 6 | D22: ='Skin-Investments'!C9 -> 9.22 | E22: ='Skin-Investments'!C32 -> 55.32 | F22: ='Skin-Investments'!C65 -> 41.46 | H22: ='Skin-Investments'!G21 -> -0.034567901 | I22: ='Skin-Investments'!F21 -> 1.5980066 | K22: ='Skin-Investments'!C76 -> 10.63 | L22: ='Skin-Investments'!F76 -> 0.34479403 | N22: ='Skin-Investments'!G76 -> -0.046707752
A24: Total | E24: ='Skin-Investments'!C79 -> 876.37 | F24: ='Skin-Investments'!C80 -> 657.12 | H24: ='Skin-Investments'!G79 -> -0.068177227 | I24: ='Skin-Investments'!F79 -> 1.4251321 | K24: ='Skin-Investments'!C84 -> 291.34 | L24: ='Skin-Investments'!F84 -> 0.79648969 | N24: ='Skin-Investments'!G84 -> -0.13149981

Sheet Cases
A1: Market Values
C2: Last value | D2: Row number | F2: Since start | G2: 14-day | I2: 44331 | J2: 44332 | K2: 44333 | L2: 44334 | M2: 44335 | N2: 44336 | O2: 44337 | P2: 44338 | Q2: 44339 | R2: 44340 | S2: 44341 | T2: 44342 | U2: 44343 | V2: 44344 | W2: 44345 | X2: 44346 | Y2: 44347 | Z2: 44348 | AA2: 44349 | AB2: 44350 | AC2: 44351 | AD2: 44352 | AE2: 44353 | AF2: 44354 | AG2: 44355 | AH2: 44356 | AI2: 44357 | AJ2: 44358 | AK2: 44359 | AL2: 44360 | AM2: 44361 | AN2: 44362 | AO2: 44363 | AP2: 44364 | AQ2: 44365 | AR2: 44366 | AS2: 44367 | AT2: 44368 | AU2: 44369 | AV2: 44370 | AW2: 44371 | AX2: 44372 | AY2: 44373 | AZ2: 44374 | BA2: 44375 | BB2: 44376 | BC2: 44377 | BD2: 44378 | BE2: 44379 | BF2: 44380 | BG2: 44381 | BH2: 44382 | BI2: 44383 | BJ2: 44384 | BK2: 44385 | BL2: 44386 | BM2: 44387 | BN2: 44388 | BO2: 44389 | BP2: 44390 | BQ2: 44391 | BR2: 44392 | BS2: 44393 | BT2: 44394 | BU2: 44395 | BV2: 44396 | BW2: 44397 | BX2: 44398 | BY2: 44399 | BZ2: 44400 | CA2: 44401 | CB2: 44402 | CC2: 44403 | CD2: 44404 | CE2: 44405 | CF2: 44406 | CG2: 44407 | CH2: 44408 | CI2: 44409 | CJ2: 44410 | CK2: 44411 | CL2: 44412 | CM2: 44413 | CN2: 44414 | CO2: 44415 | CP2: 44416 | CQ2: 44417 | CR2: 44418 | CS2: 44419 | CT2: 44420 | CU2: 44421 | CV2: 44422 | CW2: 44423 | CX2: 44424 | CY2: 44425 | CZ2: 44426 | DA2: 44427 | DB2: 44428 | DC2: 44429 | DD2: 44430 | DE2: 44431 | DF2: 44432 | DG2: 44433 | DH2: 44434 | DI2: 44435 | DJ2: 44436 | DK2: 44437 | DL2: 44438 | DM2: 44439 | DN2: 44440 | DO2: 44441 | DP2: 44442 | DQ2: 44443 | DR2: 44444 | DS2: 44445 | DT2: 44446 | DU2: 44447 | DV2: 44448 | DW2: 44449 | DX2: 44450 | DY2: 44451 | DZ2: 44452 | EA2: 44453 | EB2: 44454 | EC2: 44455 | ED2: 44456 | EE2: 44457 | EF2: 44458 | EG2: 44459 | EH2: 44460 | EI2: 44461 | EJ2: 44462 | EK2: 44463 | EL2: 44464 | EM2: 44465 | EN2: 44466 | EO2: 44467 | EP2: 44468 | EQ2: 44469 | ER2: 44470 | ES2: 44471 | ET2: 44472 | EU2: 44473 | EV2: 44474 | EW2: 44475 | EX2: 44476 | EY2: 44477 | EZ2: 44478 | FA2: 44479 | FB2: 44480 | FC2: 44481 | FD2: 44482 | FE2: 44483 | FF2: 44484 | FG2: 44485 | FH2: 44486 | FI2: 44487 | FJ2: 44488 | FK2: 44489 | FL2: 44490 | FM2: 44491 | FN2: 44492 | FO2: 44493 | FP2: 44494 | FQ2: 44495 | FR2: 44496 | FS2: 44497 | FT2: 44498 | FU2: 44499 | FV2: 44500 | FW2: 44501 | FX2: 44502 | FY2: 44503 | FZ2: 44504 | GA2: 44505
B3: Prisma 2 | C3: {=LOOKUP(2,1/(I3:GA3<>""),I3:GA3)} -> 0.07 | D3: {=SUMPRODUCT(MAX((I3:GA3<>"")*COLUMN(I3:GA3)))} -> 45 | F3: =(C3-I3)/I3 -> 0.4 | G3: {=(C3-IF(ISNA(INDEX(I3:GA3,D3-22)),INDEX(I3:GA3,D3-23),INDEX(I3:GA3,D3-22)))/IF(ISNA(INDEX(I3:GA3,D3-22)),INDEX(I3:GA3,D3-23),INDEX(I3:GA3,D3-22))} -> 0 | I3: 0.05 | J3: 0.05 | L3: 0.05 | N3: 0.06 | O3: 0.06 | P3: 0.06 | Q3: 0.05 | R3: 0.06 | S3: 0.06 | T3: 0.06 | U3: 0.06 | V3: 0.06 | W3: 0.06 | X3: 0.05 | Y3: 0.06 | Z3: 0.06 | AA3: 0.06 | AB3: 0.06 | AC3: 0.07 | AD3: 0.08 | AE3: 0.07 | AF3: 0.08 | AG3: 0.08 | AH3: 0.08 | AI3: 0.08 | AJ3: 0.08 | AK3: 0.08 | AL3: 0.08 | AM3: 0.07 | AO3: 0.07 | AP3: 0.07 | AQ3: 0.07 | AR3: 0.07 | AS3: 0.07
B4: Danger Zone | C4: {=LOOKUP(2,1/(I4:GA4<>""),I4:GA4)} -> 0.08 | D4: {=SUMPRODUCT(MAX((I4:GA4<>"")*COLUMN(I4:GA4)))} -> 45 | F4: =(C4-I4)/I4 -> 0.14285714 | G4: {=(C4-IF(ISNA(INDEX(I4:GA4,D4-22)),INDEX(I4:GA4,D4-23),INDEX(I4:GA4,D4-22)))/IF(ISNA(INDEX(I4:GA4,D4-22)),INDEX(I4:GA4,D4-23),INDEX(I4:GA4,D4-22))} -> 0 | I4: 0.07 | J4: 0.07 | L4: 0.07 | N4: 0.07 | O4: 0.07 | P4: 0.07 | Q4: 0.07 | R4: 0.07 | S4: 0.07 | T4: 0.07 | U4: 0.07 | V4: 0.06 | W4: 0.06 | X4: 0.07 | Y4: 0.07 | Z4: 0.07 | AA4: 0.07 | AB4: 0.07 | AC4: 0.08 | AD4: 0.09 | AE4: 0.08 | AF4: 0.09 | AG4: 0.09 | AH4: 0.08 | AI4: 0.09 | AJ4: 0.09 | AK4: 0.09 | AL4: 0.09 | AM4: 0.09 | AO4: 0.09 | AP4: 0.08 | AQ4: 0.08 | AR4: 0.08 | AS4: 0.08
B5: Prisma | C5: {=LOOKUP(2,1/(I5:GA5<>""),I5:GA5)} -> 0.08 | D5: {=SUMPRODUCT(MAX((I5:GA5<>"")*COLUMN(I5:GA5)))} -> 45 | F5: =(C5-I5)/I5 -> 0.14285714 | G5: {=(C5-IF(ISNA(INDEX(I5:GA5,D5-22)),INDEX(I5:GA5,D5-23),INDEX(I5:GA5,D5-22)))/IF(ISNA(INDEX(I5:GA5,D5-22)),INDEX(I5:GA5,D5-23),INDEX(I5:GA5,D5-22))} -> -0.2 | I5: 0.07 | J5: 0.07 | L5: 0.07 | N5: 0.07 | O5: 0.07 | P5: 0.07 | Q5: 0.07 | R5: 0.07 | S5: 0.07 | T5: 0.07 | U5: 0.07 | V5: 0.07 | W5: 0.07 | X5: 0.07 | Y5: 0.07 | Z5: 0.08 | AA5: 0.08 | AB5: 0.08 | AC5: 0.09 | AD5: 0.12 | AE5: 0.1 | AF5: 0.1 | AG5: 0.09 | AH5: 0.1 | AI5: 0.09 | AJ5: 0.09 | AK5: 0.09 | AL5: 0.09 | AM5: 0.09 | AO5: 0.08 | AP5: 0.08 | AQ5: 0.08 | AR5: 0.08 | AS5: 0.08
B6: Horizon | C6: {=LOOKUP(2,1/(I6:GA6<>""),I6:GA6)} -> 0.12 | D6: {=SUMPRODUCT(MAX((I6:GA6<>"")*COLUMN(I6:GA6)))} -> 45 | F6: =(C6-I6)/I6 -> 0.71428571 | G6: {=(C6-IF(ISNA(INDEX(I6:GA6,D6-22)),INDEX(I6:GA6,D6-23),INDEX(I6:GA6,D6-22)))/IF(ISNA(INDEX(I6:GA6,D6-22)),INDEX(I6:GA6,D6-23),INDEX(I6:GA6,D6-22))} -> 0.090909091 | I6: 0.07 | J6: 0.07 | L6: 0.07 | N6: 0.07 | O6: 0.07 | P6: 0.07 | Q6: 0.07 | R6: 0.07 | S6: 0.07 | T6: 0.07 | U6: 0.07 | V6: 0.07 | W6: 0.07 | X6: 0.07 | Y6: 0.07 | Z6: 0.07 | AA6: 0.07 | AB6: 0.07 | AC6: 0.12 | AD6: 0.14 | AE6: 0.11 | AF6: 0.12 | AG6: 0.12 | AH6: 0.12 | AI6: 0.12 | AJ6: 0.13 | AK6: 0.14 | AL6: 0.13 | AM6: 0.12 | AO6: 0.11 | AP6: 0.11 | AQ6: 0.11 | AR6: 0.12 | AS6: 0.12
B7: CS20 | C7: {=LOOKUP(2,1/(I7:GA7<>""),I7:GA7)} -> 0.21 | D7: {=SUMPRODUCT(MAX((I7:GA7<>"")*COLUMN(I7:GA7)))} -> 45 | F7: =(C7-I7)/I7 -> 1.625 | G7: {=(C7-IF(ISNA(INDEX(I7:GA7,D7-22)),INDEX(I7:GA7,D7-23),INDEX(I7:GA7,D7-22)))/IF(ISNA(INDEX(I7:GA7,D7-22)),INDEX(I7:GA7,D7-23),INDEX(I7:GA7,D7-22))} -> 0.23529412 | I7: 0.08 | J7: 0.08 | L7: 0.08 | N7: 0.08 | O7: 0.08 | P7: 0.08 | Q7: 0.08 | R7: 0.08 | S7: 0.08 | T7: 0.08 | U7: 0.08 | V7: 0.08 | W7: 0.08 | X7: 0.08 | Y7: 0.08 | Z7: 0.08 | AA7: 0.08 | AB7: 0.08 | AC7: 0.16 | AD7: 0.21 | AE7: 0.17 | AF7: 0.18 | AG7: 0.18 | AH7: 0.2 | AI7: 0.23 | AJ7: 0.24 | AK7: 0.28 | AL7: 0.28 | AM7: 0.27 | AO7: 0.23 | AP7: 0.23 | AQ7: 0.21 | AR7: 0.23 | AS7: 0.21
B8: Fracture | C8: {=LOOKUP(2,1/(I8:GA8<>""),I8:GA8)} -> 0.31 | D8: {=SUMPRODUCT(MAX((I8:GA8<>"")*COLUMN(I8:GA8)))} -> 45 | F8: =(C8-I8)/I8 -> -0.11428571 | G8: {=(C8-IF(ISNA(INDEX(I8:GA8,D8-22)),INDEX(I8:GA8,D8-23),INDEX(I8:GA8,D8-22)))/IF(ISNA(INDEX(I8:GA8,D8-22)),INDEX(I8:GA8,D8-23),INDEX(I8:GA8,D8-22))} -> -0.03125 | I8: 0.35 | J8: 0.35 | L8: 0.35 | N8: 0.31 | O8: 0.3 | P8: 0.34 | Q8: 0.3 | R8: 0.3 | S8: 0.31 | T8: 0.3 | U8: 0.31 | V8: 0.3 | W8: 0.32 | X8: 0.32 | Y8: 0.34 | Z8: 0.3 | AA8: 0.32 | AB8: 0.3 | AC8: 0.35 | AD8: 0.35 | AE8: 0.32 | AF8: 0.32 | AG8: 0.3 | AH8: 0.31 | AI8: 0.3 | AJ8: 0.3 | AK8: 0.3 | AL8: 0.31 | AM8: 0.32 | AO8: 0.31 | AP8: 0.29 | AQ8: 0.3 | AR8: 0.32 | AS8: 0.31
B9: Clutch | C9: {=LOOKUP(2,1/(I9:GA9<>""),I9:GA9)} -> 0.34 | D9: {=SUMPRODUCT(MAX((I9:GA9<>"")*COLUMN(I9:GA9)))} -> 45 | F9: =(C9-I9)/I9 -> 0.61904762 | G9: {=(C9-IF(ISNA(INDEX(I9:GA9,D9-22)),INDEX(I9:GA9,D9-23),INDEX(I9:GA9,D9-22)))/IF(ISNA(INDEX(I9:GA9,D9-22)),INDEX(I9:GA9,D9-23),INDEX(I9:GA9,D9-22))} -> 0.13333333 | I9: 0.21 | J9: 0.21 | L9: 0.21 | N9: 0.21 | O9: 0.21 | P9: 0.21 | Q9: 0.21 | R9: 0.21 | S9: 0.21 | T9: 0.2 | U9: 0.2 | V9: 0.21 | W9: 0.21 | X9: 0.24 | Y9: 0.24 | Z9: 0.24 | AA9: 0.26 | AB9: 0.27 | AC9: 0.34 | AD9: 0.43 | AE9: 0.3 | AF9: 0.31 | AG9: 0.34 | AH9: 0.31 | AI9: 0.36 | AJ9: 0.38 | AK9: 0.36 | AL9: 0.36 | AM9: 0.34 | AO9: 0.32 | AP9: 0.3 | AQ9: 0.31 | AR9: 0.34 | AS9: 0.34
B10: Spectrum 2 | C10: {=LOOKUP(2,1/(I10:GA10<>""),I10:GA10)} -> 0.37 | D10: {=SUMPRODUCT(MAX((I10:GA10<>"")*COLUMN(I10:GA10)))} -> 45 | F10: =(C10-I10)/I10 -> 1.1764706 | G10: {=(C10-IF(ISNA(INDEX(I10:GA10,D10-22)),INDEX(I10:GA10,D10-23),INDEX(I10:GA10,D10-22)))/IF(ISNA(INDEX(I10:GA10,D10-22)),INDEX(I10:GA10,D10-23),INDEX(I10:GA10,D10-22))} -> 0.088235294 | I10: 0.17 | J10: 0.17 | L10: 0.19 | N10: 0.19 | O10: 0.17 | P10: 0.18 | Q10: 0.18 | R10: 0.17 | S10: 0.17 | T10: 0.18 | U10: 0.18 | V10: 0.19 | W10: 0.2 | X10: 0.21 | Y10: 0.21 | Z10: 0.24 | AA10: 0.24 | AB10: 0.23 | AC10: 0.34 | AD10: 0.39 | AE10: 0.34 | AF10: 0.36 | AG10: 0.36 | AH10: 0.37 | AI10: 0.36 | AJ10: 0.38 | AK10: 0.4 | AL10: 0.39 | AM10: 0.37 | AO10: 0.36 | AP10: 0.37 | AQ10: 0.37 | AR10: 0.36 | AS10: 0.37
B11: Spectrum | C11: {=LOOKUP(2,1/(I11:GA11<>""),I11:GA11)} -> 0.7 | D11: {=SUMPRODUCT(MAX((I11:GA11<>"")*COLUMN(I11:GA11)))} -> 45 | F11: =(C11-I11)/I11 -> 0.18644068 | G11: {=(C11-IF(ISNA(INDEX(I11:GA11,D11-22)),INDEX(I11:GA11,D11-23),INDEX(I11:GA11,D11-22)))/IF(ISNA(INDEX(I11:GA11,D11-22)),INDEX(I11:GA11,D11-23),INDEX(I11:GA11,D11-22))} -> -0.04109589 | I11: 0.59 | J11: 0.58 | L11: 0.55 | N11: 0.53 | O11: 0.6 | P11: 0.6 | Q11: 0.6 | R11: 0.61 | S11: 0.58 | T11: 0.61 | U11: 0.58 | V11: 0.62 | W11: 0.65 | X11: 0.66 | Y11: 0.65 | Z11: 0.66 | AA11: 0.64 | AB11: 0.64 | AC11: 0.72 | AD11: 0.86 | AE11: 0.73 | AF11: 0.64 | AG11: 0.65 | AH11: 0.74 | AI11: 0.71 | AJ11: 0.72 | AK11: 0.72 | AL11: 0.73 | AM11: 0.66 | AO11: 0.62 | AP11: 0.63 | AQ11: 0.72 | AR11: 0.69 | AS11: 0.7
B12: Shattered Web | C12: {=LOOKUP(2,1/(I12:GA12<>""),I12:GA12)} -> 1.28 | D12: {=SUMPRODUCT(MAX((I12:GA12<>"")*COLUMN(I12:GA12)))} -> 45 | F12: =(C12-I12)/I12 -> 0.14285714 | G12: {=(C12-IF(ISNA(INDEX(I12:GA12,D12-22)),INDEX(I12:GA12,D12-23),INDEX(I12:GA12,D12-22)))/IF(ISNA(INDEX(I12:GA12,D12-22)),INDEX(I12:GA12,D12-23),INDEX(I12:GA12,D12-22))} -> -0.12328767 | I12: 1.12 | J12: 1.12 | L12: 1.2 | N12: 1.24 | O12: 1.21 | P12: 1.26 | Q12: 1.27 | R12: 1.31 | S12: 1.53 | T12: 1.45 | U12: 1.51 | V12: 1.49 | W12: 1.41 | X12: 1.39 | Y12: 1.31 | Z12: 1.34 | AA12: 1.31 | AB12: 1.35 | AC12: 1.35 | AD12: 1.35 | AE12: 1.46 | AF12: 1.46 | AG12: 1.42 | AH12: 1.49 | AI12: 1.33 | AJ12: 1.41 | AK12: 1.35 | AL12: 1.44 | AM12: 1.41 | AO12: 1.24 | AP12: 1.3 | AQ12: 1.35 | AR12: 1.32 | AS12: 1.28
A19: Sale Revenue
I20: =I2 -> 44331 | J20: =J2 -> 44332 | K20: =K2 -> 44333 | L20: =L2 -> 44334 | M20: =M2 -> 44335 | N20: =N2 -> 44336 | O20: =O2 -> 44337 | P20: =P2 -> 44338 | ... GA20: =GA2 -> 44505
B21: Prisma 2 | C21: {=LOOKUP(2,1/(I21:GA21<>""),I21:GA21)} -> 0.05 | D21: =D$12 -> 45 | F21: =(C21-I21)/I21 -> 0.66666667 | G21: {=(C21-IF(ISNA(INDEX(I21:GA21,D21-22)),INDEX(I21:GA21,D21-23),INDEX(I21:GA21,D21-22)))/IF(ISNA(INDEX(I21:GA21,D21-22)),INDEX(I21:GA21,D21-23),INDEX(I21:GA21,D21-22))} -> 0 | I21: =IF(I3=0,NA(),I3-ROUNDUP(I3*0.1,2)-ROUNDUP(I3*0.05,2)) -> 0.03 | J21: =IF(J3=0,NA(),J3-ROUNDUP(J3*0.1,2)-ROUNDUP(J3*0.05,2)) -> 0.03 | K21: =IF(K3=0,NA(),K3-ROUNDUP(K3*0.1,2)-ROUNDUP(K3*0.05,2)) -> #N/A | L21: =IF(L3=0,NA(),L3-ROUNDUP(L3*0.1,2)-ROUNDUP(L3*0.05,2)) -> 0.03 | M21: =IF(M3=0,NA(),M3-ROUNDUP(M3*0.1,2)-ROUNDUP(M3*0.05,2)) -> #N/A | N21: =IF(N3=0,NA(),N3-ROUNDUP(N3*0.1,2)-ROUNDUP(N3*0.05,2)) -> 0.04 | O21: =IF(O3=0,NA(),O3-ROUNDUP(O3*0.1,2)-ROUNDUP(O3*0.05,2)) -> 0.04 | P21: =IF(P3=0,NA(),P3-ROUNDUP(P3*0.1,2)-ROUNDUP(P3*0.05,2)) -> 0.04 | ... GA21: =IF(GA3=0,NA(),GA3-ROUNDUP(GA3*0.1,2)-ROUNDUP(GA3*0.05,2)) -> #N/A
B22: Danger Zone | C22: {=LOOKUP(2,1/(I22:GA22<>""),I22:GA22)} -> 0.06 | D22: =D$12 -> 45 | F22: =(C22-I22)/I22 -> 0.2 | G22: {=(C22-IF(ISNA(INDEX(I22:GA22,D22-22)),INDEX(I22:GA22,D22-23),INDEX(I22:GA22,D22-22)))/IF(ISNA(INDEX(I22:GA22,D22-22)),INDEX(I22:GA22,D22-23),INDEX(I22:GA22,D22-22))} -> 0 | I22: =IF(I4=0,NA(),I4-ROUNDUP(I4*0.1,2)-ROUNDUP(I4*0.05,2)) -> 0.05 | J22: =IF(J4=0,NA(),J4-ROUNDUP(J4*0.1,2)-ROUNDUP(J4*0.05,2)) -> 0.05 | K22: =IF(K4=0,NA(),K4-ROUNDUP(K4*0.1,2)-ROUNDUP(K4*0.05,2)) -> #N/A | L22: =IF(L4=0,NA(),L4-ROUNDUP(L4*0.1,2)-ROUNDUP(L4*0.05,2)) -> 0.05 | M22: =IF(M4=0,NA(),M4-ROUNDUP(M4*0.1,2)-ROUNDUP(M4*0.05,2)) -> #N/A | N22: =IF(N4=0,NA(),N4-ROUNDUP(N4*0.1,2)-ROUNDUP(N4*0.05,2)) -> 0.05 | O22: =IF(O4=0,NA(),O4-ROUNDUP(O4*0.1,2)-ROUNDUP(O4*0.05,2)) -> 0.05 | P22: =IF(P4=0,NA(),P4-ROUNDUP(P4*0.1,2)-ROUNDUP(P4*0.05,2)) -> 0.05 | ... GA22: =IF(GA4=0,NA(),GA4-ROUNDUP(GA4*0.1,2)-ROUNDUP(GA4*0.05,2)) -> #N/A
B23: Prisma | C23: {=LOOKUP(2,1/(I23:GA23<>""),I23:GA23)} -> 0.06 | D23: =D$12 -> 45 | F23: =(C23-I23)/I23 -> 0.2 | G23: {=(C23-IF(ISNA(INDEX(I23:GA23,D23-22)),INDEX(I23:GA23,D23-23),INDEX(I23:GA23,D23-22)))/IF(ISNA(INDEX(I23:GA23,D23-22)),INDEX(I23:GA23,D23-23),INDEX(I23:GA23,D23-22))} -> -0.25 | I23: =IF(I5=0,NA(),I5-ROUNDUP(I5*0.1,2)-ROUNDUP(I5*0.05,2)) -> 0.05 | J23: =IF(J5=0,NA(),J5-ROUNDUP(J5*0.1,2)-ROUNDUP(J5*0.05,2)) -> 0.05 | K23: =IF(K5=0,NA(),K5-ROUNDUP(K5*0.1,2)-ROUNDUP(K5*0.05,2)) -> #N/A | L23: =IF(L5=0,NA(),L5-ROUNDUP(L5*0.1,2)-ROUNDUP(L5*0.05,2)) -> 0.05 | M23: =IF(M5=0,NA(),M5-ROUNDUP(M5*0.1,2)-ROUNDUP(M5*0.05,2)) -> #N/A | N23: =IF(N5=0,NA(),N5-ROUNDUP(N5*0.1,2)-ROUNDUP(N5*0.05,2)) -> 0.05 | O23: =IF(O5=0,NA(),O5-ROUNDUP(O5*0.1,2)-ROUNDUP(O5*0.05,2)) -> 0.05 | P23: =IF(P5=0,NA(),P5-ROUNDUP(P5*0.1,2)-ROUNDUP(P5*0.05,2)) -> 0.05 | ... GA23: =IF(GA5=0,NA(),GA5-ROUNDUP(GA5*0.1,2)-ROUNDUP(GA5*0.05,2)) -> #N/A
B24: Horizon | C24: {=LOOKUP(2,1/(I24:GA24<>""),I24:GA24)} -> 0.09 | D24: =D$12 -> 45 | F24: =(C24-I24)/I24 -> 0.8 | G24: {=(C24-IF(ISNA(INDEX(I24:GA24,D24-22)),INDEX(I24:GA24,D24-23),INDEX(I24:GA24,D24-22)))/IF(ISNA(INDEX(I24:GA24,D24-22)),INDEX(I24:GA24,D24-23),INDEX(I24:GA24,D24-22))} -> 0.125 | I24: =IF(I6=0,NA(),I6-ROUNDUP(I6*0.1,2)-ROUNDUP(I6*0.05,2)) -> 0.05 | J24: =IF(J6=0,NA(),J6-ROUNDUP(J6*0.1,2)-ROUNDUP(J6*0.05,2)) -> 0.05 | K24: =IF(K6=0,NA(),K6-ROUNDUP(K6*0.1,2)-ROUNDUP(K6*0.05,2)) -> #N/A | L24: =IF(L6=0,NA(),L6-ROUNDUP(L6*0.1,2)-ROUNDUP(L6*0.05,2)) -> 0.05 | M24: =IF(M6=0,NA(),M6-ROUNDUP(M6*0.1,2)-ROUNDUP(M6*0.05,2)) -> #N/A | N24: =IF(N6=0,NA(),N6-ROUNDUP(N6*0.1,2)-ROUNDUP(N6*0.05,2)) -> 0.05 | O24: =IF(O6=0,NA(),O6-ROUNDUP(O6*0.1,2)-ROUNDUP(O6*0.05,2)) -> 0.05 | P24: =IF(P6=0,NA(),P6-ROUNDUP(P6*0.1,2)-ROUNDUP(P6*0.05,2)) -> 0.05 | ... GA24: =IF(GA6=0,NA(),GA6-ROUNDUP(GA6*0.1,2)-ROUNDUP(GA6*0.05,2)) -> #N/A
B25: CS20 | C25: {=LOOKUP(2,1/(I25:GA25<>""),I25:GA25)} -> 0.16 | D25: =D$12 -> 45 | F25: =(C25-I25)/I25 -> 1.6666667 | G25: {=(C25-IF(ISNA(INDEX(I25:GA25,D25-22)),INDEX(I25:GA25,D25-23),INDEX(I25:GA25,D25-22)))/IF(ISNA(INDEX(I25:GA25,D25-22)),INDEX(I25:GA25,D25-23),INDEX(I25:GA25,D25-22))} -> 0.14285714 | I25: =IF(I7=0,NA(),I7-ROUNDUP(I7*0.1,2)-ROUNDUP(I7*0.05,2)) -> 0.06 | J25: =IF(J7=0,NA(),J7-ROUNDUP(J7*0.1,2)-ROUNDUP(J7*0.05,2)) -> 0.06 | K25: =IF(K7=0,NA(),K7-ROUNDUP(K7*0.1,2)-ROUNDUP(K7*0.05,2)) -> #N/A | L25: =IF(L7=0,NA(),L7-ROUNDUP(L7*0.1,2)-ROUNDUP(L7*0.05,2)) -> 0.06 | M25: =IF(M7=0,NA(),M7-ROUNDUP(M7*0.1,2)-ROUNDUP(M7*0.05,2)) -> #N/A | N25: =IF(N7=0,NA(),N7-ROUNDUP(N7*0.1,2)-ROUNDUP(N7*0.05,2)) -> 0.06 | O25: =IF(O7=0,NA(),O7-ROUNDUP(O7*0.1,2)-ROUNDUP(O7*0.05,2)) -> 0.06 | P25: =IF(P7=0,NA(),P7-ROUNDUP(P7*0.1,2)-ROUNDUP(P7*0.05,2)) -> 0.06 | ... GA25: =IF(GA7=0,NA(),GA7-ROUNDUP(GA7*0.1,2)-ROUNDUP(GA7*0.05,2)) -> #N/A
B26: Fracture | C26: {=LOOKUP(2,1/(I26:GA26<>""),I26:GA26)} -> 0.25 | D26: =D$12 -> 45 | F26: =(C26-I26)/I26 -> -0.13793103 | G26: {=(C26-IF(ISNA(INDEX(I26:GA26,D26-22)),INDEX(I26:GA26,D26-23),INDEX(I26:GA26,D26-22)))/IF(ISNA(INDEX(I26:GA26,D26-22)),INDEX(I26:GA26,D26-23),INDEX(I26:GA26,D26-22))} -> -0.038461538 | I26: =IF(I8=0,NA(),I8-ROUNDUP(I8*0.1,2)-ROUNDUP(I8*0.05,2)) -> 0.29 | J26: =IF(J8=0,NA(),J8-ROUNDUP(J8*0.1,2)-ROUNDUP(J8*0.05,2)) -> 0.29 | K26: =IF(K8=0,NA(),K8-ROUNDUP(K8*0.1,2)-ROUNDUP(K8*0.05,2)) -> #N/A | L26: =IF(L8=0,NA(),L8-ROUNDUP(L8*0.1,2)-ROUNDUP(L8*0.05,2)) -> 0.29 | M26: =IF(M8=0,NA(),M8-ROUNDUP(M8*0.1,2)-ROUNDUP(M8*0.05,2)) -> #N/A | N26: =IF(N8=0,NA(),N8-ROUNDUP(N8*0.1,2)-ROUNDUP(N8*0.05,2)) -> 0.25 | O26: =IF(O8=0,NA(),O8-ROUNDUP(O8*0.1,2)-ROUNDUP(O8*0.05,2)) -> 0.25 | P26: =IF(P8=0,NA(),P8-ROUNDUP(P8*0.1,2)-ROUNDUP(P8*0.05,2)) -> 0.28 | ... GA26: =IF(GA8=0,NA(),GA8-ROUNDUP(GA8*0.1,2)-ROUNDUP(GA8*0.05,2)) -> #N/A
B27: Clutch | C27: {=LOOKUP(2,1/(I27:GA27<>""),I27:GA27)} -> 0.28 | D27: =D$12 -> 45 | F27: =(C27-I27)/I27 -> 0.75 | G27: {=(C27-IF(ISNA(INDEX(I27:GA27,D27-22)),INDEX(I27:GA27,D27-23),INDEX(I27:GA27,D27-22)))/IF(ISNA(INDEX(I27:GA27,D27-22)),INDEX(I27:GA27,D27-23),INDEX(I27:GA27,D27-22))} -> 0.12 | I27: =IF(I9=0,NA(),I9-ROUNDUP(I9*0.1,2)-ROUNDUP(I9*0.05,2)) -> 0.16 | J27: =IF(J9=0,NA(),J9-ROUNDUP(J9*0.1,2)-ROUNDUP(J9*0.05,2)) -> 0.16 | K27: =IF(K9=0,NA(),K9-ROUNDUP(K9*0.1,2)-ROUNDUP(K9*0.05,2)) -> #N/A | L27: =IF(L9=0,NA(),L9-ROUNDUP(L9*0.1,2)-ROUNDUP(L9*0.05,2)) -> 0.16 | M27: =IF(M9=0,NA(),M9-ROUNDUP(M9*0.1,2)-ROUNDUP(M9*0.05,2)) -> #N/A | N27: =IF(N9=0,NA(),N9-ROUNDUP(N9*0.1,2)-ROUNDUP(N9*0.05,2)) -> 0.16 | O27: =IF(O9=0,NA(),O9-ROUNDUP(O9*0.1,2)-ROUNDUP(O9*0.05,2)) -> 0.16 | P27: =IF(P9=0,NA(),P9-ROUNDUP(P9*0.1,2)-ROUNDUP(P9*0.05,2)) -> 0.16 | ... GA27: =IF(GA9=0,NA(),GA9-ROUNDUP(GA9*0.1,2)-ROUNDUP(GA9*0.05,2)) -> #N/A
B28: Spectrum 2 | C28: {=LOOKUP(2,1/(I28:GA28<>""),I28:GA28)} -> 0.31 | D28: =D$12 -> 45 | F28: =(C28-I28)/I28 -> 1.2142857 | G28: {=(C28-IF(ISNA(INDEX(I28:GA28,D28-22)),INDEX(I28:GA28,D28-23),INDEX(I28:GA28,D28-22)))/IF(ISNA(INDEX(I28:GA28,D28-22)),INDEX(I28:GA28,D28-23),INDEX(I28:GA28,D28-22))} -> 0.10714286 | I28: =IF(I10=0,NA(),I10-ROUNDUP(I10*0.1,2)-ROUNDUP(I10*0.05,2)) -> 0.14 | J28: =IF(J10=0,NA(),J10-ROUNDUP(J10*0.1,2)-ROUNDUP(J10*0.05,2)) -> 0.14 | K28: =IF(K10=0,NA(),K10-ROUNDUP(K10*0.1,2)-ROUNDUP(K10*0.05,2)) -> #N/A | L28: =IF(L10=0,NA(),L10-ROUNDUP(L10*0.1,2)-ROUNDUP(L10*0.05,2)) -> 0.16 | M28: =IF(M10=0,NA(),M10-ROUNDUP(M10*0.1,2)-ROUNDUP(M10*0.05,2)) -> #N/A | N28: =IF(N10=0,NA(),N10-ROUNDUP(N10*0.1,2)-ROUNDUP(N10*0.05,2)) -> 0.16 | O28: =IF(O10=0,NA(),O10-ROUNDUP(O10*0.1,2)-ROUNDUP(O10*0.05,2)) -> 0.14 | P28: =IF(P10=0,NA(),P10-ROUNDUP(P10*0.1,2)-ROUNDUP(P10*0.05,2)) -> 0.15 | ... GA28: =IF(GA10=0,NA(),GA10-ROUNDUP(GA10*0.1,2)-ROUNDUP(GA10*0.05,2)) -> #N/A
B29: Spectrum | C29: {=LOOKUP(2,1/(I29:GA29<>""),I29:GA29)} -> 0.59 | D29: =D$12 -> 45 | F29: =(C29-I29)/I29 -> 0.18 | G29: {=(C29-IF(ISNA(INDEX(I29:GA29,D29-22)),INDEX(I29:GA29,D29-23),INDEX(I29:GA29,D29-22)))/IF(ISNA(INDEX(I29:GA29,D29-22)),INDEX(I29:GA29,D29-23),INDEX(I29:GA29,D29-22))} -> -0.032786885 | I29: =IF(I11=0,NA(),I11-ROUNDUP(I11*0.1,2)-ROUNDUP(I11*0.05,2)) -> 0.5 | J29: =IF(J11=0,NA(),J11-ROUNDUP(J11*0.1,2)-ROUNDUP(J11*0.05,2)) -> 0.49 | K29: =IF(K11=0,NA(),K11-ROUNDUP(K11*0.1,2)-ROUNDUP(K11*0.05,2)) -> #N/A | L29: =IF(L11=0,NA(),L11-ROUNDUP(L11*0.1,2)-ROUNDUP(L11*0.05,2)) -> 0.46 | M29: =IF(M11=0,NA(),M11-ROUNDUP(M11*0.1,2)-ROUNDUP(M11*0.05,2)) -> #N/A | N29: =IF(N11=0,NA(),N11-ROUNDUP(N11*0.1,2)-ROUNDUP(N11*0.05,2)) -> 0.44 | O29: =IF(O11=0,NA(),O11-ROUNDUP(O11*0.1,2)-ROUNDUP(O11*0.05,2)) -> 0.51 | P29: =IF(P11=0,NA(),P11-ROUNDUP(P11*0.1,2)-ROUNDUP(P11*0.05,2)) -> 0.51 | ... GA29: =IF(GA11=0,NA(),GA11-ROUNDUP(GA11*0.1,2)-ROUNDUP(GA11*0.05,2)) -> #N/A
B30: Shattered Web | C30: {=LOOKUP(2,1/(I30:GA30<>""),I30:GA30)} -> 1.08 | D30: =D$12 -> 45 | F30: =(C30-I30)/I30 -> 0.14893617 | G30: {=(C30-IF(ISNA(INDEX(I30:GA30,D30-22)),INDEX(I30:GA30,D30-23),INDEX(I30:GA30,D30-22)))/IF(ISNA(INDEX(I30:GA30,D30-22)),INDEX(I30:GA30,D30-23),INDEX(I30:GA30,D30-22))} -> -0.12195122 | I30: =IF(I12=0,NA(),I12-ROUNDUP(I12*0.1,2)-ROUNDUP(I12*0.05,2)) -> 0.94 | J30: =IF(J12=0,NA(),J12-ROUNDUP(J12*0.1,2)-ROUNDUP(J12*0.05,2)) -> 0.94 | K30: =IF(K12=0,NA(),K12-ROUNDUP(K12*0.1,2)-ROUNDUP(K12*0.05,2)) -> #N/A | L30: =IF(L12=0,NA(),L12-ROUNDUP(L12*0.1,2)-ROUNDUP(L12*0.05,2)) -> 1.02 | M30: =IF(M12=0,NA(),M12-ROUNDUP(M12*0.1,2)-ROUNDUP(M12*0.05,2)) -> #N/A | N30: =IF(N12=0,NA(),N12-ROUNDUP(N12*0.1,2)-ROUNDUP(N12*0.05,2)) -> 1.04 | O30: =IF(O12=0,NA(),O12-ROUNDUP(O12*0.1,2)-ROUNDUP(O12*0.05,2)) -> 1.01 | P30: =IF(P12=0,NA(),P12-ROUNDUP(P12*0.1,2)-ROUNDUP(P12*0.05,2)) -> 1.06 | ... GA30: =IF(GA12=0,NA(),GA12-ROUNDUP(GA12*0.1,2)-ROUNDUP(GA12*0.05,2)) -> #N/A
A34: Investments
I35: =I20 -> 44331 | J35: =J20 -> 44332 | K35: =K20 -> 44333 | L35: =L20 -> 44334 | M35: =M20 -> 44335 | N35: =N20 -> 44336 | O35: =O20 -> 44337 | P35: =P20 -> 44338 | ... GA35: =GA20 -> 44505
A36: 2000 | B36: Prisma 2 | C36: {=LOOKUP(2,1/(I36:GA36<>""),I36:GA36)} -> 0.07 | D36: =D$12 -> 45 | F36: =(C36-I36)/I36 -> 0.4 | G36: {=(C36-IF(ISNA(INDEX(I36:GA36,D36-22)),INDEX(I36:GA36,D36-23),INDEX(I36:GA36,D36-22)))/IF(ISNA(INDEX(I36:GA36,D36-22)),INDEX(I36:GA36,D36-23),INDEX(I36:GA36,D36-22))} -> 0 | I36: =IF($B36=$B$3,IF(ISBLANK(I$3),NA(),I$3),IF($B36=$B$4,IF(ISBLANK(I$4),NA(),I$4),IF($B36=$B$5,IF(ISBLANK(I$5),NA(),I$5),IF($B36=$B$6,IF(ISBLANK(I$6),NA(),I$6),IF($B36=$B$7,IF(ISBLANK(I$7),NA(),I$7),IF($B36=$B$8,IF(ISBLANK(I$8),NA(),I$8),IF($B36=$B$9,IF(ISBLANK(I$9),NA(),I$9),IF($B36=$B$10,IF(ISBLANK(I$10),NA(),I$10),IF($B36=$B$11,IF(ISBLANK(I$11),NA(),I$11),IF($B36=$B$12,IF(ISBLANK(I$12),NA(),I$12),0)))))))))) -> 0.05 | J36: =IF($B36=$B$3,IF(ISBLANK(J$3),NA(),J$3),IF($B36=$B$4,IF(ISBLANK(J$4),NA(),J$4),IF($B36=$B$5,IF(ISBLANK(J$5),NA(),J$5),IF($B36=$B$6,IF(ISBLANK(J$6),NA(),J$6),IF($B36=$B$7,IF(ISBLANK(J$7),NA(),J$7),IF($B36=$B$8,IF(ISBLANK(J$8),NA(),J$8),IF($B36=$B$9,IF(ISBLANK(J$9),NA(),J$9),IF($B36=$B$10,IF(ISBLANK(J$10),NA(),J$10),IF($B36=$B$11,IF(ISBLANK(J$11),NA(),J$11),IF($B36=$B$12,IF(ISBLANK(J$12),NA(),J$12),0)))))))))) -> 0.05 | K36: =IF($B36=$B$3,IF(ISBLANK(K$3),NA(),K$3),IF($B36=$B$4,IF(ISBLANK(K$4),NA(),K$4),IF($B36=$B$5,IF(ISBLANK(K$5),NA(),K$5),IF($B36=$B$6,IF(ISBLANK(K$6),NA(),K$6),IF($B36=$B$7,IF(ISBLANK(K$7),NA(),K$7),IF($B36=$B$8,IF(ISBLANK(K$8),NA(),K$8),IF($B36=$B$9,IF(ISBLANK(K$9),NA(),K$9),IF($B36=$B$10,IF(ISBLANK(K$10),NA(),K$10),IF($B36=$B$11,IF(ISBLANK(K$11),NA(),K$11),IF($B36=$B$12,IF(ISBLANK(K$12),NA(),K$12),0)))))))))) -> #N/A | L36: =IF($B36=$B$3,IF(ISBLANK(L$3),NA(),L$3),IF($B36=$B$4,IF(ISBLANK(L$4),NA(),L$4),IF($B36=$B$5,IF(ISBLANK(L$5),NA(),L$5),IF($B36=$B$6,IF(ISBLANK(L$6),NA(),L$6),IF($B36=$B$7,IF(ISBLANK(L$7),NA(),L$7),IF($B36=$B$8,IF(ISBLANK(L$8),NA(),L$8),IF($B36=$B$9,IF(ISBLANK(L$9),NA(),L$9),IF($B36=$B$10,IF(ISBLANK(L$10),NA(),L$10),IF($B36=$B$11,IF(ISBLANK(L$11),NA(),L$11),IF($B36=$B$12,IF(ISBLANK(L$12),NA(),L$12),0)))))))))) -> 0.05 | M36: =IF($B36=$B$3,IF(ISBLANK(M$3),NA(),M$3),IF($B36=$B$4,IF(ISBLANK(M$4),NA(),M$4),IF($B36=$B$5,IF(ISBLANK(M$5),NA(),M$5),IF($B36=$B$6,IF(ISBLANK(M$6),NA(),M$6),IF($B36=$B$7,IF(ISBLANK(M$7),NA(),M$7),IF($B36=$B$8,IF(ISBLANK(M$8),NA(),M$8),IF($B36=$B$9,IF(ISBLANK(M$9),NA(),M$9),IF($B36=$B$10,IF(ISBLANK(M$10),NA(),M$10),IF($B36=$B$11,IF(ISBLANK(M$11),NA(),M$11),IF($B36=$B$12,IF(ISBLANK(M$12),NA(),M$12),0)))))))))) -> #N/A | N36: =IF($B36=$B$3,IF(ISBLANK(N$3),NA(),N$3),IF($B36=$B$4,IF(ISBLANK(N$4),NA(),N$4),IF($B36=$B$5,IF(ISBLANK(N$5),NA(),N$5),IF($B36=$B$6,IF(ISBLANK(N$6),NA(),N$6),IF($B36=$B$7,IF(ISBLANK(N$7),NA(),N$7),IF($B36=$B$8,IF(ISBLANK(N$8),NA(),N$8),IF($B36=$B$9,IF(ISBLANK(N$9),NA(),N$9),IF($B36=$B$10,IF(ISBLANK(N$10),NA(),N$10),IF($B36=$B$11,IF(ISBLANK(N$11),NA(),N$11),IF($B36=$B$12,IF(ISBLANK(N$12),NA(),N$12),0)))))))))) -> 0.06 | O36: =IF($B36=$B$3,IF(ISBLANK(O$3),NA(),O$3),IF($B36=$B$4,IF(ISBLANK(O$4),NA(),O$4),IF($B36=$B$5,IF(ISBLANK(O$5),NA(),O$5),IF($B36=$B$6,IF(ISBLANK(O$6),NA(),O$6),IF($B36=$B$7,IF(ISBLANK(O$7),NA(),O$7),IF($B36=$B$8,IF(ISBLANK(O$8),NA(),O$8),IF($B36=$B$9,IF(ISBLANK(O$9),NA(),O$9),IF($B36=$B$10,IF(ISBLANK(O$10),NA(),O$10),IF($B36=$B$11,IF(ISBLANK(O$11),NA(),O$11),IF($B36=$B$12,IF(ISBLANK(O$12),NA(),O$12),0)))))))))) -> 0.06 | P36: =IF($B36=$B$3,IF(ISBLANK(P$3),NA(),P$3),IF($B36=$B$4,IF(ISBLANK(P$4),NA(),P$4),IF($B36=$B$5,IF(ISBLANK(P$5),NA(),P$5),IF($B36=$B$6,IF(ISBLANK(P$6),NA(),P$6),IF($B36=$B$7,IF(ISBLANK(P$7),NA(),P$7),IF($B36=$B$8,IF(ISBLANK(P$8),NA(),P$8),IF($B36=$B$9,IF(ISBLANK(P$9),NA(),P$9),IF($B36=$B$10,IF(ISBLANK(P$10),NA(),P$10),IF($B36=$B$11,IF(ISBLANK(P$11),NA(),P$11),IF($B36=$B$12,IF(ISBLANK(P$12),NA(),P$12),0)))))))))) -> 0.06 | ... GA36: =IF($B36=$B$3,IF(ISBLANK(GA$3),NA(),GA$3),IF($B36=$B$4,IF(ISBLANK(GA$4),NA(),GA$4),IF($B36=$B$5,IF(ISBLANK(GA$5),NA(),GA$5),IF($B36=$B$6,IF(ISBLANK(GA$6),NA(),GA$6),IF($B36=$B$7,IF(ISBLANK(GA$7),NA(),GA$7),IF($B36=$B$8,IF(ISBLANK(GA$8),NA(),GA$8),IF($B36=$B$9,IF(ISBLANK(GA$9),NA(),GA$9),IF($B36=$B$10,IF(ISBLANK(GA$10),NA(),GA$10),IF($B36=$B$11,IF(ISBLANK(GA$11),NA(),GA$11),IF($B36=$B$12,IF(ISBLANK(GA$12),NA(),GA$12),0)))))))))) -> #N/A
A37: 1000 | B37: Danger Zone | C37: {=LOOKUP(2,1/(I37:GA37<>""),I37:GA37)} -> 0.08 | D37: =D$12 -> 45 | F37: =(C37-I37)/I37 -> 0.14285714 | G37: {=(C37-IF(ISNA(INDEX(I37:GA37,D37-22)),INDEX(I37:GA37,D37-23),INDEX(I37:GA37,D37-22)))/IF(ISNA(INDEX(I37:GA37,D37-22)),INDEX(I37:GA37,D37-23),INDEX(I37:GA37,D37-22))} -> 0 | I37: =IF($B37=$B$3,IF(ISBLANK(I$3),NA(),I$3),IF($B37=$B$4,IF(ISBLANK(I$4),NA(),I$4),IF($B37=$B$5,IF(ISBLANK(I$5),NA(),I$5),IF($B37=$B$6,IF(ISBLANK(I$6),NA(),I$6),IF($B37=$B$7,IF(ISBLANK(I$7),NA(),I$7),IF($B37=$B$8,IF(ISBLANK(I$8),NA(),I$8),IF($B37=$B$9,IF(ISBLANK(I$9),NA(),I$9),IF($B37=$B$10,IF(ISBLANK(I$10),NA(),I$10),IF($B37=$B$11,IF(ISBLANK(I$11),NA(),I$11),IF($B37=$B$12,IF(ISBLANK(I$12),NA(),I$12),0)))))))))) -> 0.07 | J37: =IF($B37=$B$3,IF(ISBLANK(J$3),NA(),J$3),IF($B37=$B$4,IF(ISBLANK(J$4),NA(),J$4),IF($B37=$B$5,IF(ISBLANK(J$5),NA(),J$5),IF($B37=$B$6,IF(ISBLANK(J$6),NA(),J$6),IF($B37=$B$7,IF(ISBLANK(J$7),NA(),J$7),IF($B37=$B$8,IF(ISBLANK(J$8),NA(),J$8),IF($B37=$B$9,IF(ISBLANK(J$9),NA(),J$9),IF($B37=$B$10,IF(ISBLANK(J$10),NA(),J$10),IF($B37=$B$11,IF(ISBLANK(J$11),NA(),J$11),IF($B37=$B$12,IF(ISBLANK(J$12),NA(),J$12),0)))))))))) -> 0.07 | K37: =IF($B37=$B$3,IF(ISBLANK(K$3),NA(),K$3),IF($B37=$B$4,IF(ISBLANK(K$4),NA(),K$4),IF($B37=$B$5,IF(ISBLANK(K$5),NA(),K$5),IF($B37=$B$6,IF(ISBLANK(K$6),NA(),K$6),IF($B37=$B$7,IF(ISBLANK(K$7),NA(),K$7),IF($B37=$B$8,IF(ISBLANK(K$8),NA(),K$8),IF($B37=$B$9,IF(ISBLANK(K$9),NA(),K$9),IF($B37=$B$10,IF(ISBLANK(K$10),NA(),K$10),IF($B37=$B$11,IF(ISBLANK(K$11),NA(),K$11),IF($B37=$B$12,IF(ISBLANK(K$12),NA(),K$12),0)))))))))) -> #N/A | L37: =IF($B37=$B$3,IF(ISBLANK(L$3),NA(),L$3),IF($B37=$B$4,IF(ISBLANK(L$4),NA(),L$4),IF($B37=$B$5,IF(ISBLANK(L$5),NA(),L$5),IF($B37=$B$6,IF(ISBLANK(L$6),NA(),L$6),IF($B37=$B$7,IF(ISBLANK(L$7),NA(),L$7),IF($B37=$B$8,IF(ISBLANK(L$8),NA(),L$8),IF($B37=$B$9,IF(ISBLANK(L$9),NA(),L$9),IF($B37=$B$10,IF(ISBLANK(L$10),NA(),L$10),IF($B37=$B$11,IF(ISBLANK(L$11),NA(),L$11),IF($B37=$B$12,IF(ISBLANK(L$12),NA(),L$12),0)))))))))) -> 0.07 | M37: =IF($B37=$B$3,IF(ISBLANK(M$3),NA(),M$3),IF($B37=$B$4,IF(ISBLANK(M$4),NA(),M$4),IF($B37=$B$5,IF(ISBLANK(M$5),NA(),M$5),IF($B37=$B$6,IF(ISBLANK(M$6),NA(),M$6),IF($B37=$B$7,IF(ISBLANK(M$7),NA(),M$7),IF($B37=$B$8,IF(ISBLANK(M$8),NA(),M$8),IF($B37=$B$9,IF(ISBLANK(M$9),NA(),M$9),IF($B37=$B$10,IF(ISBLANK(M$10),NA(),M$10),IF($B37=$B$11,IF(ISBLANK(M$11),NA(),M$11),IF($B37=$B$12,IF(ISBLANK(M$12),NA(),M$12),0)))))))))) -> #N/A | N37: =IF($B37=$B$3,IF(ISBLANK(N$3),NA(),N$3),IF($B37=$B$4,IF(ISBLANK(N$4),NA(),N$4),IF($B37=$B$5,IF(ISBLANK(N$5),NA(),N$5),IF($B37=$B$6,IF(ISBLANK(N$6),NA(),N$6),IF($B37=$B$7,IF(ISBLANK(N$7),NA(),N$7),IF($B37=$B$8,IF(ISBLANK(N$8),NA(),N$8),IF($B37=$B$9,IF(ISBLANK(N$9),NA(),N$9),IF($B37=$B$10,IF(ISBLANK(N$10),NA(),N$10),IF($B37=$B$11,IF(ISBLANK(N$11),NA(),N$11),IF($B37=$B$12,IF(ISBLANK(N$12),NA(),N$12),0)))))))))) -> 0.07 | O37: =IF($B37=$B$3,IF(ISBLANK(O$3),NA(),O$3),IF($B37=$B$4,IF(ISBLANK(O$4),NA(),O$4),IF($B37=$B$5,IF(ISBLANK(O$5),NA(),O$5),IF($B37=$B$6,IF(ISBLANK(O$6),NA(),O$6),IF($B37=$B$7,IF(ISBLANK(O$7),NA(),O$7),IF($B37=$B$8,IF(ISBLANK(O$8),NA(),O$8),IF($B37=$B$9,IF(ISBLANK(O$9),NA(),O$9),IF($B37=$B$10,IF(ISBLANK(O$10),NA(),O$10),IF($B37=$B$11,IF(ISBLANK(O$11),NA(),O$11),IF($B37=$B$12,IF(ISBLANK(O$12),NA(),O$12),0)))))))))) -> 0.07 | P37: =IF($B37=$B$3,IF(ISBLANK(P$3),NA(),P$3),IF($B37=$B$4,IF(ISBLANK(P$4),NA(),P$4),IF($B37=$B$5,IF(ISBLANK(P$5),NA(),P$5),IF($B37=$B$6,IF(ISBLANK(P$6),NA(),P$6),IF($B37=$B$7,IF(ISBLANK(P$7),NA(),P$7),IF($B37=$B$8,IF(ISBLANK(P$8),NA(),P$8),IF($B37=$B$9,IF(ISBLANK(P$9),NA(),P$9),IF($B37=$B$10,IF(ISBLANK(P$10),NA(),P$10),IF($B37=$B$11,IF(ISBLANK(P$11),NA(),P$11),IF($B37=$B$12,IF(ISBLANK(P$12),NA(),P$12),0)))))))))) -> 0.07 | ... GA37: =IF($B37=$B$3,IF(ISBLANK(GA$3),NA(),GA$3),IF($B37=$B$4,IF(ISBLANK(GA$4),NA(),GA$4),IF($B37=$B$5,IF(ISBLANK(GA$5),NA(),GA$5),IF($B37=$B$6,IF(ISBLANK(GA$6),NA(),GA$6),IF($B37=$B$7,IF(ISBLANK(GA$7),NA(),GA$7),IF($B37=$B$8,IF(ISBLANK(GA$8),NA(),GA$8),IF($B37=$B$9,IF(ISBLANK(GA$9),NA(),GA$9),IF($B37=$B$10,IF(ISBLANK(GA$10),NA(),GA$10),IF($B37=$B$11,IF(ISBLANK(GA$11),NA(),GA$11),IF($B37=$B$12,IF(ISBLANK(GA$12),NA(),GA$12),0)))))))))) -> #N/A
A38: 2000 | B38: Horizon | C38: {=LOOKUP(2,1/(I38:GA38<>""),I38:GA38)} -> 0.12 | D38: =D$12 -> 45 | F38: =(C38-I38)/I38 -> 0.71428571 | G38: {=(C38-IF(ISNA(INDEX(I38:GA38,D38-22)),INDEX(I38:GA38,D38-23),INDEX(I38:GA38,D38-22)))/IF(ISNA(INDEX(I38:GA38,D38-22)),INDEX(I38:GA38,D38-23),INDEX(I38:GA38,D38-22))} -> 0.090909091 | I38: =IF($B38=$B$3,IF(ISBLANK(I$3),NA(),I$3),IF($B38=$B$4,IF(ISBLANK(I$4),NA(),I$4),IF($B38=$B$5,IF(ISBLANK(I$5),NA(),I$5),IF($B38=$B$6,IF(ISBLANK(I$6),NA(),I$6),IF($B38=$B$7,IF(ISBLANK(I$7),NA(),I$7),IF($B38=$B$8,IF(ISBLANK(I$8),NA(),I$8),IF($B38=$B$9,IF(ISBLANK(I$9),NA(),I$9),IF($B38=$B$10,IF(ISBLANK(I$10),NA(),I$10),IF($B38=$B$11,IF(ISBLANK(I$11),NA(),I$11),IF($B38=$B$12,IF(ISBLANK(I$12),NA(),I$12),0)))))))))) -> 0.07 | J38: =IF($B38=$B$3,IF(ISBLANK(J$3),NA(),J$3),IF($B38=$B$4,IF(ISBLANK(J$4),NA(),J$4),IF($B38=$B$5,IF(ISBLANK(J$5),NA(),J$5),IF($B38=$B$6,IF(ISBLANK(J$6),NA(),J$6),IF($B38=$B$7,IF(ISBLANK(J$7),NA(),J$7),IF($B38=$B$8,IF(ISBLANK(J$8),NA(),J$8),IF($B38=$B$9,IF(ISBLANK(J$9),NA(),J$9),IF($B38=$B$10,IF(ISBLANK(J$10),NA(),J$10),IF($B38=$B$11,IF(ISBLANK(J$11),NA(),J$11),IF($B38=$B$12,IF(ISBLANK(J$12),NA(),J$12),0)))))))))) -> 0.07 | K38: =IF($B38=$B$3,IF(ISBLANK(K$3),NA(),K$3),IF($B38=$B$4,IF(ISBLANK(K$4),NA(),K$4),IF($B38=$B$5,IF(ISBLANK(K$5),NA(),K$5),IF($B38=$B$6,IF(ISBLANK(K$6),NA(),K$6),IF($B38=$B$7,IF(ISBLANK(K$7),NA(),K$7),IF($B38=$B$8,IF(ISBLANK(K$8),NA(),K$8),IF($B38=$B$9,IF(ISBLANK(K$9),NA(),K$9),IF($B38=$B$10,IF(ISBLANK(K$10),NA(),K$10),IF($B38=$B$11,IF(ISBLANK(K$11),NA(),K$11),IF($B38=$B$12,IF(ISBLANK(K$12),NA(),K$12),0)))))))))) -> #N/A | L38: =IF($B38=$B$3,IF(ISBLANK(L$3),NA(),L$3),IF($B38=$B$4,IF(ISBLANK(L$4),NA(),L$4),IF($B38=$B$5,IF(ISBLANK(L$5),NA(),L$5),IF($B38=$B$6,IF(ISBLANK(L$6),NA(),L$6),IF($B38=$B$7,IF(ISBLANK(L$7),NA(),L$7),IF($B38=$B$8,IF(ISBLANK(L$8),NA(),L$8),IF($B38=$B$9,IF(ISBLANK(L$9),NA(),L$9),IF($B38=$B$10,IF(ISBLANK(L$10),NA(),L$10),IF($B38=$B$11,IF(ISBLANK(L$11),NA(),L$11),IF($B38=$B$12,IF(ISBLANK(L$12),NA(),L$12),0)))))))))) -> 0.07 | M38: =IF($B38=$B$3,IF(ISBLANK(M$3),NA(),M$3),IF($B38=$B$4,IF(ISBLANK(M$4),NA(),M$4),IF($B38=$B$5,IF(ISBLANK(M$5),NA(),M$5),IF($B38=$B$6,IF(ISBLANK(M$6),NA(),M$6),IF($B38=$B$7,IF(ISBLANK(M$7),NA(),M$7),IF($B38=$B$8,IF(ISBLANK(M$8),NA(),M$8),IF($B38=$B$9,IF(ISBLANK(M$9),NA(),M$9),IF($B38=$B$10,IF(ISBLANK(M$10),NA(),M$10),IF($B38=$B$11,IF(ISBLANK(M$11),NA(),M$11),IF($B38=$B$12,IF(ISBLANK(M$12),NA(),M$12),0)))))))))) -> #N/A | N38: =IF($B38=$B$3,IF(ISBLANK(N$3),NA(),N$3),IF($B38=$B$4,IF(ISBLANK(N$4),NA(),N$4),IF($B38=$B$5,IF(ISBLANK(N$5),NA(),N$5),IF($B38=$B$6,IF(ISBLANK(N$6),NA(),N$6),IF($B38=$B$7,IF(ISBLANK(N$7),NA(),N$7),IF($B38=$B$8,IF(ISBLANK(N$8),NA(),N$8),IF($B38=$B$9,IF(ISBLANK(N$9),NA(),N$9),IF($B38=$B$10,IF(ISBLANK(N$10),NA(),N$10),IF($B38=$B$11,IF(ISBLANK(N$11),NA(),N$11),IF($B38=$B$12,IF(ISBLANK(N$12),NA(),N$12),0)))))))))) -> 0.07 | O38: =IF($B38=$B$3,IF(ISBLANK(O$3),NA(),O$3),IF($B38=$B$4,IF(ISBLANK(O$4),NA(),O$4),IF($B38=$B$5,IF(ISBLANK(O$5),NA(),O$5),IF($B38=$B$6,IF(ISBLANK(O$6),NA(),O$6),IF($B38=$B$7,IF(ISBLANK(O$7),NA(),O$7),IF($B38=$B$8,IF(ISBLANK(O$8),NA(),O$8),IF($B38=$B$9,IF(ISBLANK(O$9),NA(),O$9),IF($B38=$B$10,IF(ISBLANK(O$10),NA(),O$10),IF($B38=$B$11,IF(ISBLANK(O$11),NA(),O$11),IF($B38=$B$12,IF(ISBLANK(O$12),NA(),O$12),0)))))))))) -> 0.07 | P38: =IF($B38=$B$3,IF(ISBLANK(P$3),NA(),P$3),IF($B38=$B$4,IF(ISBLANK(P$4),NA(),P$4),IF($B38=$B$5,IF(ISBLANK(P$5),NA(),P$5),IF($B38=$B$6,IF(ISBLANK(P$6),NA(),P$6),IF($B38=$B$7,IF(ISBLANK(P$7),NA(),P$7),IF($B38=$B$8,IF(ISBLANK(P$8),NA(),P$8),IF($B38=$B$9,IF(ISBLANK(P$9),NA(),P$9),IF($B38=$B$10,IF(ISBLANK(P$10),NA(),P$10),IF($B38=$B$11,IF(ISBLANK(P$11),NA(),P$11),IF($B38=$B$12,IF(ISBLANK(P$12),NA(),P$12),0)))))))))) -> 0.07 | ... GA38: =IF($B38=$B$3,IF(ISBLANK(GA$3),NA(),GA$3),IF($B38=$B$4,IF(ISBLANK(GA$4),NA(),GA$4),IF($B38=$B$5,IF(ISBLANK(GA$5),NA(),GA$5),IF($B38=$B$6,IF(ISBLANK(GA$6),NA(),GA$6),IF($B38=$B$7,IF(ISBLANK(GA$7),NA(),GA$7),IF($B38=$B$8,IF(ISBLANK(GA$8),NA(),GA$8),IF($B38=$B$9,IF(ISBLANK(GA$9),NA(),GA$9),IF($B38=$B$10,IF(ISBLANK(GA$10),NA(),GA$10),IF($B38=$B$11,IF(ISBLANK(GA$11),NA(),GA$11),IF($B38=$B$12,IF(ISBLANK(GA$12),NA(),GA$12),0)))))))))) -> #N/A
A39: 215 | B39: CS20 | C39: {=LOOKUP(2,1/(I39:GA39<>""),I39:GA39)} -> 0.21 | D39: =D$12 -> 45 | F39: =(C39-I39)/I39 -> 1.625 | G39: {=(C39-IF(ISNA(INDEX(I39:GA39,D39-22)),INDEX(I39:GA39,D39-23),INDEX(I39:GA39,D39-22)))/IF(ISNA(INDEX(I39:GA39,D39-22)),INDEX(I39:GA39,D39-23),INDEX(I39:GA39,D39-22))} -> 0.23529412 | I39: =IF($B39=$B$3,IF(ISBLANK(I$3),NA(),I$3),IF($B39=$B$4,IF(ISBLANK(I$4),NA(),I$4),IF($B39=$B$5,IF(ISBLANK(I$5),NA(),I$5),IF($B39=$B$6,IF(ISBLANK(I$6),NA(),I$6),IF($B39=$B$7,IF(ISBLANK(I$7),NA(),I$7),IF($B39=$B$8,IF(ISBLANK(I$8),NA(),I$8),IF($B39=$B$9,IF(ISBLANK(I$9),NA(),I$9),IF($B39=$B$10,IF(ISBLANK(I$10),NA(),I$10),IF($B39=$B$11,IF(ISBLANK(I$11),NA(),I$11),IF($B39=$B$12,IF(ISBLANK(I$12),NA(),I$12),0)))))))))) -> 0.08 | J39: =IF($B39=$B$3,IF(ISBLANK(J$3),NA(),J$3),IF($B39=$B$4,IF(ISBLANK(J$4),NA(),J$4),IF($B39=$B$5,IF(ISBLANK(J$5),NA(),J$5),IF($B39=$B$6,IF(ISBLANK(J$6),NA(),J$6),IF($B39=$B$7,IF(ISBLANK(J$7),NA(),J$7),IF($B39=$B$8,IF(ISBLANK(J$8),NA(),J$8),IF($B39=$B$9,IF(ISBLANK(J$9),NA(),J$9),IF($B39=$B$10,IF(ISBLANK(J$10),NA(),J$10),IF($B39=$B$11,IF(ISBLANK(J$11),NA(),J$11),IF($B39=$B$12,IF(ISBLANK(J$12),NA(),J$12),0)))))))))) -> 0.08 | K39: =IF($B39=$B$3,IF(ISBLANK(K$3),NA(),K$3),IF($B39=$B$4,IF(ISBLANK(K$4),NA(),K$4),IF($B39=$B$5,IF(ISBLANK(K$5),NA(),K$5),IF($B39=$B$6,IF(ISBLANK(K$6),NA(),K$6),IF($B39=$B$7,IF(ISBLANK(K$7),NA(),K$7),IF($B39=$B$8,IF(ISBLANK(K$8),NA(),K$8),IF($B39=$B$9,IF(ISBLANK(K$9),NA(),K$9),IF($B39=$B$10,IF(ISBLANK(K$10),NA(),K$10),IF($B39=$B$11,IF(ISBLANK(K$11),NA(),K$11),IF($B39=$B$12,IF(ISBLANK(K$12),NA(),K$12),0)))))))))) -> #N/A | L39: =IF($B39=$B$3,IF(ISBLANK(L$3),NA(),L$3),IF($B39=$B$4,IF(ISBLANK(L$4),NA(),L$4),IF($B39=$B$5,IF(ISBLANK(L$5),NA(),L$5),IF($B39=$B$6,IF(ISBLANK(L$6),NA(),L$6),IF($B39=$B$7,IF(ISBLANK(L$7),NA(),L$7),IF($B39=$B$8,IF(ISBLANK(L$8),NA(),L$8),IF($B39=$B$9,IF(ISBLANK(L$9),NA(),L$9),IF($B39=$B$10,IF(ISBLANK(L$10),NA(),L$10),IF($B39=$B$11,IF(ISBLANK(L$11),NA(),L$11),IF($B39=$B$12,IF(ISBLANK(L$12),NA(),L$12),0)))))))))) -> 0.08 | M39: =IF($B39=$B$3,IF(ISBLANK(M$3),NA(),M$3),IF($B39=$B$4,IF(ISBLANK(M$4),NA(),M$4),IF($B39=$B$5,IF(ISBLANK(M$5),NA(),M$5),IF($B39=$B$6,IF(ISBLANK(M$6),NA(),M$6),IF($B39=$B$7,IF(ISBLANK(M$7),NA(),M$7),IF($B39=$B$8,IF(ISBLANK(M$8),NA(),M$8),IF($B39=$B$9,IF(ISBLANK(M$9),NA(),M$9),IF($B39=$B$10,IF(ISBLANK(M$10),NA(),M$10),IF($B39=$B$11,IF(ISBLANK(M$11),NA(),M$11),IF($B39=$B$12,IF(ISBLANK(M$12),NA(),M$12),0)))))))))) -> #N/A | N39: =IF($B39=$B$3,IF(ISBLANK(N$3),NA(),N$3),IF($B39=$B$4,IF(ISBLANK(N$4),NA(),N$4),IF($B39=$B$5,IF(ISBLANK(N$5),NA(),N$5),IF($B39=$B$6,IF(ISBLANK(N$6),NA(),N$6),IF($B39=$B$7,IF(ISBLANK(N$7),NA(),N$7),IF($B39=$B$8,IF(ISBLANK(N$8),NA(),N$8),IF($B39=$B$9,IF(ISBLANK(N$9),NA(),N$9),IF($B39=$B$10,IF(ISBLANK(N$10),NA(),N$10),IF($B39=$B$11,IF(ISBLANK(N$11),NA(),N$11),IF($B39=$B$12,IF(ISBLANK(N$12),NA(),N$12),0)))))))))) -> 0.08 | O39: =IF($B39=$B$3,IF(ISBLANK(O$3),NA(),O$3),IF($B39=$B$4,IF(ISBLANK(O$4),NA(),O$4),IF($B39=$B$5,IF(ISBLANK(O$5),NA(),O$5),IF($B39=$B$6,IF(ISBLANK(O$6),NA(),O$6),IF($B39=$B$7,IF(ISBLANK(O$7),NA(),O$7),IF($B39=$B$8,IF(ISBLANK(O$8),NA(),O$8),IF($B39=$B$9,IF(ISBLANK(O$9),NA(),O$9),IF($B39=$B$10,IF(ISBLANK(O$10),NA(),O$10),IF($B39=$B$11,IF(ISBLANK(O$11),NA(),O$11),IF($B39=$B$12,IF(ISBLANK(O$12),NA(),O$12),0)))))))))) -> 0.08 | P39: =IF($B39=$B$3,IF(ISBLANK(P$3),NA(),P$3),IF($B39=$B$4,IF(ISBLANK(P$4),NA(),P$4),IF($B39=$B$5,IF(ISBLANK(P$5),NA(),P$5),IF($B39=$B$6,IF(ISBLANK(P$6),NA(),P$6),IF($B39=$B$7,IF(ISBLANK(P$7),NA(),P$7),IF($B39=$B$8,IF(ISBLANK(P$8),NA(),P$8),IF($B39=$B$9,IF(ISBLANK(P$9),NA(),P$9),IF($B39=$B$10,IF(ISBLANK(P$10),NA(),P$10),IF($B39=$B$11,IF(ISBLANK(P$11),NA(),P$11),IF($B39=$B$12,IF(ISBLANK(P$12),NA(),P$12),0)))))))))) -> 0.08 | ... GA39: =IF($B39=$B$3,IF(ISBLANK(GA$3),NA(),GA$3),IF($B39=$B$4,IF(ISBLANK(GA$4),NA(),GA$4),IF($B39=$B$5,IF(ISBLANK(GA$5),NA(),GA$5),IF($B39=$B$6,IF(ISBLANK(GA$6),NA(),GA$6),IF($B39=$B$7,IF(ISBLANK(GA$7),NA(),GA$7),IF($B39=$B$8,IF(ISBLANK(GA$8),NA(),GA$8),IF($B39=$B$9,IF(ISBLANK(GA$9),NA(),GA$9),IF($B39=$B$10,IF(ISBLANK(GA$10),NA(),GA$10),IF($B39=$B$11,IF(ISBLANK(GA$11),NA(),GA$11),IF($B39=$B$12,IF(ISBLANK(GA$12),NA(),GA$12),0)))))))))) -> #N/A
A40: 150 | B40: Fracture | C40: {=LOOKUP(2,1/(I40:GA40<>""),I40:GA40)} -> 0.31 | D40: =D$12 -> 45 | F40: =(C40-I40)/I40 -> -0.11428571 | G40: {=(C40-IF(ISNA(INDEX(I40:GA40,D40-22)),INDEX(I40:GA40,D40-23),INDEX(I40:GA40,D40-22)))/IF(ISNA(INDEX(I40:GA40,D40-22)),INDEX(I40:GA40,D40-23),INDEX(I40:GA40,D40-22))} -> -0.03125 | I40: =IF($B40=$B$3,IF(ISBLANK(I$3),NA(),I$3),IF($B40=$B$4,IF(ISBLANK(I$4),NA(),I$4),IF($B40=$B$5,IF(ISBLANK(I$5),NA(),I$5),IF($B40=$B$6,IF(ISBLANK(I$6),NA(),I$6),IF($B40=$B$7,IF(ISBLANK(I$7),NA(),I$7),IF($B40=$B$8,IF(ISBLANK(I$8),NA(),I$8),IF($B40=$B$9,IF(ISBLANK(I$9),NA(),I$9),IF($B40=$B$10,IF(ISBLANK(I$10),NA(),I$10),IF($B40=$B$11,IF(ISBLANK(I$11),NA(),I$11),IF($B40=$B$12,IF(ISBLANK(I$12),NA(),I$12),0)))))))))) -> 0.35 | J40: =IF($B40=$B$3,IF(ISBLANK(J$3),NA(),J$3),IF($B40=$B$4,IF(ISBLANK(J$4),NA(),J$4),IF($B40=$B$5,IF(ISBLANK(J$5),NA(),J$5),IF($B40=$B$6,IF(ISBLANK(J$6),NA(),J$6),IF($B40=$B$7,IF(ISBLANK(J$7),NA(),J$7),IF($B40=$B$8,IF(ISBLANK(J$8),NA(),J$8),IF($B40=$B$9,IF(ISBLANK(J$9),NA(),J$9),IF($B40=$B$10,IF(ISBLANK(J$10),NA(),J$10),IF($B40=$B$11,IF(ISBLANK(J$11),NA(),J$11),IF($B40=$B$12,IF(ISBLANK(J$12),NA(),J$12),0)))))))))) -> 0.35 | K40: =IF($B40=$B$3,IF(ISBLANK(K$3),NA(),K$3),IF($B40=$B$4,IF(ISBLANK(K$4),NA(),K$4),IF($B40=$B$5,IF(ISBLANK(K$5),NA(),K$5),IF($B40=$B$6,IF(ISBLANK(K$6),NA(),K$6),IF($B40=$B$7,IF(ISBLANK(K$7),NA(),K$7),IF($B40=$B$8,IF(ISBLANK(K$8),NA(),K$8),IF($B40=$B$9,IF(ISBLANK(K$9),NA(),K$9),IF($B40=$B$10,IF(ISBLANK(K$10),NA(),K$10),IF($B40=$B$11,IF(ISBLANK(K$11),NA(),K$11),IF($B40=$B$12,IF(ISBLANK(K$12),NA(),K$12),0)))))))))) -> #N/A | L40: =IF($B40=$B$3,IF(ISBLANK(L$3),NA(),L$3),IF($B40=$B$4,IF(ISBLANK(L$4),NA(),L$4),IF($B40=$B$5,IF(ISBLANK(L$5),NA(),L$5),IF($B40=$B$6,IF(ISBLANK(L$6),NA(),L$6),IF($B40=$B$7,IF(ISBLANK(L$7),NA(),L$7),IF($B40=$B$8,IF(ISBLANK(L$8),NA(),L$8),IF($B40=$B$9,IF(ISBLANK(L$9),NA(),L$9),IF($B40=$B$10,IF(ISBLANK(L$10),NA(),L$10),IF($B40=$B$11,IF(ISBLANK(L$11),NA(),L$11),IF($B40=$B$12,IF(ISBLANK(L$12),NA(),L$12),0)))))))))) -> 0.35 | M40: =IF($B40=$B$3,IF(ISBLANK(M$3),NA(),M$3),IF($B40=$B$4,IF(ISBLANK(M$4),NA(),M$4),IF($B40=$B$5,IF(ISBLANK(M$5),NA(),M$5),IF($B40=$B$6,IF(ISBLANK(M$6),NA(),M$6),IF($B40=$B$7,IF(ISBLANK(M$7),NA(),M$7),IF($B40=$B$8,IF(ISBLANK(M$8),NA(),M$8),IF($B40=$B$9,IF(ISBLANK(M$9),NA(),M$9),IF($B40=$B$10,IF(ISBLANK(M$10),NA(),M$10),IF($B40=$B$11,IF(ISBLANK(M$11),NA(),M$11),IF($B40=$B$12,IF(ISBLANK(M$12),NA(),M$12),0)))))))))) -> #N/A | N40: =IF($B40=$B$3,IF(ISBLANK(N$3),NA(),N$3),IF($B40=$B$4,IF(ISBLANK(N$4),NA(),N$4),IF($B40=$B$5,IF(ISBLANK(N$5),NA(),N$5),IF($B40=$B$6,IF(ISBLANK(N$6),NA(),N$6),IF($B40=$B$7,IF(ISBLANK(N$7),NA(),N$7),IF($B40=$B$8,IF(ISBLANK(N$8),NA(),N$8),IF($B40=$B$9,IF(ISBLANK(N$9),NA(),N$9),IF($B40=$B$10,IF(ISBLANK(N$10),NA(),N$10),IF($B40=$B$11,IF(ISBLANK(N$11),NA(),N$11),IF($B40=$B$12,IF(ISBLANK(N$12),NA(),N$12),0)))))))))) -> 0.31 | O40: =IF($B40=$B$3,IF(ISBLANK(O$3),NA(),O$3),IF($B40=$B$4,IF(ISBLANK(O$4),NA(),O$4),IF($B40=$B$5,IF(ISBLANK(O$5),NA(),O$5),IF($B40=$B$6,IF(ISBLANK(O$6),NA(),O$6),IF($B40=$B$7,IF(ISBLANK(O$7),NA(),O$7),IF($B40=$B$8,IF(ISBLANK(O$8),NA(),O$8),IF($B40=$B$9,IF(ISBLANK(O$9),NA(),O$9),IF($B40=$B$10,IF(ISBLANK(O$10),NA(),O$10),IF($B40=$B$11,IF(ISBLANK(O$11),NA(),O$11),IF($B40=$B$12,IF(ISBLANK(O$12),NA(),O$12),0)))))))))) -> 0.3 | P40: =IF($B40=$B$3,IF(ISBLANK(P$3),NA(),P$3),IF($B40=$B$4,IF(ISBLANK(P$4),NA(),P$4),IF($B40=$B$5,IF(ISBLANK(P$5),NA(),P$5),IF($B40=$B$6,IF(ISBLANK(P$6),NA(),P$6),IF($B40=$B$7,IF(ISBLANK(P$7),NA(),P$7),IF($B40=$B$8,IF(ISBLANK(P$8),NA(),P$8),IF($B40=$B$9,IF(ISBLANK(P$9),NA(),P$9),IF($B40=$B$10,IF(ISBLANK(P$10),NA(),P$10),IF($B40=$B$11,IF(ISBLANK(P$11),NA(),P$11),IF($B40=$B$12,IF(ISBLANK(P$12),NA(),P$12),0)))))))))) -> 0.34 | ... GA40: =IF($B40=$B$3,IF(ISBLANK(GA$3),NA(),GA$3),IF($B40=$B$4,IF(ISBLANK(GA$4),NA(),GA$4),IF($B40=$B$5,IF(ISBLANK(GA$5),NA(),GA$5),IF($B40=$B$6,IF(ISBLANK(GA$6),NA(),GA$6),IF($B40=$B$7,IF(ISBLANK(GA$7),NA(),GA$7),IF($B40=$B$8,IF(ISBLANK(GA$8),NA(),GA$8),IF($B40=$B$9,IF(ISBLANK(GA$9),NA(),GA$9),IF($B40=$B$10,IF(ISBLANK(GA$10),NA(),GA$10),IF($B40=$B$11,IF(ISBLANK(GA$11),NA(),GA$11),IF($B40=$B$12,IF(ISBLANK(GA$12),NA(),GA$12),0)))))))))) -> #N/A
A43: Total Value Investments
I44: =I35 -> 44331 | J44: =J35 -> 44332 | K44: =K35 -> 44333 | L44: =L35 -> 44334 | M44: =M35 -> 44335 | N44: =N35 -> 44336 | O44: =O35 -> 44337 | P44: =P35 -> 44338 | ... GA44: =GA35 -> 44505
A45: =A36 -> 2000 | B45: Prisma 2 | C45: {=LOOKUP(2,1/(I45:GA45<>""),I45:GA45)} -> 140 | D45: =D$12 -> 45 | F45: =(C45-I45)/I45 -> 0.4 | G45: {=(C45-IF(ISNA(INDEX(I45:GA45,D45-22)),INDEX(I45:GA45,D45-23),INDEX(I45:GA45,D45-22)))/IF(ISNA(INDEX(I45:GA45,D45-22)),INDEX(I45:GA45,D45-23),INDEX(I45:GA45,D45-22))} -> 0 | I45: =I36*$A45 -> 100 | J45: =J36*$A45 -> 100 | K45: =K36*$A45 -> #N/A | L45: =L36*$A45 -> 100 | M45: =M36*$A45 -> #N/A | N45: =N36*$A45 -> 120 | O45: =O36*$A45 -> 120 | P45: =P36*$A45 -> 120 | ... GA45: =GA36*$A45 -> #N/A
A46: =A37 -> 1000 | B46: Danger Zone | C46: {=LOOKUP(2,1/(I46:GA46<>""),I46:GA46)} -> 80 | D46: =D$12 -> 45 | F46: =(C46-I46)/I46 -> 0.14285714 | G46: {=(C46-IF(ISNA(INDEX(I46:GA46,D46-22)),INDEX(I46:GA46,D46-23),INDEX(I46:GA46,D46-22)))/IF(ISNA(INDEX(I46:GA46,D46-22)),INDEX(I46:GA46,D46-23),INDEX(I46:GA46,D46-22))} -> 0 | I46: =I37*$A46 -> 70 | J46: =J37*$A46 -> 70 | K46: =K37*$A46 -> #N/A | L46: =L37*$A46 -> 70 | M46: =M37*$A46 -> #N/A | N46: =N37*$A46 -> 70 | O46: =O37*$A46 -> 70 | P46: =P37*$A46 -> 70 | ... GA46: =GA37*$A46 -> #N/A
A47: =A38 -> 2000 | B47: Horizon | C47: {=LOOKUP(2,1/(I47:GA47<>""),I47:GA47)} -> 240 | D47: =D$12 -> 45 | F47: =(C47-I47)/I47 -> 0.71428571 | G47: {=(C47-IF(ISNA(INDEX(I47:GA47,D47-22)),INDEX(I47:GA47,D47-23),INDEX(I47:GA47,D47-22)))/IF(ISNA(INDEX(I47:GA47,D47-22)),INDEX(I47:GA47,D47-23),INDEX(I47:GA47,D47-22))} -> 0.090909091 | I47: =I38*$A47 -> 140 | J47: =J38*$A47 -> 140 | K47: =K38*$A47 -> #N/A | L47: =L38*$A47 -> 140 | M47: =M38*$A47 -> #N/A | N47: =N38*$A47 -> 140 | O47: =O38*$A47 -> 140 | P47: =P38*$A47 -> 140 | ... GA47: =GA38*$A47 -> #N/A
A48: =A39 -> 215 | B48: CS20 | C48: {=LOOKUP(2,1/(I48:GA48<>""),I48:GA48)} -> 45.15 | D48: =D$12 -> 45 | F48: =(C48-I48)/I48 -> 1.625 | G48: {=(C48-IF(ISNA(INDEX(I48:GA48,D48-22)),INDEX(I48:GA48,D48-23),INDEX(I48:GA48,D48-22)))/IF(ISNA(INDEX(I48:GA48,D48-22)),INDEX(I48:GA48,D48-23),INDEX(I48:GA48,D48-22))} -> 0.23529412 | I48: =I39*$A48 -> 17.2 | J48: =J39*$A48 -> 17.2 | K48: =K39*$A48 -> #N/A | L48: =L39*$A48 -> 17.2 | M48: =M39*$A48 -> #N/A | N48: =N39*$A48 -> 17.2 | O48: =O39*$A48 -> 17.2 | P48: =P39*$A48 -> 17.2 | ... GA48: =GA39*$A48 -> #N/A
A49: =A40 -> 150 | B49: Fracture | C49: {=LOOKUP(2,1/(I49:GA49<>""),I49:GA49)} -> 46.5 | D49: =D$12 -> 45 | F49: =(C49-I49)/I49 -> -0.11428571 | G49: {=(C49-IF(ISNA(INDEX(I49:GA49,D49-22)),INDEX(I49:GA49,D49-23),INDEX(I49:GA49,D49-22)))/IF(ISNA(INDEX(I49:GA49,D49-22)),INDEX(I49:GA49,D49-23),INDEX(I49:GA49,D49-22))} -> -0.03125 | I49: =I40*$A49 -> 52.5 | J49: =J40*$A49 -> 52.5 | K49: =K40*$A49 -> #N/A | L49: =L40*$A49 -> 52.5 | M49: =M40*$A49 -> #N/A | N49: =N40*$A49 -> 46.5 | O49: =O40*$A49 -> 45 | P49: =P40*$A49 -> 51 | ... GA49: =GA40*$A49 -> #N/A
A52: Sale Revenue Investments on Steam Market
I53: =I44 -> 44331 | J53: =J44 -> 44332 | K53: =K44 -> 44333 | L53: =L44 -> 44334 | M53: =M44 -> 44335 | N53: =N44 -> 44336 | O53: =O44 -> 44337 | P53: =P44 -> 44338 | ... GA53: =GA44 -> 44505
A54: =A45 -> 2000 | B54: Prisma 2 | C54: {=LOOKUP(2,1/(I54:GA54<>""),I54:GA54)} -> 100 | D54: =D$12 -> 45 | F54: =(C54-I54)/I54 -> 0.66666667 | G54: {=(C54-IF(ISNA(INDEX(I54:GA54,D54-22)),INDEX(I54:GA54,D54-23),INDEX(I54:GA54,D54-22)))/IF(ISNA(INDEX(I54:GA54,D54-22)),INDEX(I54:GA54,D54-23),INDEX(I54:GA54,D54-22))} -> 0 | I54: =IF($B54=$B$21,I$21,IF($B54=$B$22,I$22,IF($B54=$B$23,I$23,IF($B54=$B$24,I$24,IF($B54=$B$25,I$25,IF($B54=$B$26,I$26,IF($B54=$B$27,I$27,IF($B54=$B$28,I$28,IF($B54=$B$29,I$29,IF($B54=$B$30,I$30,0))))))))))*$A54 -> 60 | J54: =IF($B54=$B$21,J$21,IF($B54=$B$22,J$22,IF($B54=$B$23,J$23,IF($B54=$B$24,J$24,IF($B54=$B$25,J$25,IF($B54=$B$26,J$26,IF($B54=$B$27,J$27,IF($B54=$B$28,J$28,IF($B54=$B$29,J$29,IF($B54=$B$30,J$30,0))))))))))*$A54 -> 60 | K54: =IF($B54=$B$21,K$21,IF($B54=$B$22,K$22,IF($B54=$B$23,K$23,IF($B54=$B$24,K$24,IF($B54=$B$25,K$25,IF($B54=$B$26,K$26,IF($B54=$B$27,K$27,IF($B54=$B$28,K$28,IF($B54=$B$29,K$29,IF($B54=$B$30,K$30,0))))))))))*$A54 -> #N/A | L54: =IF($B54=$B$21,L$21,IF($B54=$B$22,L$22,IF($B54=$B$23,L$23,IF($B54=$B$24,L$24,IF($B54=$B$25,L$25,IF($B54=$B$26,L$26,IF($B54=$B$27,L$27,IF($B54=$B$28,L$28,IF($B54=$B$29,L$29,IF($B54=$B$30,L$30,0))))))))))*$A54 -> 60 | M54: =IF($B54=$B$21,M$21,IF($B54=$B$22,M$22,IF($B54=$B$23,M$23,IF($B54=$B$24,M$24,IF($B54=$B$25,M$25,IF($B54=$B$26,M$26,IF($B54=$B$27,M$27,IF($B54=$B$28,M$28,IF($B54=$B$29,M$29,IF($B54=$B$30,M$30,0))))))))))*$A54 -> #N/A | N54: =IF($B54=$B$21,N$21,IF($B54=$B$22,N$22,IF($B54=$B$23,N$23,IF($B54=$B$24,N$24,IF($B54=$B$25,N$25,IF($B54=$B$26,N$26,IF($B54=$B$27,N$27,IF($B54=$B$28,N$28,IF($B54=$B$29,N$29,IF($B54=$B$30,N$30,0))))))))))*$A54 -> 80 | O54: =IF($B54=$B$21,O$21,IF($B54=$B$22,O$22,IF($B54=$B$23,O$23,IF($B54=$B$24,O$24,IF($B54=$B$25,O$25,IF($B54=$B$26,O$26,IF($B54=$B$27,O$27,IF($B54=$B$28,O$28,IF($B54=$B$29,O$29,IF($B54=$B$30,O$30,0))))))))))*$A54 -> 80 | P54: =IF($B54=$B$21,P$21,IF($B54=$B$22,P$22,IF($B54=$B$23,P$23,IF($B54=$B$24,P$24,IF($B54=$B$25,P$25,IF($B54=$B$26,P$26,IF($B54=$B$27,P$27,IF($B54=$B$28,P$28,IF($B54=$B$29,P$29,IF($B54=$B$30,P$30,0))))))))))*$A54 -> 80 | ... GA54: =IF($B54=$B$21,GA$21,IF($B54=$B$22,GA$22,IF($B54=$B$23,GA$23,IF($B54=$B$24,GA$24,IF($B54=$B$25,GA$25,IF($B54=$B$26,GA$26,IF($B54=$B$27,GA$27,IF($B54=$B$28,GA$28,IF($B54=$B$29,GA$29,IF($B54=$B$30,GA$30,0))))))))))*$A54 -> #N/A
A55: =A46 -> 1000 | B55: Danger Zone | C55: {=LOOKUP(2,1/(I55:GA55<>""),I55:GA55)} -> 60 | D55: =D$12 -> 45 | F55: =(C55-I55)/I55 -> 0.2 | G55: {=(C55-IF(ISNA(INDEX(I55:GA55,D55-22)),INDEX(I55:GA55,D55-23),INDEX(I55:GA55,D55-22)))/IF(ISNA(INDEX(I55:GA55,D55-22)),INDEX(I55:GA55,D55-23),INDEX(I55:GA55,D55-22))} -> 0 | I55: =IF($B55=$B$21,I$21,IF($B55=$B$22,I$22,IF($B55=$B$23,I$23,IF($B55=$B$24,I$24,IF($B55=$B$25,I$25,IF($B55=$B$26,I$26,IF($B55=$B$27,I$27,IF($B55=$B$28,I$28,IF($B55=$B$29,I$29,IF($B55=$B$30,I$30,0))))))))))*$A55 -> 50 | J55: =IF($B55=$B$21,J$21,IF($B55=$B$22,J$22,IF($B55=$B$23,J$23,IF($B55=$B$24,J$24,IF($B55=$B$25,J$25,IF($B55=$B$26,J$26,IF($B55=$B$27,J$27,IF($B55=$B$28,J$28,IF($B55=$B$29,J$29,IF($B55=$B$30,J$30,0))))))))))*$A55 -> 50 | K55: =IF($B55=$B$21,K$21,IF($B55=$B$22,K$22,IF($B55=$B$23,K$23,IF($B55=$B$24,K$24,IF($B55=$B$25,K$25,IF($B55=$B$26,K$26,IF($B55=$B$27,K$27,IF($B55=$B$28,K$28,IF($B55=$B$29,K$29,IF($B55=$B$30,K$30,0))))))))))*$A55 -> #N/A | L55: =IF($B55=$B$21,L$21,IF($B55=$B$22,L$22,IF($B55=$B$23,L$23,IF($B55=$B$24,L$24,IF($B55=$B$25,L$25,IF($B55=$B$26,L$26,IF($B55=$B$27,L$27,IF($B55=$B$28,L$28,IF($B55=$B$29,L$29,IF($B55=$B$30,L$30,0))))))))))*$A55 -> 50 | M55: =IF($B55=$B$21,M$21,IF($B55=$B$22,M$22,IF($B55=$B$23,M$23,IF($B55=$B$24,M$24,IF($B55=$B$25,M$25,IF($B55=$B$26,M$26,IF($B55=$B$27,M$27,IF($B55=$B$28,M$28,IF($B55=$B$29,M$29,IF($B55=$B$30,M$30,0))))))))))*$A55 -> #N/A | N55: =IF($B55=$B$21,N$21,IF($B55=$B$22,N$22,IF($B55=$B$23,N$23,IF($B55=$B$24,N$24,IF($B55=$B$25,N$25,IF($B55=$B$26,N$26,IF($B55=$B$27,N$27,IF($B55=$B$28,N$28,IF($B55=$B$29,N$29,IF($B55=$B$30,N$30,0))))))))))*$A55 -> 50 | O55: =IF($B55=$B$21,O$21,IF($B55=$B$22,O$22,IF($B55=$B$23,O$23,IF($B55=$B$24,O$24,IF($B55=$B$25,O$25,IF($B55=$B$26,O$26,IF($B55=$B$27,O$27,IF($B55=$B$28,O$28,IF($B55=$B$29,O$29,IF($B55=$B$30,O$30,0))))))))))*$A55 -> 50 | P55: =IF($B55=$B$21,P$21,IF($B55=$B$22,P$22,IF($B55=$B$23,P$23,IF($B55=$B$24,P$24,IF($B55=$B$25,P$25,IF($B55=$B$26,P$26,IF($B55=$B$27,P$27,IF($B55=$B$28,P$28,IF($B55=$B$29,P$29,IF($B55=$B$30,P$30,0))))))))))*$A55 -> 50 | ... GA55: =IF($B55=$B$21,GA$21,IF($B55=$B$22,GA$22,IF($B55=$B$23,GA$23,IF($B55=$B$24,GA$24,IF($B55=$B$25,GA$25,IF($B55=$B$26,GA$26,IF($B55=$B$27,GA$27,IF($B55=$B$28,GA$28,IF($B55=$B$29,GA$29,IF($B55=$B$30,GA$30,0))))))))))*$A55 -> #N/A
A56: =A47 -> 2000 | B56: Horizon | C56: {=LOOKUP(2,1/(I56:GA56<>""),I56:GA56)} -> 180 | D56: =D$12 -> 45 | F56: =(C56-I56)/I56 -> 0.8 | G56: {=(C56-IF(ISNA(INDEX(I56:GA56,D56-22)),INDEX(I56:GA56,D56-23),INDEX(I56:GA56,D56-22)))/IF(ISNA(INDEX(I56:GA56,D56-22)),INDEX(I56:GA56,D56-23),INDEX(I56:GA56,D56-22))} -> 0.125 | I56: =IF($B56=$B$21,I$21,IF($B56=$B$22,I$22,IF($B56=$B$23,I$23,IF($B56=$B$24,I$24,IF($B56=$B$25,I$25,IF($B56=$B$26,I$26,IF($B56=$B$27,I$27,IF($B56=$B$28,I$28,IF($B56=$B$29,I$29,IF($B56=$B$30,I$30,0))))))))))*$A56 -> 100 | J56: =IF($B56=$B$21,J$21,IF($B56=$B$22,J$22,IF($B56=$B$23,J$23,IF($B56=$B$24,J$24,IF($B56=$B$25,J$25,IF($B56=$B$26,J$26,IF($B56=$B$27,J$27,IF($B56=$B$28,J$28,IF($B56=$B$29,J$29,IF($B56=$B$30,J$30,0))))))))))*$A56 -> 100 | K56: =IF($B56=$B$21,K$21,IF($B56=$B$22,K$22,IF($B56=$B$23,K$23,IF($B56=$B$24,K$24,IF($B56=$B$25,K$25,IF($B56=$B$26,K$26,IF($B56=$B$27,K$27,IF($B56=$B$28,K$28,IF($B56=$B$29,K$29,IF($B56=$B$30,K$30,0))))))))))*$A56 -> #N/A | L56: =IF($B56=$B$21,L$21,IF($B56=$B$22,L$22,IF($B56=$B$23,L$23,IF($B56=$B$24,L$24,IF($B56=$B$25,L$25,IF($B56=$B$26,L$26,IF($B56=$B$27,L$27,IF($B56=$B$28,L$28,IF($B56=$B$29,L$29,IF($B56=$B$30,L$30,0))))))))))*$A56 -> 100 | M56: =IF($B56=$B$21,M$21,IF($B56=$B$22,M$22,IF($B56=$B$23,M$23,IF($B56=$B$24,M$24,IF($B56=$B$25,M$25,IF($B56=$B$26,M$26,IF($B56=$B$27,M$27,IF($B56=$B$28,M$28,IF($B56=$B$29,M$29,IF($B56=$B$30,M$30,0))))))))))*$A56 -> #N/A | N56: =IF($B56=$B$21,N$21,IF($B56=$B$22,N$22,IF($B56=$B$23,N$23,IF($B56=$B$24,N$24,IF($B56=$B$25,N$25,IF($B56=$B$26,N$26,IF($B56=$B$27,N$27,IF($B56=$B$28,N$28,IF($B56=$B$29,N$29,IF($B56=$B$30,N$30,0))))))))))*$A56 -> 100 | O56: =IF($B56=$B$21,O$21,IF($B56=$B$22,O$22,IF($B56=$B$23,O$23,IF($B56=$B$24,O$24,IF($B56=$B$25,O$25,IF($B56=$B$26,O$26,IF($B56=$B$27,O$27,IF($B56=$B$28,O$28,IF($B56=$B$29,O$29,IF($B56=$B$30,O$30,0))))))))))*$A56 -> 100 | P56: =IF($B56=$B$21,P$21,IF($B56=$B$22,P$22,IF($B56=$B$23,P$23,IF($B56=$B$24,P$24,IF($B56=$B$25,P$25,IF($B56=$B$26,P$26,IF($B56=$B$27,P$27,IF($B56=$B$28,P$28,IF($B56=$B$29,P$29,IF($B56=$B$30,P$30,0))))))))))*$A56 -> 100 | ... GA56: =IF($B56=$B$21,GA$21,IF($B56=$B$22,GA$22,IF($B56=$B$23,GA$23,IF($B56=$B$24,GA$24,IF($B56=$B$25,GA$25,IF($B56=$B$26,GA$26,IF($B56=$B$27,GA$27,IF($B56=$B$28,GA$28,IF($B56=$B$29,GA$29,IF($B56=$B$30,GA$30,0))))))))))*$A56 -> #N/A
A57: =A48 -> 215 | B57: CS20 | C57: {=LOOKUP(2,1/(I57:GA57<>""),I57:GA57)} -> 34.4 | D57: =D$12 -> 45 | F57: =(C57-I57)/I57 -> 1.6666667 | G57: {=(C57-IF(ISNA(INDEX(I57:GA57,D57-22)),INDEX(I57:GA57,D57-23),INDEX(I57:GA57,D57-22)))/IF(ISNA(INDEX(I57:GA57,D57-22)),INDEX(I57:GA57,D57-23),INDEX(I57:GA57,D57-22))} -> 0.14285714 | I57: =IF($B57=$B$21,I$21,IF($B57=$B$22,I$22,IF($B57=$B$23,I$23,IF($B57=$B$24,I$24,IF($B57=$B$25,I$25,IF($B57=$B$26,I$26,IF($B57=$B$27,I$27,IF($B57=$B$28,I$28,IF($B57=$B$29,I$29,IF($B57=$B$30,I$30,0))))))))))*$A57 -> 12.9 | J57: =IF($B57=$B$21,J$21,IF($B57=$B$22,J$22,IF($B57=$B$23,J$23,IF($B57=$B$24,J$24,IF($B57=$B$25,J$25,IF($B57=$B$26,J$26,IF($B57=$B$27,J$27,IF($B57=$B$28,J$28,IF($B57=$B$29,J$29,IF($B57=$B$30,J$30,0))))))))))*$A57 -> 12.9 | K57: =IF($B57=$B$21,K$21,IF($B57=$B$22,K$22,IF($B57=$B$23,K$23,IF($B57=$B$24,K$24,IF($B57=$B$25,K$25,IF($B57=$B$26,K$26,IF($B57=$B$27,K$27,IF($B57=$B$28,K$28,IF($B57=$B$29,K$29,IF($B57=$B$30,K$30,0))))))))))*$A57 -> #N/A | L57: =IF($B57=$B$21,L$21,IF($B57=$B$22,L$22,IF($B57=$B$23,L$23,IF($B57=$B$24,L$24,IF($B57=$B$25,L$25,IF($B57=$B$26,L$26,IF($B57=$B$27,L$27,IF($B57=$B$28,L$28,IF($B57=$B$29,L$29,IF($B57=$B$30,L$30,0))))))))))*$A57 -> 12.9 | M57: =IF($B57=$B$21,M$21,IF($B57=$B$22,M$22,IF($B57=$B$23,M$23,IF($B57=$B$24,M$24,IF($B57=$B$25,M$25,IF($B57=$B$26,M$26,IF($B57=$B$27,M$27,IF($B57=$B$28,M$28,IF($B57=$B$29,M$29,IF($B57=$B$30,M$30,0))))))))))*$A57 -> #N/A | N57: =IF($B57=$B$21,N$21,IF($B57=$B$22,N$22,IF($B57=$B$23,N$23,IF($B57=$B$24,N$24,IF($B57=$B$25,N$25,IF($B57=$B$26,N$26,IF($B57=$B$27,N$27,IF($B57=$B$28,N$28,IF($B57=$B$29,N$29,IF($B57=$B$30,N$30,0))))))))))*$A57 -> 12.9 | O57: =IF($B57=$B$21,O$21,IF($B57=$B$22,O$22,IF($B57=$B$23,O$23,IF($B57=$B$24,O$24,IF($B57=$B$25,O$25,IF($B57=$B$26,O$26,IF($B57=$B$27,O$27,IF($B57=$B$28,O$28,IF($B57=$B$29,O$29,IF($B57=$B$30,O$30,0))))))))))*$A57 -> 12.9 | P57: =IF($B57=$B$21,P$21,IF($B57=$B$22,P$22,IF($B57=$B$23,P$23,IF($B57=$B$24,P$24,IF($B57=$B$25,P$25,IF($B57=$B$26,P$26,IF($B57=$B$27,P$27,IF($B57=$B$28,P$28,IF($B57=$B$29,P$29,IF($B57=$B$30,P$30,0))))))))))*$A57 -> 12.9 | ... GA57: =IF($B57=$B$21,GA$21,IF($B57=$B$22,GA$22,IF($B57=$B$23,GA$23,IF($B57=$B$24,GA$24,IF($B57=$B$25,GA$25,IF($B57=$B$26,GA$26,IF($B57=$B$27,GA$27,IF($B57=$B$28,GA$28,IF($B57=$B$29,GA$29,IF($B57=$B$30,GA$30,0))))))))))*$A57 -> #N/A
A58: =A49 -> 150 | B58: Fracture | C58: {=LOOKUP(2,1/(I58:GA58<>""),I58:GA58)} -> 37.5 | D58: =D$12 -> 45 | F58: =(C58-I58)/I58 -> -0.13793103 | G58: {=(C58-IF(ISNA(INDEX(I58:GA58,D58-22)),INDEX(I58:GA58,D58-23),INDEX(I58:GA58,D58-22)))/IF(ISNA(INDEX(I58:GA58,D58-22)),INDEX(I58:GA58,D58-23),INDEX(I58:GA58,D58-22))} -> -0.038461538 | I58: =IF($B58=$B$21,I$21,IF($B58=$B$22,I$22,IF($B58=$B$23,I$23,IF($B58=$B$24,I$24,IF($B58=$B$25,I$25,IF($B58=$B$26,I$26,IF($B58=$B$27,I$27,IF($B58=$B$28,I$28,IF($B58=$B$29,I$29,IF($B58=$B$30,I$30,0))))))))))*$A58 -> 43.5 | J58: =IF($B58=$B$21,J$21,IF($B58=$B$22,J$22,IF($B58=$B$23,J$23,IF($B58=$B$24,J$24,IF($B58=$B$25,J$25,IF($B58=$B$26,J$26,IF($B58=$B$27,J$27,IF($B58=$B$28,J$28,IF($B58=$B$29,J$29,IF($B58=$B$30,J$30,0))))))))))*$A58 -> 43.5 | K58: =IF($B58=$B$21,K$21,IF($B58=$B$22,K$22,IF($B58=$B$23,K$23,IF($B58=$B$24,K$24,IF($B58=$B$25,K$25,IF($B58=$B$26,K$26,IF($B58=$B$27,K$27,IF($B58=$B$28,K$28,IF($B58=$B$29,K$29,IF($B58=$B$30,K$30,0))))))))))*$A58 -> #N/A | L58: =IF($B58=$B$21,L$21,IF($B58=$B$22,L$22,IF($B58=$B$23,L$23,IF($B58=$B$24,L$24,IF($B58=$B$25,L$25,IF($B58=$B$26,L$26,IF($B58=$B$27,L$27,IF($B58=$B$28,L$28,IF($B58=$B$29,L$29,IF($B58=$B$30,L$30,0))))))))))*$A58 -> 43.5 | M58: =IF($B58=$B$21,M$21,IF($B58=$B$22,M$22,IF($B58=$B$23,M$23,IF($B58=$B$24,M$24,IF($B58=$B$25,M$25,IF($B58=$B$26,M$26,IF($B58=$B$27,M$27,IF($B58=$B$28,M$28,IF($B58=$B$29,M$29,IF($B58=$B$30,M$30,0))))))))))*$A58 -> #N/A | N58: =IF($B58=$B$21,N$21,IF($B58=$B$22,N$22,IF($B58=$B$23,N$23,IF($B58=$B$24,N$24,IF($B58=$B$25,N$25,IF($B58=$B$26,N$26,IF($B58=$B$27,N$27,IF($B58=$B$28,N$28,IF($B58=$B$29,N$29,IF($B58=$B$30,N$30,0))))))))))*$A58 -> 37.5 | O58: =IF($B58=$B$21,O$21,IF($B58=$B$22,O$22,IF($B58=$B$23,O$23,IF($B58=$B$24,O$24,IF($B58=$B$25,O$25,IF($B58=$B$26,O$26,IF($B58=$B$27,O$27,IF($B58=$B$28,O$28,IF($B58=$B$29,O$29,IF($B58=$B$30,O$30,0))))))))))*$A58 -> 37.5 | P58: =IF($B58=$B$21,P$21,IF($B58=$B$22,P$22,IF($B58=$B$23,P$23,IF($B58=$B$24,P$24,IF($B58=$B$25,P$25,IF($B58=$B$26,P$26,IF($B58=$B$27,P$27,IF($B58=$B$28,P$28,IF($B58=$B$29,P$29,IF($B58=$B$30,P$30,0))))))))))*$A58 -> 42 | ... GA58: =IF($B58=$B$21,GA$21,IF($B58=$B$22,GA$22,IF($B58=$B$23,GA$23,IF($B58=$B$24,GA$24,IF($B58=$B$25,GA$25,IF($B58=$B$26,GA$26,IF($B58=$B$27,GA$27,IF($B58=$B$28,GA$28,IF($B58=$B$29,GA$29,IF($B58=$B$30,GA$30,0))))))))))*$A58 -> #N/A
A60: Sale Revenue on skinbaron
I61: =I53 -> 44331 | J61: =J53 -> 44332 | K61: =K53 -> 44333 | L61: =L53 -> 44334 | M61: =M53 -> 44335 | N61: =N53 -> 44336 | O61: =O53 -> 44337 | P61: =P53 -> 44338 | ... GA61: =GA53 -> 44505
A62: =A54 -> 2000 | B62: Prisma 2 | C62: {=LOOKUP(2,1/(I62:GA62<>""),I62:GA62)} -> 75 | D62: =D$12 -> 45 | F62: =(C62-I62)/I62 -> 0.66666667 | G62: {=(C62-IF(ISNA(INDEX(I62:GA62,D62-22)),INDEX(I62:GA62,D62-23),INDEX(I62:GA62,D62-22)))/IF(ISNA(INDEX(I62:GA62,D62-22)),INDEX(I62:GA62,D62-23),INDEX(I62:GA62,D62-22))} -> 0 | I62: =ROUNDDOWN(I54*0.75,2) -> 45 | J62: =ROUNDDOWN(J54*0.75,2) -> 45 | K62: =ROUNDDOWN(K54*0.75,2) -> #N/A | L62: =ROUNDDOWN(L54*0.75,2) -> 45 | M62: =ROUNDDOWN(M54*0.75,2) -> #N/A | N62: =ROUNDDOWN(N54*0.75,2) -> 60 | O62: =ROUNDDOWN(O54*0.75,2) -> 60 | P62: =ROUNDDOWN(P54*0.75,2) -> 60 | ... GA62: =ROUNDDOWN(GA54*0.75,2) -> #N/A
A63: =A55 -> 1000 | B63: Danger Zone | C63: {=LOOKUP(2,1/(I63:GA63<>""),I63:GA63)} -> 45 | D63: =D$12 -> 45 | F63: =(C63-I63)/I63 -> 0.2 | G63: {=(C63-IF(ISNA(INDEX(I63:GA63,D63-22)),INDEX(I63:GA63,D63-23),INDEX(I63:GA63,D63-22)))/IF(ISNA(INDEX(I63:GA63,D63-22)),INDEX(I63:GA63,D63-23),INDEX(I63:GA63,D63-22))} -> 0 | I63: =ROUNDDOWN(I55*0.75,2) -> 37.5 | J63: =ROUNDDOWN(J55*0.75,2) -> 37.5 | K63: =ROUNDDOWN(K55*0.75,2) -> #N/A | L63: =ROUNDDOWN(L55*0.75,2) -> 37.5 | M63: =ROUNDDOWN(M55*0.75,2) -> #N/A | N63: =ROUNDDOWN(N55*0.75,2) -> 37.5 | O63: =ROUNDDOWN(O55*0.75,2) -> 37.5 | P63: =ROUNDDOWN(P55*0.75,2) -> 37.5 | ... GA63: =ROUNDDOWN(GA55*0.75,2) -> #N/A
A64: =A56 -> 2000 | B64: Horizon | C64: {=LOOKUP(2,1/(I64:GA64<>""),I64:GA64)} -> 135 | D64: =D$12 -> 45 | F64: =(C64-I64)/I64 -> 0.8 | G64: {=(C64-IF(ISNA(INDEX(I64:GA64,D64-22)),INDEX(I64:GA64,D64-23),INDEX(I64:GA64,D64-22)))/IF(ISNA(INDEX(I64:GA64,D64-22)),INDEX(I64:GA64,D64-23),INDEX(I64:GA64,D64-22))} -> 0.125 | I64: =ROUNDDOWN(I56*0.75,2) -> 75 | J64: =ROUNDDOWN(J56*0.75,2) -> 75 | K64: =ROUNDDOWN(K56*0.75,2) -> #N/A | L64: =ROUNDDOWN(L56*0.75,2) -> 75 | M64: =ROUNDDOWN(M56*0.75,2) -> #N/A | N64: =ROUNDDOWN(N56*0.75,2) -> 75 | O64: =ROUNDDOWN(O56*0.75,2) -> 75 | P64: =ROUNDDOWN(P56*0.75,2) -> 75 | ... GA64: =ROUNDDOWN(GA56*0.75,2) -> #N/A
A65: =A57 -> 215 | B65: CS20 | C65: {=LOOKUP(2,1/(I65:GA65<>""),I65:GA65)} -> 25.8 | D65: =D$12 -> 45 | F65: =(C65-I65)/I65 -> 1.6680455 | G65: {=(C65-IF(ISNA(INDEX(I65:GA65,D65-22)),INDEX(I65:GA65,D65-23),INDEX(I65:GA65,D65-22)))/IF(ISNA(INDEX(I65:GA65,D65-22)),INDEX(I65:GA65,D65-23),INDEX(I65:GA65,D65-22))} -> 0.14311032 | I65: =ROUNDDOWN(I57*0.75,2) -> 9.67 | J65: =ROUNDDOWN(J57*0.75,2) -> 9.67 | K65: =ROUNDDOWN(K57*0.75,2) -> #N/A | L65: =ROUNDDOWN(L57*0.75,2) -> 9.67 | M65: =ROUNDDOWN(M57*0.75,2) -> #N/A | N65: =ROUNDDOWN(N57*0.75,2) -> 9.67 | O65: =ROUNDDOWN(O57*0.75,2) -> 9.67 | P65: =ROUNDDOWN(P57*0.75,2) -> 9.67 | ... GA65: =ROUNDDOWN(GA57*0.75,2) -> #N/A
A66: =A58 -> 150 | B66: Fracture | C66: {=LOOKUP(2,1/(I66:GA66<>""),I66:GA66)} -> 28.12 | D66: =D$12 -> 45 | F66: =(C66-I66)/I66 -> -0.13795218 | G66: {=(C66-IF(ISNA(INDEX(I66:GA66,D66-22)),INDEX(I66:GA66,D66-23),INDEX(I66:GA66,D66-22)))/IF(ISNA(INDEX(I66:GA66,D66-22)),INDEX(I66:GA66,D66-23),INDEX(I66:GA66,D66-22))} -> -0.038632479 | I66: =ROUNDDOWN(I58*0.75,2) -> 32.62 | J66: =ROUNDDOWN(J58*0.75,2) -> 32.62 | K66: =ROUNDDOWN(K58*0.75,2) -> #N/A | L66: =ROUNDDOWN(L58*0.75,2) -> 32.62 | M66: =ROUNDDOWN(M58*0.75,2) -> #N/A | N66: =ROUNDDOWN(N58*0.75,2) -> 28.12 | O66: =ROUNDDOWN(O58*0.75,2) -> 28.12 | P66: =ROUNDDOWN(P58*0.75,2) -> 31.5 | ... GA66: =ROUNDDOWN(GA58*0.75,2) -> #N/A
A69: Profit
I70: =I61 -> 44331 | J70: =J61 -> 44332 | K70: =K61 -> 44333 | L70: =L61 -> 44334 | M70: =M61 -> 44335 | N70: =N61 -> 44336 | O70: =O61 -> 44337 | P70: =P61 -> 44338 | ... GA70: =GA61 -> 44505
A71: 120 | B71: Prisma 2 | C71: {=LOOKUP(2,1/(I71:GA71<>""),I71:GA71)} -> -45 | D71: =D$12 -> 45 | F71: =(C62-A71)/A71 -> -0.375 | G71: {=(C62-INDEX(I62:GA62,D62-22))/A71} -> 0 | I71: =IF(I62=0,0,I62-$A71) -> -75 | J71: =IF(J62=0,0,J62-$A71) -> -75 | K71: =IF(K62=0,0,K62-$A71) -> #N/A | L71: =IF(L62=0,0,L62-$A71) -> -75 | M71: =IF(M62=0,0,M62-$A71) -> #N/A | N71: =IF(N62=0,0,N62-$A71) -> -60 | O71: =IF(O62=0,0,O62-$A71) -> -60 | P71: =IF(P62=0,0,P62-$A71) -> -60 | ... GA71: =IF(GA62=0,0,GA62-$A71) -> #N/A
A72: 70 | B72: Danger Zone | C72: {=LOOKUP(2,1/(I72:GA72<>""),I72:GA72)} -> -25 | D72: =D$12 -> 45 | F72: =(C63-A72)/A72 -> -0.35714286 | G72: {=(C63-INDEX(I63:GA63,D63-22))/A72} -> 0 | I72: =IF(I63=0,0,I63-$A72) -> -32.5 | J72: =IF(J63=0,0,J63-$A72) -> -32.5 | K72: =IF(K63=0,0,K63-$A72) -> #N/A | L72: =IF(L63=0,0,L63-$A72) -> -32.5 | M72: =IF(M63=0,0,M63-$A72) -> #N/A | N72: =IF(N63=0,0,N63-$A72) -> -32.5 | O72: =IF(O63=0,0,O63-$A72) -> -32.5 | P72: =IF(P63=0,0,P63-$A72) -> -32.5 | ... GA72: =IF(GA63=0,0,GA63-$A72) -> #N/A
A73: 200 | B73: Horizon | C73: {=LOOKUP(2,1/(I73:GA73<>""),I73:GA73)} -> -65 | D73: =D$12 -> 45 | F73: =(C64-A73)/A73 -> -0.325 | G73: {=(C64-INDEX(I64:GA64,D64-22))/A73} -> 0.075 | I73: =IF(I64=0,0,I64-$A73) -> -125 | J73: =IF(J64=0,0,J64-$A73) -> -125 | K73: =IF(K64=0,0,K64-$A73) -> #N/A | L73: =IF(L64=0,0,L64-$A73) -> -125 | M73: =IF(M64=0,0,M64-$A73) -> #N/A | N73: =IF(N64=0,0,N64-$A73) -> -125 | O73: =IF(O64=0,0,O64-$A73) -> -125 | P73: =IF(P64=0,0,P64-$A73) -> -125 | ... GA73: =IF(GA64=0,0,GA64-$A73) -> #N/A
A74: 25.8 | B74: CS20 | C74: {=LOOKUP(2,1/(I74:GA74<>""),I74:GA74)} -> 0 | D74: =D$12 -> 45 | F74: =(C65-A74)/A74 -> 0 | G74: {=(C65-INDEX(I65:GA65,D65-22))/A74} -> 0.1251938 | I74: =IF(I65=0,0,I65-$A74) -> -16.13 | J74: =IF(J65=0,0,J65-$A74) -> -16.13 | K74: =IF(K65=0,0,K65-$A74) -> #N/A | L74: =IF(L65=0,0,L65-$A74) -> -16.13 | M74: =IF(M65=0,0,M65-$A74) -> #N/A | N74: =IF(N65=0,0,N65-$A74) -> -16.13 | O74: =IF(O65=0,0,O65-$A74) -> -16.13 | P74: =IF(P65=0,0,P65-$A74) -> -16.13 | ... GA74: =IF(GA65=0,0,GA65-$A74) -> #N/A
A75: 85.5 | B75: Fracture | C75: {=LOOKUP(2,1/(I75:GA75<>""),I75:GA75)} -> -57.38 | D75: =D$12 -> 45 | F75: =(C66-A75)/A75 -> -0.67111111 | G75: {=(C66-INDEX(I66:GA66,D66-22))/A75} -> -0.013216374 | I75: =IF(I66=0,0,I66-$A75) -> -52.88 | J75: =IF(J66=0,0,J66-$A75) -> -52.88 | K75: =IF(K66=0,0,K66-$A75) -> #N/A | L75: =IF(L66=0,0,L66-$A75) -> -52.88 | M75: =IF(M66=0,0,M66-$A75) -> #N/A | N75: =IF(N66=0,0,N66-$A75) -> -57.38 | O75: =IF(O66=0,0,O66-$A75) -> -57.38 | P75: =IF(P66=0,0,P66-$A75) -> -54 | ... GA75: =IF(GA66=0,0,GA66-$A75) -> #N/A
A79: Totals
I81: =I70 -> 44331 | J81: =J70 -> 44332 | K81: =K70 -> 44333 | L81: =L70 -> 44334 | M81: =M70 -> 44335 | N81: =N70 -> 44336 | O81: =O70 -> 44337 | P81: =P70 -> 44338 | ... GA81: =GA70 -> 44505
B82: Total Value | C82: {=LOOKUP(2,1/(I82:GA82<>""),I82:GA82)} -> 551.65 | D82: =D$12 -> 45 | F82: =(C82-I82)/I82 -> 0.45285752 | G82: {=(C82-IF(ISNA(INDEX(I82:GA82,D82-22)),INDEX(I82:GA82,D82-23),INDEX(I82:GA82,D82-22)))/IF(ISNA(INDEX(I82:GA82,D82-22)),INDEX(I82:GA82,D82-23),INDEX(I82:GA82,D82-22))} -> 0.05166333 | I82: =SUM(I45:I49) -> 379.7 | J82: =SUM(J45:J49) -> 379.7 | K82: =SUM(K45:K49) -> #N/A | L82: =SUM(L45:L49) -> 379.7 | M82: =SUM(M45:M49) -> #N/A | N82: =SUM(N45:N49) -> 393.7 | O82: =SUM(O45:O49) -> 392.2 | P82: =SUM(P45:P49) -> 398.2 | ... GA82: =SUM(GA45:GA49) -> #N/A
B83: Total Sale Revenue | C83: {=LOOKUP(2,1/(I83:GA83<>""),I83:GA83)} -> 308.92 | D83: =D$12 -> 45 | F83: =(C83-I83)/I83 -> 0.54622353 | G83: {=(C83-IF(ISNA(INDEX(I83:GA83,D83-22)),INDEX(I83:GA83,D83-23),INDEX(I83:GA83,D83-22)))/IF(ISNA(INDEX(I83:GA83,D83-22)),INDEX(I83:GA83,D83-23),INDEX(I83:GA83,D83-22))} -> 0.058597766 | I83: =SUM(I62:I66) -> 199.79 | J83: =SUM(J62:J66) -> 199.79 | K83: =SUM(K62:K66) -> #N/A | L83: =SUM(L62:L66) -> 199.79 | M83: =SUM(M62:M66) -> #N/A | N83: =SUM(N62:N66) -> 210.29 | O83: =SUM(O62:O66) -> 210.29 | P83: =SUM(P62:P66) -> 213.67 | ... GA83: =SUM(GA62:GA66) -> #N/A
I85: =I81 -> 44331 | J85: =J81 -> 44332 | K85: =K81 -> 44333 | L85: =L81 -> 44334 | M85: =M81 -> 44335 | N85: =N81 -> 44336 | O85: =O81 -> 44337 | P85: =P81 -> 44338 | ... GA85: =GA81 -> 44505
A86: =SUM(A71:A75) -> 501.3 | B86: Total Profit | C86: {=LOOKUP(2,1/(I86:GA86<>""),I86:GA86)} -> -192.38 | D86: =D$12 -> 45 | F86: =(C83-A86)/A86 -> -0.38376222 | G86: {=(F86-(INDEX(I83:GA83,D83-22)-A86)/A86)} -> 0.034111311 | I86: =SUM(I71:I75) -> -301.51 | J86: =SUM(J71:J75) -> -301.51 | K86: =SUM(K71:K75) -> #N/A | L86: =SUM(L71:L75) -> -301.51 | M86: =SUM(M71:M75) -> #N/A | N86: =SUM(N71:N75) -> -291.01 | O86: =SUM(O71:O75) -> -291.01 | P86: =SUM(P71:P75) -> -287.63 | ... GA86: =SUM(GA71:GA75) -> #N/A

Sheet Skin-Investments
A1: Market Values
C2: Last value | D2: Row of last value | F2: Since May 15th 2021 | G2: 14day | I2: =Cases!I2 -> 44331 | J2: =Cases!J2 -> 44332 | K2: =Cases!K2 -> 44333 | L2: =Cases!L2 -> 44334 | M2: =Cases!M2 -> 44335 | N2: =Cases!N2 -> 44336 | O2: =Cases!O2 -> 44337 | P2: =Cases!P2 -> 44338 | ... GA2: =Cases!GA2 -> 44505
B3: M4 Dark Blossom FN | C3: {=LOOKUP(2,1/(I3:GA3<>""),I3:GA3)} -> 8.8 | D3: {=SUMPRODUCT(MAX((I3:GA3<>"")*COLUMN(I3:GA3)))} -> 45 | F3: =(C3-I3)/I3 -> 1.2680412 | G3: {=(C3-IF(ISNA(INDEX(I3:GA3,D3-22)),INDEX(I3:GA3,D3-23),INDEX(I3:GA3,D3-22)))/IF(ISNA(INDEX(I3:GA3,D3-22)),INDEX(I3:GA3,D3-23),INDEX(I3:GA3,D3-22))} -> -0.079497908 | I3: 3.88 | J3: 3.68 | L3: 3.95 | N3: 4.45 | O3: 4.41 | P3: 5.99 | Q3: 5.89 | R3: 6.51 | S3: 6.53 | T3: 7.68 | U3: 8.69 | V3: 8.59 | W3: 7.72 | X3: 7.24 | Y3: 6.86 | Z3: 7.73 | AA3: 8.58 | AB3: 9.05 | AC3: 9.33 | AD3: 10.95 | AE3: 9.56 | AF3: 9.48 | AG3: 9.57 | AH3: 9.52 | AI3: 9.51 | AJ3: 9.25 | AK3: 9.7 | AL3: 9.96 | AM3: 9.7 | AO3: 9.74 | AP3: 9.59 | AQ3: 9.14 | AR3: 9.23 | AS3: 8.8
B4: M4 Dark Blossom MW | C4: {=LOOKUP(2,1/(I4:GA4<>""),I4:GA4)} -> 8.92 | D4: {=SUMPRODUCT(MAX((I4:GA4<>"")*COLUMN(I4:GA4)))} -> 45 | F4: =(C4-I4)/I4 -> 1.5632184 | G4: {=(C4-IF(ISNA(INDEX(I4:GA4,D4-22)),INDEX(I4:GA4,D4-23),INDEX(I4:GA4,D4-22)))/IF(ISNA(INDEX(I4:GA4,D4-22)),INDEX(I4:GA4,D4-23),INDEX(I4:GA4,D4-22))} -> -0.092573754 | I4: 3.48 | J4: 3.52 | L4: 3.93 | N4: 4.28 | O4: 4.5 | P4: 5.8 | Q4: 5.7 | R4: 6.3 | S4: 6.26 | T4: 7.32 | U4: 7.99 | V4: 8.44 | W4: 8.14 | X4: 7.19 | Y4: 6.37 | Z4: 6.86 | AA4: 8.05 | AB4: 8.85 | AC4: 9.02 | AD4: 9.75 | AE4: 9.83 | AF4: 8.81 | AG4: 9.03 | AH4: 9.28 | AI4: 9.13 | AJ4: 9.23 | AK4: 9.01 | AL4: 9.89 | AM4: 9.69 | AO4: 9.32 | AP4: 8.89 | AQ4: 8.89 | AR4: 9.31 | AS4: 8.92
B5: P90 Sunset Lily FN | C5: {=LOOKUP(2,1/(I5:GA5<>""),I5:GA5)} -> 9.84 | D5: {=SUMPRODUCT(MAX((I5:GA5<>"")*COLUMN(I5:GA5)))} -> 45 | F5: =(C5-I5)/I5 -> 1.8114286 | G5: {=(C5-IF(ISNA(INDEX(I5:GA5,D5-22)),INDEX(I5:GA5,D5-23),INDEX(I5:GA5,D5-22)))/IF(ISNA(INDEX(I5:GA5,D5-22)),INDEX(I5:GA5,D5-23),INDEX(I5:GA5,D5-22))} -> -0.11827957 | I5: 3.5 | J5: 3.7 | L5: 3.9 | N5: 4.2 | O5: 4.5 | P5: 6.6 | Q5: 6.41 | R5: 6.41 | S5: 6.56 | T5: 8.83 | U5: 9.61 | V5: 9.02 | W5: 8.69 | X5: 8.19 | Y5: 7.37 | Z5: 7.63 | AA5: 8.23 | AB5: 9.16 | AC5: 9.89 | AD5: 11.16 | AE5: 11.16 | AF5: 10.03 | AG5: 9.81 | AH5: 9.52 | AI5: 9.67 | AJ5: 9.61 | AK5: 11.52 | AL5: 10.94 | AM5: 10.44 | AO5: 10.72 | AP5: 10.03 | AQ5: 10.05 | AR5: 9.85 | AS5: 9.84
B6: Tec-9 Rust Leaf FN | C6: {=LOOKUP(2,1/(I6:GA6<>""),I6:GA6)} -> 9.85 | D6: {=SUMPRODUCT(MAX((I6:GA6<>"")*COLUMN(I6:GA6)))} -> 45 | F6: =(C6-I6)/I6 -> 1.8223496 | G6: {=(C6-IF(ISNA(INDEX(I6:GA6,D6-22)),INDEX(I6:GA6,D6-23),INDEX(I6:GA6,D6-22)))/IF(ISNA(INDEX(I6:GA6,D6-22)),INDEX(I6:GA6,D6-23),INDEX(I6:GA6,D6-22))} -> -0.0060544904 | I6: 3.49 | J6: 3.76 | L6: 4.03 | N6: 4.41 | O6: 4.76 | P6: 6.12 | Q6: 6.58 | R6: 6.58 | S6: 6.57 | T6: 7.69 | U6: 8.53 | V6: 8.46 | W6: 8.48 | X6: 7.97 | Y6: 7.9 | Z6: 7.89 | AA6: 8.59 | AB6: 9.37 | AC6: 11.08 | AD6: 10.94 | AE6: 9.91 | AF6: 9.39 | AG6: 9.71 | AH6: 9.38 | AI6: 9.84 | AJ6: 9.82 | AK6: 12.53 | AL6: 10.21 | AM6: 10.02 | AO6: 10.9 | AP6: 10.28 | AQ6: 10.07 | AR6: 10.02 | AS6: 9.85
B7: Tec-9 Rust Leaf MW | C7: {=LOOKUP(2,1/(I7:GA7<>""),I7:GA7)} -> 9.11 | D7: {=SUMPRODUCT(MAX((I7:GA7<>"")*COLUMN(I7:GA7)))} -> 45 | F7: =(C7-I7)/I7 -> 1.5518207 | G7: {=(C7-IF(ISNA(INDEX(I7:GA7,D7-22)),INDEX(I7:GA7,D7-23),INDEX(I7:GA7,D7-22)))/IF(ISNA(INDEX(I7:GA7,D7-22)),INDEX(I7:GA7,D7-23),INDEX(I7:GA7,D7-22))} -> -0.059855521 | I7: 3.57 | J7: 3.56 | L7: 3.84 | N7: 4.29 | O7: 4.4 | P7: 5.67 | Q7: 5.87 | R7: 6.3 | S7: 6.23 | T7: 7.42 | U7: 7.86 | V7: 8.21 | W7: 8.05 | X7: 7.96 | Y7: 7.24 | Z7: 6.93 | AA7: 7.97 | AB7: 8.89 | AC7: 9.69 | AD7: 11.46 | AE7: 9.69 | AF7: 9.33 | AG7: 9.28 | AH7: 9.34 | AI7: 9.26 | AJ7: 9.15 | AK7: 9.89 | AL7: 10.51 | AM7: 9.62 | AO7: 9.27 | AP7: 9.77 | AQ7: 9.39 | AR7: 9.01 | AS7: 9.11
B8: XM1014 Banana Leaf FN | C8: {=LOOKUP(2,1/(I8:GA8<>""),I8:GA8)} -> 10.02 | D8: {=SUMPRODUCT(MAX((I8:GA8<>"")*COLUMN(I8:GA8)))} -> 45 | F8: =(C8-I8)/I8 -> 1.4202899 | G8: {=(C8-IF(ISNA(INDEX(I8:GA8,D8-22)),INDEX(I8:GA8,D8-23),INDEX(I8:GA8,D8-22)))/IF(ISNA(INDEX(I8:GA8,D8-22)),INDEX(I8:GA8,D8-23),INDEX(I8:GA8,D8-22))} -> -0.036538462 | I8: 4.14 | J8: 3.9 | L8: 3.9 | N8: 4.72 | O8: 5.1 | P8: 5.9 | Q8: 6.56 | R8: 7.13 | S8: 7.19 | T8: 7.96 | U8: 8.54 | V8: 8.32 | W8: 8.2 | X8: 7.6 | Y8: 7.55 | Z8: 7.85 | AA8: 8.78 | AB8: 9.06 | AC8: 10.08 | AD8: 10.84 | AE8: 10.4 | AF8: 9.62 | AG8: 10.18 | AH8: 10.04 | AI8: 10.04 | AJ8: 9.82 | AK8: 12.51 | AL8: 12.26 | AM8: 11.67 | AO8: 11.12 | AP8: 10.37 | AQ8: 10.49 | AR8: 10.58 | AS8: 10.02
B9: XM1014 Banana Leaf MW | C9: {=LOOKUP(2,1/(I9:GA9<>""),I9:GA9)} -> 9.22 | D9: {=SUMPRODUCT(MAX((I9:GA9<>"")*COLUMN(I9:GA9)))} -> 45 | F9: =(C9-I9)/I9 -> 1.5971831 | G9: {=(C9-IF(ISNA(INDEX(I9:GA9,D9-22)),INDEX(I9:GA9,D9-23),INDEX(I9:GA9,D9-22)))/IF(ISNA(INDEX(I9:GA9,D9-22)),INDEX(I9:GA9,D9-23),INDEX(I9:GA9,D9-22))} -> -0.033542977 | I9: 3.55 | J9: 3.44 | L9: 3.96 | N9: 4.43 | O9: 4.51 | P9: 6.71 | Q9: 7.22 | R9: 6.07 | S9: 6.58 | T9: 7.49 | U9: 8.13 | V9: 8.51 | W9: 7.87 | X9: 7.56 | Y9: 6.94 | Z9: 7.04 | AA9: 7.9 | AB9: 9.69 | AC9: 9.72 | AD9: 11.1 | AE9: 9.54 | AF9: 9.28 | AG9: 9.11 | AH9: 9.44 | AI9: 9.55 | AJ9: 9.57 | AK9: 9.67 | AL9: 10.42 | AM9: 9.52 | AO9: 9.56 | AP9: 9.13 | AQ9: 9.27 | AR9: 9.51 | AS9: 9.22
A13: Sale Revenue Steam Market
I14: =I2 -> 44331 | J14: =J2 -> 44332 | K14: =K2 -> 44333 | L14: =L2 -> 44334 | M14: =M2 -> 44335 | N14: =N2 -> 44336 | O14: =O2 -> 44337 | P14: =P2 -> 44338 | ... GA14: =GA2 -> 44505
B15: M4 Dark Blossom FN | C15: {=LOOKUP(2,1/(I15:GA15<>""),I15:GA15)} -> 7.48 | D15: =D$9 -> 45 | F15: =(C15-I15)/I15 -> 1.2735562 | G15: {=(C15-IF(ISNA(INDEX(I15:GA15,D15-22)),INDEX(I15:GA15,D15-23),INDEX(I15:GA15,D15-22)))/IF(ISNA(INDEX(I15:GA15,D15-22)),INDEX(I15:GA15,D15-23),INDEX(I15:GA15,D15-22))} -> -0.078817734 | I15: =IF(I3=0,NA(),I3-ROUNDUP(I3*0.1,2)-ROUNDUP(I3*0.05,2)) -> 3.29 | J15: =IF(J3=0,NA(),J3-ROUNDUP(J3*0.1,2)-ROUNDUP(J3*0.05,2)) -> 3.12 | K15: =IF(K3=0,NA(),K3-ROUNDUP(K3*0.1,2)-ROUNDUP(K3*0.05,2)) -> #N/A | L15: =IF(L3=0,NA(),L3-ROUNDUP(L3*0.1,2)-ROUNDUP(L3*0.05,2)) -> 3.35 | M15: =IF(M3=0,NA(),M3-ROUNDUP(M3*0.1,2)-ROUNDUP(M3*0.05,2)) -> #N/A | N15: =IF(N3=0,NA(),N3-ROUNDUP(N3*0.1,2)-ROUNDUP(N3*0.05,2)) -> 3.77 | O15: =IF(O3=0,NA(),O3-ROUNDUP(O3*0.1,2)-ROUNDUP(O3*0.05,2)) -> 3.73 | P15: =IF(P3=0,NA(),P3-ROUNDUP(P3*0.1,2)-ROUNDUP(P3*0.05,2)) -> 5.09 | ... GA15: =IF(GA3=0,NA(),GA3-ROUNDUP(GA3*0.1,2)-ROUNDUP(GA3*0.05,2)) -> #N/A
B16: M4 Dark Blossom MW | C16: {=LOOKUP(2,1/(I16:GA16<>""),I16:GA16)} -> 7.57 | D16: =D$9 -> 45 | F16: =(C16-I16)/I16 -> 1.5661017 | G16: {=(C16-IF(ISNA(INDEX(I16:GA16,D16-22)),INDEX(I16:GA16,D16-23),INDEX(I16:GA16,D16-22)))/IF(ISNA(INDEX(I16:GA16,D16-22)),INDEX(I16:GA16,D16-23),INDEX(I16:GA16,D16-22))} -> -0.092326139 | I16: =IF(I4=0,NA(),I4-ROUNDUP(I4*0.1,2)-ROUNDUP(I4*0.05,2)) -> 2.95 | J16: =IF(J4=0,NA(),J4-ROUNDUP(J4*0.1,2)-ROUNDUP(J4*0.05,2)) -> 2.98 | K16: =IF(K4=0,NA(),K4-ROUNDUP(K4*0.1,2)-ROUNDUP(K4*0.05,2)) -> #N/A | L16: =IF(L4=0,NA(),L4-ROUNDUP(L4*0.1,2)-ROUNDUP(L4*0.05,2)) -> 3.33 | M16: =IF(M4=0,NA(),M4-ROUNDUP(M4*0.1,2)-ROUNDUP(M4*0.05,2)) -> #N/A | N16: =IF(N4=0,NA(),N4-ROUNDUP(N4*0.1,2)-ROUNDUP(N4*0.05,2)) -> 3.63 | O16: =IF(O4=0,NA(),O4-ROUNDUP(O4*0.1,2)-ROUNDUP(O4*0.05,2)) -> 3.82 | P16: =IF(P4=0,NA(),P4-ROUNDUP(P4*0.1,2)-ROUNDUP(P4*0.05,2)) -> 4.93 | ... GA16: =IF(GA4=0,NA(),GA4-ROUNDUP(GA4*0.1,2)-ROUNDUP(GA4*0.05,2)) -> #N/A
B17: P90 Sunset Lily FN | C17: {=LOOKUP(2,1/(I17:GA17<>""),I17:GA17)} -> 8.35 | D17: =D$9 -> 45 | F17: =(C17-I17)/I17 -> 1.8114478 | G17: {=(C17-IF(ISNA(INDEX(I17:GA17,D17-22)),INDEX(I17:GA17,D17-23),INDEX(I17:GA17,D17-22)))/IF(ISNA(INDEX(I17:GA17,D17-22)),INDEX(I17:GA17,D17-23),INDEX(I17:GA17,D17-22))} -> -0.11919831 | I17: =IF(I5=0,NA(),I5-ROUNDUP(I5*0.1,2)-ROUNDUP(I5*0.05,2)) -> 2.97 | J17: =IF(J5=0,NA(),J5-ROUNDUP(J5*0.1,2)-ROUNDUP(J5*0.05,2)) -> 3.14 | K17: =IF(K5=0,NA(),K5-ROUNDUP(K5*0.1,2)-ROUNDUP(K5*0.05,2)) -> #N/A | L17: =IF(L5=0,NA(),L5-ROUNDUP(L5*0.1,2)-ROUNDUP(L5*0.05,2)) -> 3.31 | M17: =IF(M5=0,NA(),M5-ROUNDUP(M5*0.1,2)-ROUNDUP(M5*0.05,2)) -> #N/A | N17: =IF(N5=0,NA(),N5-ROUNDUP(N5*0.1,2)-ROUNDUP(N5*0.05,2)) -> 3.57 | O17: =IF(O5=0,NA(),O5-ROUNDUP(O5*0.1,2)-ROUNDUP(O5*0.05,2)) -> 3.82 | P17: =IF(P5=0,NA(),P5-ROUNDUP(P5*0.1,2)-ROUNDUP(P5*0.05,2)) -> 5.61 | ... GA17: =IF(GA5=0,NA(),GA5-ROUNDUP(GA5*0.1,2)-ROUNDUP(GA5*0.05,2)) -> #N/A
B18: Tec-9 Rust Leaf FN | C18: {=LOOKUP(2,1/(I18:GA18<>""),I18:GA18)} -> 8.36 | D18: =D$9 -> 45 | F18: =(C18-I18)/I18 -> 1.8243243 | G18: {=(C18-IF(ISNA(INDEX(I18:GA18,D18-22)),INDEX(I18:GA18,D18-23),INDEX(I18:GA18,D18-22)))/IF(ISNA(INDEX(I18:GA18,D18-22)),INDEX(I18:GA18,D18-23),INDEX(I18:GA18,D18-22))} -> -0.0059453032 | I18: =IF(I6=0,NA(),I6-ROUNDUP(I6*0.1,2)-ROUNDUP(I6*0.05,2)) -> 2.96 | J18: =IF(J6=0,NA(),J6-ROUNDUP(J6*0.1,2)-ROUNDUP(J6*0.05,2)) -> 3.19 | K18: =IF(K6=0,NA(),K6-ROUNDUP(K6*0.1,2)-ROUNDUP(K6*0.05,2)) -> #N/A | L18: =IF(L6=0,NA(),L6-ROUNDUP(L6*0.1,2)-ROUNDUP(L6*0.05,2)) -> 3.41 | M18: =IF(M6=0,NA(),M6-ROUNDUP(M6*0.1,2)-ROUNDUP(M6*0.05,2)) -> #N/A | N18: =IF(N6=0,NA(),N6-ROUNDUP(N6*0.1,2)-ROUNDUP(N6*0.05,2)) -> 3.73 | O18: =IF(O6=0,NA(),O6-ROUNDUP(O6*0.1,2)-ROUNDUP(O6*0.05,2)) -> 4.04 | P18: =IF(P6=0,NA(),P6-ROUNDUP(P6*0.1,2)-ROUNDUP(P6*0.05,2)) -> 5.19 | ... GA18: =IF(GA6=0,NA(),GA6-ROUNDUP(GA6*0.1,2)-ROUNDUP(GA6*0.05,2)) -> #N/A
B19: Tec-9 Rust Leaf MW | C19: {=LOOKUP(2,1/(I19:GA19<>""),I19:GA19)} -> 7.73 | D19: =D$9 -> 45 | F19: =(C19-I19)/I19 -> 1.5511551 | G19: {=(C19-IF(ISNA(INDEX(I19:GA19,D19-22)),INDEX(I19:GA19,D19-23),INDEX(I19:GA19,D19-22)))/IF(ISNA(INDEX(I19:GA19,D19-22)),INDEX(I19:GA19,D19-23),INDEX(I19:GA19,D19-22))} -> -0.060753341 | I19: =IF(I7=0,NA(),I7-ROUNDUP(I7*0.1,2)-ROUNDUP(I7*0.05,2)) -> 3.03 | J19: =IF(J7=0,NA(),J7-ROUNDUP(J7*0.1,2)-ROUNDUP(J7*0.05,2)) -> 3.02 | K19: =IF(K7=0,NA(),K7-ROUNDUP(K7*0.1,2)-ROUNDUP(K7*0.05,2)) -> #N/A | L19: =IF(L7=0,NA(),L7-ROUNDUP(L7*0.1,2)-ROUNDUP(L7*0.05,2)) -> 3.25 | M19: =IF(M7=0,NA(),M7-ROUNDUP(M7*0.1,2)-ROUNDUP(M7*0.05,2)) -> #N/A | N19: =IF(N7=0,NA(),N7-ROUNDUP(N7*0.1,2)-ROUNDUP(N7*0.05,2)) -> 3.64 | O19: =IF(O7=0,NA(),O7-ROUNDUP(O7*0.1,2)-ROUNDUP(O7*0.05,2)) -> 3.74 | P19: =IF(P7=0,NA(),P7-ROUNDUP(P7*0.1,2)-ROUNDUP(P7*0.05,2)) -> 4.81 | ... GA19: =IF(GA7=0,NA(),GA7-ROUNDUP(GA7*0.1,2)-ROUNDUP(GA7*0.05,2)) -> #N/A
B20: XM1014 Banana Leaf FN | C20: {=LOOKUP(2,1/(I20:GA20<>""),I20:GA20)} -> 8.5 | D20: =D$9 -> 45 | F20: =(C20-I20)/I20 -> 1.4216524 | G20: {=(C20-IF(ISNA(INDEX(I20:GA20,D20-22)),INDEX(I20:GA20,D20-23),INDEX(I20:GA20,D20-22)))/IF(ISNA(INDEX(I20:GA20,D20-22)),INDEX(I20:GA20,D20-23),INDEX(I20:GA20,D20-22))} -> -0.038461538 | I20: =IF(I8=0,NA(),I8-ROUNDUP(I8*0.1,2)-ROUNDUP(I8*0.05,2)) -> 3.51 | J20: =IF(J8=0,NA(),J8-ROUNDUP(J8*0.1,2)-ROUNDUP(J8*0.05,2)) -> 3.31 | K20: =IF(K8=0,NA(),K8-ROUNDUP(K8*0.1,2)-ROUNDUP(K8*0.05,2)) -> #N/A | L20: =IF(L8=0,NA(),L8-ROUNDUP(L8*0.1,2)-ROUNDUP(L8*0.05,2)) -> 3.31 | M20: =IF(M8=0,NA(),M8-ROUNDUP(M8*0.1,2)-ROUNDUP(M8*0.05,2)) -> #N/A | N20: =IF(N8=0,NA(),N8-ROUNDUP(N8*0.1,2)-ROUNDUP(N8*0.05,2)) -> 4 | O20: =IF(O8=0,NA(),O8-ROUNDUP(O8*0.1,2)-ROUNDUP(O8*0.05,2)) -> 4.33 | P20: =IF(P8=0,NA(),P8-ROUNDUP(P8*0.1,2)-ROUNDUP(P8*0.05,2)) -> 5.01 | ... GA20: =IF(GA8=0,NA(),GA8-ROUNDUP(GA8*0.1,2)-ROUNDUP(GA8*0.05,2)) -> #N/A
B21: XM1014 Banana Leaf MW | C21: {=LOOKUP(2,1/(I21:GA21<>""),I21:GA21)} -> 7.82 | D21: =D$9 -> 45 | F21: =(C21-I21)/I21 -> 1.5980066 | G21: {=(C21-IF(ISNA(INDEX(I21:GA21,D21-22)),INDEX(I21:GA21,D21-23),INDEX(I21:GA21,D21-22)))/IF(ISNA(INDEX(I21:GA21,D21-22)),INDEX(I21:GA21,D21-23),INDEX(I21:GA21,D21-22))} -> -0.034567901 | I21: =IF(I9=0,NA(),I9-ROUNDUP(I9*0.1,2)-ROUNDUP(I9*0.05,2)) -> 3.01 | J21: =IF(J9=0,NA(),J9-ROUNDUP(J9*0.1,2)-ROUNDUP(J9*0.05,2)) -> 2.91 | K21: =IF(K9=0,NA(),K9-ROUNDUP(K9*0.1,2)-ROUNDUP(K9*0.05,2)) -> #N/A | L21: =IF(L9=0,NA(),L9-ROUNDUP(L9*0.1,2)-ROUNDUP(L9*0.05,2)) -> 3.36 | M21: =IF(M9=0,NA(),M9-ROUNDUP(M9*0.1,2)-ROUNDUP(M9*0.05,2)) -> #N/A | N21: =IF(N9=0,NA(),N9-ROUNDUP(N9*0.1,2)-ROUNDUP(N9*0.05,2)) -> 3.75 | O21: =IF(O9=0,NA(),O9-ROUNDUP(O9*0.1,2)-ROUNDUP(O9*0.05,2)) -> 3.82 | P21: =IF(P9=0,NA(),P9-ROUNDUP(P9*0.1,2)-ROUNDUP(P9*0.05,2)) -> 5.69 | ... GA21: =IF(GA9=0,NA(),GA9-ROUNDUP(GA9*0.1,2)-ROUNDUP(GA9*0.05,2)) -> #N/A
A24: Total Value Investments
I25: =I14 -> 44331 | J25: =J14 -> 44332 | K25: =K14 -> 44333 | L25: =L14 -> 44334 | M25: =M14 -> 44335 | N25: =N14 -> 44336 | O25: =O14 -> 44337 | P25: =P14 -> 44338 | ... GA25: =GA14 -> 44505
A26: 48 | B26: M4 Dark Blossom FN | C26: {=LOOKUP(2,1/(I26:GA26<>""),I26:GA26)} -> 422.4 | D26: =D$9 -> 45 | F26: =(C26-I26)/I26 -> 1.2680412 | G26: {=(C26-IF(ISNA(INDEX(I26:GA26,D26-22)),INDEX(I26:GA26,D26-23),INDEX(I26:GA26,D26-22)))/IF(ISNA(INDEX(I26:GA26,D26-22)),INDEX(I26:GA26,D26-23),INDEX(I26:GA26,D26-22))} -> -0.079497908 | I26: =IF(ISBLANK(I3),NA(),$A26*I3) -> 186.24 | J26: =IF(ISBLANK(J3),NA(),$A26*J3) -> 176.64 | K26: =IF(ISBLANK(K3),NA(),$A26*K3) -> #N/A | L26: =IF(ISBLANK(L3),NA(),$A26*L3) -> 189.6 | M26: =IF(ISBLANK(M3),NA(),$A26*M3) -> #N/A | N26: =IF(ISBLANK(N3),NA(),$A26*N3) -> 213.6 | O26: =IF(ISBLANK(O3),NA(),$A26*O3) -> 211.68 | P26: =IF(ISBLANK(P3),NA(),$A26*P3) -> 287.52 | ... GA26: =IF(ISBLANK(GA3),NA(),$A26*GA3) -> #N/A
A27: 10 | B27: M4 Dark Blossom MW | C27: {=LOOKUP(2,1/(I27:GA27<>""),I27:GA27)} -> 89.2 | D27: =D$9 -> 45 | F27: =(C27-I27)/I27 -> 1.5632184 | G27: {=(C27-IF(ISNA(INDEX(I27:GA27,D27-22)),INDEX(I27:GA27,D27-23),INDEX(I27:GA27,D27-22)))/IF(ISNA(INDEX(I27:GA27,D27-22)),INDEX(I27:GA27,D27-23),INDEX(I27:GA27,D27-22))} -> -0.092573754 | I27: =IF(ISBLANK(I4),NA(),$A27*I4) -> 34.8 | J27: =IF(ISBLANK(J4),NA(),$A27*J4) -> 35.2 | K27: =IF(ISBLANK(K4),NA(),$A27*K4) -> #N/A | L27: =IF(ISBLANK(L4),NA(),$A27*L4) -> 39.3 | M27: =IF(ISBLANK(M4),NA(),$A27*M4) -> #N/A | N27: =IF(ISBLANK(N4),NA(),$A27*N4) -> 42.8 | O27: =IF(ISBLANK(O4),NA(),$A27*O4) -> 45 | P27: =IF(ISBLANK(P4),NA(),$A27*P4) -> 58 | ... GA27: =IF(ISBLANK(GA4),NA(),$A27*GA4) -> #N/A
A28: 5 | B28: P90 Sunset Lily FN | C28: {=LOOKUP(2,1/(I28:GA28<>""),I28:GA28)} -> 49.2 | D28: =D$9 -> 45 | F28: =(C28-I28)/I28 -> 1.8114286 | G28: {=(C28-IF(ISNA(INDEX(I28:GA28,D28-22)),INDEX(I28:GA28,D28-23),INDEX(I28:GA28,D28-22)))/IF(ISNA(INDEX(I28:GA28,D28-22)),INDEX(I28:GA28,D28-23),INDEX(I28:GA28,D28-22))} -> -0.11827957 | I28: =IF(ISBLANK(I5),NA(),$A28*I5) -> 17.5 | J28: =IF(ISBLANK(J5),NA(),$A28*J5) -> 18.5 | K28: =IF(ISBLANK(K5),NA(),$A28*K5) -> #N/A | L28: =IF(ISBLANK(L5),NA(),$A28*L5) -> 19.5 | M28: =IF(ISBLANK(M5),NA(),$A28*M5) -> #N/A | N28: =IF(ISBLANK(N5),NA(),$A28*N5) -> 21 | O28: =IF(ISBLANK(O5),NA(),$A28*O5) -> 22.5 | P28: =IF(ISBLANK(P5),NA(),$A28*P5) -> 33 | ... GA28: =IF(ISBLANK(GA5),NA(),$A28*GA5) -> #N/A
A29: 7 | B29: Tec-9 Rust Leaf FN | C29: {=LOOKUP(2,1/(I29:GA29<>""),I29:GA29)} -> 68.95 | D29: =D$9 -> 45 | F29: =(C29-I29)/I29 -> 1.8223496 | G29: {=(C29-IF(ISNA(INDEX(I29:GA29,D29-22)),INDEX(I29:GA29,D29-23),INDEX(I29:GA29,D29-22)))/IF(ISNA(INDEX(I29:GA29,D29-22)),INDEX(I29:GA29,D29-23),INDEX(I29:GA29,D29-22))} -> -0.0060544904 | I29: =IF(ISBLANK(I6),NA(),$A29*I6) -> 24.43 | J29: =IF(ISBLANK(J6),NA(),$A29*J6) -> 26.32 | K29: =IF(ISBLANK(K6),NA(),$A29*K6) -> #N/A | L29: =IF(ISBLANK(L6),NA(),$A29*L6) -> 28.21 | M29: =IF(ISBLANK(M6),NA(),$A29*M6) -> #N/A | N29: =IF(ISBLANK(N6),NA(),$A29*N6) -> 30.87 | O29: =IF(ISBLANK(O6),NA(),$A29*O6) -> 33.32 | P29: =IF(ISBLANK(P6),NA(),$A29*P6) -> 42.84 | ... GA29: =IF(ISBLANK(GA6),NA(),$A29*GA6) -> #N/A
A30: 10 | B30: Tec-9 Rust Leaf MW | C30: {=LOOKUP(2,1/(I30:GA30<>""),I30:GA30)} -> 91.1 | D30: =D$9 -> 45 | F30: =(C30-I30)/I30 -> 1.5518207 | G30: {=(C30-IF(ISNA(INDEX(I30:GA30,D30-22)),INDEX(I30:GA30,D30-23),INDEX(I30:GA30,D30-22)))/IF(ISNA(INDEX(I30:GA30,D30-22)),INDEX(I30:GA30,D30-23),INDEX(I30:GA30,D30-22))} -> -0.059855521 | I30: =IF(ISBLANK(I7),NA(),$A30*I7) -> 35.7 | J30: =IF(ISBLANK(J7),NA(),$A30*J7) -> 35.6 | K30: =IF(ISBLANK(K7),NA(),$A30*K7) -> #N/A | L30: =IF(ISBLANK(L7),NA(),$A30*L7) -> 38.4 | M30: =IF(ISBLANK(M7),NA(),$A30*M7) -> #N/A | N30: =IF(ISBLANK(N7),NA(),$A30*N7) -> 42.9 | O30: =IF(ISBLANK(O7),NA(),$A30*O7) -> 44 | P30: =IF(ISBLANK(P7),NA(),$A30*P7) -> 56.7 | ... GA30: =IF(ISBLANK(GA7),NA(),$A30*GA7) -> #N/A
A31: 10 | B31: XM1014 Banana Leaf FN | C31: {=LOOKUP(2,1/(I31:GA31<>""),I31:GA31)} -> 100.2 | D31: =D$9 -> 45 | F31: =(C31-I31)/I31 -> 1.4202899 | G31: {=(C31-IF(ISNA(INDEX(I31:GA31,D31-22)),INDEX(I31:GA31,D31-23),INDEX(I31:GA31,D31-22)))/IF(ISNA(INDEX(I31:GA31,D31-22)),INDEX(I31:GA31,D31-23),INDEX(I31:GA31,D31-22))} -> -0.036538462 | I31: =IF(ISBLANK(I8),NA(),$A31*I8) -> 41.4 | J31: =IF(ISBLANK(J8),NA(),$A31*J8) -> 39 | K31: =IF(ISBLANK(K8),NA(),$A31*K8) -> #N/A | L31: =IF(ISBLANK(L8),NA(),$A31*L8) -> 39 | M31: =IF(ISBLANK(M8),NA(),$A31*M8) -> #N/A | N31: =IF(ISBLANK(N8),NA(),$A31*N8) -> 47.2 | O31: =IF(ISBLANK(O8),NA(),$A31*O8) -> 51 | P31: =IF(ISBLANK(P8),NA(),$A31*P8) -> 59 | ... GA31: =IF(ISBLANK(GA8),NA(),$A31*GA8) -> #N/A
A32: 6 | B32: XM1014 Banana Leaf MW | C32: {=LOOKUP(2,1/(I32:GA32<>""),I32:GA32)} -> 55.32 | D32: =D$9 -> 45 | F32: =(C32-I32)/I32 -> 1.5971831 | G32: {=(C32-IF(ISNA(INDEX(I32:GA32,D32-22)),INDEX(I32:GA32,D32-23),INDEX(I32:GA32,D32-22)))/IF(ISNA(INDEX(I32:GA32,D32-22)),INDEX(I32:GA32,D32-23),INDEX(I32:GA32,D32-22))} -> -0.033542977 | I32: =IF(ISBLANK(I9),NA(),$A32*I9) -> 21.3 | J32: =IF(ISBLANK(J9),NA(),$A32*J9) -> 20.64 | K32: =IF(ISBLANK(K9),NA(),$A32*K9) -> #N/A | L32: =IF(ISBLANK(L9),NA(),$A32*L9) -> 23.76 | M32: =IF(ISBLANK(M9),NA(),$A32*M9) -> #N/A | N32: =IF(ISBLANK(N9),NA(),$A32*N9) -> 26.58 | O32: =IF(ISBLANK(O9),NA(),$A32*O9) -> 27.06 | P32: =IF(ISBLANK(P9),NA(),$A32*P9) -> 40.26 | ... GA32: =IF(ISBLANK(GA9),NA(),$A32*GA9) -> #N/A
A36: Total Sale Revenue Steam Market
I37: =I25 -> 44331 | J37: =J25 -> 44332 | K37: =K25 -> 44333 | L37: =L25 -> 44334 | M37: =M25 -> 44335 | N37: =N25 -> 44336 | O37: =O25 -> 44337 | P37: =P25 -> 44338 | ... GA37: =GA25 -> 44505
A38: =A26 -> 48 | B38: M4 Dark Blossom FN | C38: {=LOOKUP(2,1/(I38:GA38<>""),I38:GA38)} -> 359.04 | D38: =D$9 -> 45 | F38: =(C38-I38)/I38 -> 1.2735562 | G38: {=(C38-IF(ISNA(INDEX(I38:GA38,D38-22)),INDEX(I38:GA38,D38-23),INDEX(I38:GA38,D38-22)))/IF(ISNA(INDEX(I38:GA38,D38-22)),INDEX(I38:GA38,D38-23),INDEX(I38:GA38,D38-22))} -> -0.078817734 | I38: =IF(ISNA(I15),NA(),$A38*I15) -> 157.92 | J38: =IF(ISNA(J15),NA(),$A38*J15) -> 149.76 | K38: =IF(ISNA(K15),NA(),$A38*K15) -> #N/A | L38: =IF(ISNA(L15),NA(),$A38*L15) -> 160.8 | M38: =IF(ISNA(M15),NA(),$A38*M15) -> #N/A | N38: =IF(ISNA(N15),NA(),$A38*N15) -> 180.96 | O38: =IF(ISNA(O15),NA(),$A38*O15) -> 179.04 | P38: =IF(ISNA(P15),NA(),$A38*P15) -> 244.32 | ... GA38: =IF(ISNA(GA15),NA(),$A38*GA15) -> #N/A
A39: =A27 -> 10 | B39: M4 Dark Blossom MW | C39: {=LOOKUP(2,1/(I39:GA39<>""),I39:GA39)} -> 75.7 | D39: =D$9 -> 45 | F39: =(C39-I39)/I39 -> 1.5661017 | G39: {=(C39-IF(ISNA(INDEX(I39:GA39,D39-22)),INDEX(I39:GA39,D39-23),INDEX(I39:GA39,D39-22)))/IF(ISNA(INDEX(I39:GA39,D39-22)),INDEX(I39:GA39,D39-23),INDEX(I39:GA39,D39-22))} -> -0.092326139 | I39: =IF(ISNA(I16),NA(),$A39*I16) -> 29.5 | J39: =IF(ISNA(J16),NA(),$A39*J16) -> 29.8 | K39: =IF(ISNA(K16),NA(),$A39*K16) -> #N/A | L39: =IF(ISNA(L16),NA(),$A39*L16) -> 33.3 | M39: =IF(ISNA(M16),NA(),$A39*M16) -> #N/A | N39: =IF(ISNA(N16),NA(),$A39*N16) -> 36.3 | O39: =IF(ISNA(O16),NA(),$A39*O16) -> 38.2 | P39: =IF(ISNA(P16),NA(),$A39*P16) -> 49.3 | ... GA39: =IF(ISNA(GA16),NA(),$A39*GA16) -> #N/A
A40: =A28 -> 5 | B40: P90 Sunset Lily FN | C40: {=LOOKUP(2,1/(I40:GA40<>""),I40:GA40)} -> 41.75 | D40: =D$9 -> 45 | F40: =(C40-I40)/I40 -> 1.8114478 | G40: {=(C40-IF(ISNA(INDEX(I40:GA40,D40-22)),INDEX(I40:GA40,D40-23),INDEX(I40:GA40,D40-22)))/IF(ISNA(INDEX(I40:GA40,D40-22)),INDEX(I40:GA40,D40-23),INDEX(I40:GA40,D40-22))} -> -0.11919831 | I40: =IF(ISNA(I17),NA(),$A40*I17) -> 14.85 | J40: =IF(ISNA(J17),NA(),$A40*J17) -> 15.7 | K40: =IF(ISNA(K17),NA(),$A40*K17) -> #N/A | L40: =IF(ISNA(L17),NA(),$A40*L17) -> 16.55 | M40: =IF(ISNA(M17),NA(),$A40*M17) -> #N/A | N40: =IF(ISNA(N17),NA(),$A40*N17) -> 17.85 | O40: =IF(ISNA(O17),NA(),$A40*O17) -> 19.1 | P40: =IF(ISNA(P17),NA(),$A40*P17) -> 28.05 | ... GA40: =IF(ISNA(GA17),NA(),$A40*GA17) -> #N/A
A41: =A29 -> 7 | B41: Tec-9 Rust Leaf FN | C41: {=LOOKUP(2,1/(I41:GA41<>""),I41:GA41)} -> 58.52 | D41: =D$9 -> 45 | F41: =(C41-I41)/I41 -> 1.8243243 | G41: {=(C41-IF(ISNA(INDEX(I41:GA41,D41-22)),INDEX(I41:GA41,D41-23),INDEX(I41:GA41,D41-22)))/IF(ISNA(INDEX(I41:GA41,D41-22)),INDEX(I41:GA41,D41-23),INDEX(I41:GA41,D41-22))} -> -0.0059453032 | I41: =IF(ISNA(I18),NA(),$A41*I18) -> 20.72 | J41: =IF(ISNA(J18),NA(),$A41*J18) -> 22.33 | K41: =IF(ISNA(K18),NA(),$A41*K18) -> #N/A | L41: =IF(ISNA(L18),NA(),$A41*L18) -> 23.87 | M41: =IF(ISNA(M18),NA(),$A41*M18) -> #N/A | N41: =IF(ISNA(N18),NA(),$A41*N18) -> 26.11 | O41: =IF(ISNA(O18),NA(),$A41*O18) -> 28.28 | P41: =IF(ISNA(P18),NA(),$A41*P18) -> 36.33 | ... GA41: =IF(ISNA(GA18),NA(),$A41*GA18) -> #N/A
A42: =A30 -> 10 | B42: Tec-9 Rust Leaf MW | C42: {=LOOKUP(2,1/(I42:GA42<>""),I42:GA42)} -> 77.3 | D42: =D$9 -> 45 | F42: =(C42-I42)/I42 -> 1.5511551 | G42: {=(C42-IF(ISNA(INDEX(I42:GA42,D42-22)),INDEX(I42:GA42,D42-23),INDEX(I42:GA42,D42-22)))/IF(ISNA(INDEX(I42:GA42,D42-22)),INDEX(I42:GA42,D42-23),INDEX(I42:GA42,D42-22))} -> -0.060753341 | I42: =IF(ISNA(I19),NA(),$A42*I19) -> 30.3 | J42: =IF(ISNA(J19),NA(),$A42*J19) -> 30.2 | K42: =IF(ISNA(K19),NA(),$A42*K19) -> #N/A | L42: =IF(ISNA(L19),NA(),$A42*L19) -> 32.5 | M42: =IF(ISNA(M19),NA(),$A42*M19) -> #N/A | N42: =IF(ISNA(N19),NA(),$A42*N19) -> 36.4 | O42: =IF(ISNA(O19),NA(),$A42*O19) -> 37.4 | P42: =IF(ISNA(P19),NA(),$A42*P19) -> 48.1 | ... GA42: =IF(ISNA(GA19),NA(),$A42*GA19) -> #N/A
A43: =A31 -> 10 | B43: XM1014 Banana Leaf FN | C43: {=LOOKUP(2,1/(I43:GA43<>""),I43:GA43)} -> 85 | D43: =D$9 -> 45 | F43: =(C43-I43)/I43 -> 1.4216524 | G43: {=(C43-IF(ISNA(INDEX(I43:GA43,D43-22)),INDEX(I43:GA43,D43-23),INDEX(I43:GA43,D43-22)))/IF(ISNA(INDEX(I43:GA43,D43-22)),INDEX(I43:GA43,D43-23),INDEX(I43:GA43,D43-22))} -> -0.038461538 | I43: =IF(ISNA(I20),NA(),$A43*I20) -> 35.1 | J43: =IF(ISNA(J20),NA(),$A43*J20) -> 33.1 | K43: =IF(ISNA(K20),NA(),$A43*K20) -> #N/A | L43: =IF(ISNA(L20),NA(),$A43*L20) -> 33.1 | M43: =IF(ISNA(M20),NA(),$A43*M20) -> #N/A | N43: =IF(ISNA(N20),NA(),$A43*N20) -> 40 | O43: =IF(ISNA(O20),NA(),$A43*O20) -> 43.3 | P43: =IF(ISNA(P20),NA(),$A43*P20) -> 50.1 | ... GA43: =IF(ISNA(GA20),NA(),$A43*GA20) -> #N/A
A44: =A32 -> 6 | B44: XM1014 Banana Leaf MW | C44: {=LOOKUP(2,1/(I44:GA44<>""),I44:GA44)} -> 46.92 | D44: =D$9 -> 45 | F44: =(C44-I44)/I44 -> 1.5980066 | G44: {=(C44-IF(ISNA(INDEX(I44:GA44,D44-22)),INDEX(I44:GA44,D44-23),INDEX(I44:GA44,D44-22)))/IF(ISNA(INDEX(I44:GA44,D44-22)),INDEX(I44:GA44,D44-23),INDEX(I44:GA44,D44-22))} -> -0.034567901 | I44: =IF(ISNA(I21),NA(),$A44*I21) -> 18.06 | J44: =IF(ISNA(J21),NA(),$A44*J21) -> 17.46 | K44: =IF(ISNA(K21),NA(),$A44*K21) -> #N/A | L44: =IF(ISNA(L21),NA(),$A44*L21) -> 20.16 | M44: =IF(ISNA(M21),NA(),$A44*M21) -> #N/A | N44: =IF(ISNA(N21),NA(),$A44*N21) -> 22.5 | O44: =IF(ISNA(O21),NA(),$A44*O21) -> 22.92 | P44: =IF(ISNA(P21),NA(),$A44*P21) -> 34.14 | ... GA44: =IF(ISNA(GA21),NA(),$A44*GA21) -> #N/A
A47: Revenue skinbaron
I48: =I37 -> 44331 | J48: =J37 -> 44332 | K48: =K37 -> 44333 | L48: =L37 -> 44334 | M48: =M37 -> 44335 | N48: =N37 -> 44336 | O48: =O37 -> 44337 | P48: =P37 -> 44338 | ... GA48: =GA37 -> 44505
A49: =A38 -> 48 | B49: M4 Dark Blossom FN | C49: {=LOOKUP(2,1/(I49:GA49<>""),I49:GA49)} -> 6.6 | D49: =D$9 -> 45 | F49: =(C49-I49)/I49 -> 1.2680412 | G49: {=(C49-IF(ISNA(INDEX(I49:GA49,D49-22)),INDEX(I49:GA49,D49-23),INDEX(I49:GA49,D49-22)))/IF(ISNA(INDEX(I49:GA49,D49-22)),INDEX(I49:GA49,D49-23),INDEX(I49:GA49,D49-22))} -> -0.079497908 | I49: =IF(ISBLANK(I3),NA(),ROUNDDOWN(I3*0.75,2)) -> 2.91 | J49: =IF(ISBLANK(J3),NA(),ROUNDDOWN(J3*0.75,2)) -> 2.76 | K49: =IF(ISBLANK(K3),NA(),ROUNDDOWN(K3*0.75,2)) -> #N/A | L49: =IF(ISBLANK(L3),NA(),ROUNDDOWN(L3*0.75,2)) -> 2.96 | M49: =IF(ISBLANK(M3),NA(),ROUNDDOWN(M3*0.75,2)) -> #N/A | N49: =IF(ISBLANK(N3),NA(),ROUNDDOWN(N3*0.75,2)) -> 3.33 | O49: =IF(ISBLANK(O3),NA(),ROUNDDOWN(O3*0.75,2)) -> 3.3 | P49: =IF(ISBLANK(P3),NA(),ROUNDDOWN(P3*0.75,2)) -> 4.49 | ... GA49: =IF(ISBLANK(GA3),NA(),ROUNDDOWN(GA3*0.75,2)) -> #N/A
A50: =A39 -> 10 | B50: M4 Dark Blossom MW | C50: {=LOOKUP(2,1/(I50:GA50<>""),I50:GA50)} -> 6.69 | D50: =D$9 -> 45 | F50: =(C50-I50)/I50 -> 1.5632184 | G50: {=(C50-IF(ISNA(INDEX(I50:GA50,D50-22)),INDEX(I50:GA50,D50-23),INDEX(I50:GA50,D50-22)))/IF(ISNA(INDEX(I50:GA50,D50-22)),INDEX(I50:GA50,D50-23),INDEX(I50:GA50,D50-22))} -> -0.092265943 | I50: =IF(ISBLANK(I4),NA(),ROUNDDOWN(I4*0.75,2)) -> 2.61 | J50: =IF(ISBLANK(J4),NA(),ROUNDDOWN(J4*0.75,2)) -> 2.64 | K50: =IF(ISBLANK(K4),NA(),ROUNDDOWN(K4*0.75,2)) -> #N/A | L50: =IF(ISBLANK(L4),NA(),ROUNDDOWN(L4*0.75,2)) -> 2.94 | M50: =IF(ISBLANK(M4),NA(),ROUNDDOWN(M4*0.75,2)) -> #N/A | N50: =IF(ISBLANK(N4),NA(),ROUNDDOWN(N4*0.75,2)) -> 3.21 | O50: =IF(ISBLANK(O4),NA(),ROUNDDOWN(O4*0.75,2)) -> 3.37 | P50: =IF(ISBLANK(P4),NA(),ROUNDDOWN(P4*0.75,2)) -> 4.35 | ... GA50: =IF(ISBLANK(GA4),NA(),ROUNDDOWN(GA4*0.75,2)) -> #N/A
A51: =A40 -> 5 | B51: P90 Sunset Lily FN | C51: {=LOOKUP(2,1/(I51:GA51<>""),I51:GA51)} -> 7.38 | D51: =D$9 -> 45 | F51: =(C51-I51)/I51 -> 1.8167939 | G51: {=(C51-IF(ISNA(INDEX(I51:GA51,D51-22)),INDEX(I51:GA51,D51-23),INDEX(I51:GA51,D51-22)))/IF(ISNA(INDEX(I51:GA51,D51-22)),INDEX(I51:GA51,D51-23),INDEX(I51:GA51,D51-22))} -> -0.11827957 | I51: =IF(ISBLANK(I5),NA(),ROUNDDOWN(I5*0.75,2)) -> 2.62 | J51: =IF(ISBLANK(J5),NA(),ROUNDDOWN(J5*0.75,2)) -> 2.77 | K51: =IF(ISBLANK(K5),NA(),ROUNDDOWN(K5*0.75,2)) -> #N/A | L51: =IF(ISBLANK(L5),NA(),ROUNDDOWN(L5*0.75,2)) -> 2.92 | M51: =IF(ISBLANK(M5),NA(),ROUNDDOWN(M5*0.75,2)) -> #N/A | N51: =IF(ISBLANK(N5),NA(),ROUNDDOWN(N5*0.75,2)) -> 3.15 | O51: =IF(ISBLANK(O5),NA(),ROUNDDOWN(O5*0.75,2)) -> 3.37 | P51: =IF(ISBLANK(P5),NA(),ROUNDDOWN(P5*0.75,2)) -> 4.95 | ... GA51: =IF(ISBLANK(GA5),NA(),ROUNDDOWN(GA5*0.75,2)) -> #N/A
A52: =A41 -> 7 | B52: Tec-9 Rust Leaf FN | C52: {=LOOKUP(2,1/(I52:GA52<>""),I52:GA52)} -> 7.38 | D52: =D$9 -> 45 | F52: =(C52-I52)/I52 -> 1.8275862 | G52: {=(C52-IF(ISNA(INDEX(I52:GA52,D52-22)),INDEX(I52:GA52,D52-23),INDEX(I52:GA52,D52-22)))/IF(ISNA(INDEX(I52:GA52,D52-22)),INDEX(I52:GA52,D52-23),INDEX(I52:GA52,D52-22))} -> -0.0067294751 | I52: =IF(ISBLANK(I6),NA(),ROUNDDOWN(I6*0.75,2)) -> 2.61 | J52: =IF(ISBLANK(J6),NA(),ROUNDDOWN(J6*0.75,2)) -> 2.82 | K52: =IF(ISBLANK(K6),NA(),ROUNDDOWN(K6*0.75,2)) -> #N/A | L52: =IF(ISBLANK(L6),NA(),ROUNDDOWN(L6*0.75,2)) -> 3.02 | M52: =IF(ISBLANK(M6),NA(),ROUNDDOWN(M6*0.75,2)) -> #N/A | N52: =IF(ISBLANK(N6),NA(),ROUNDDOWN(N6*0.75,2)) -> 3.3 | O52: =IF(ISBLANK(O6),NA(),ROUNDDOWN(O6*0.75,2)) -> 3.57 | P52: =IF(ISBLANK(P6),NA(),ROUNDDOWN(P6*0.75,2)) -> 4.59 | ... GA52: =IF(ISBLANK(GA6),NA(),ROUNDDOWN(GA6*0.75,2)) -> #N/A
A53: =A42 -> 10 | B53: Tec-9 Rust Leaf MW | C53: {=LOOKUP(2,1/(I53:GA53<>""),I53:GA53)} -> 6.83 | D53: =D$9 -> 45 | F53: =(C53-I53)/I53 -> 1.5580524 | G53: {=(C53-IF(ISNA(INDEX(I53:GA53,D53-22)),INDEX(I53:GA53,D53-23),INDEX(I53:GA53,D53-22)))/IF(ISNA(INDEX(I53:GA53,D53-22)),INDEX(I53:GA53,D53-23),INDEX(I53:GA53,D53-22))} -> -0.05922865 | I53: =IF(ISBLANK(I7),NA(),ROUNDDOWN(I7*0.75,2)) -> 2.67 | J53: =IF(ISBLANK(J7),NA(),ROUNDDOWN(J7*0.75,2)) -> 2.67 | K53: =IF(ISBLANK(K7),NA(),ROUNDDOWN(K7*0.75,2)) -> #N/A | L53: =IF(ISBLANK(L7),NA(),ROUNDDOWN(L7*0.75,2)) -> 2.88 | M53: =IF(ISBLANK(M7),NA(),ROUNDDOWN(M7*0.75,2)) -> #N/A | N53: =IF(ISBLANK(N7),NA(),ROUNDDOWN(N7*0.75,2)) -> 3.21 | O53: =IF(ISBLANK(O7),NA(),ROUNDDOWN(O7*0.75,2)) -> 3.3 | P53: =IF(ISBLANK(P7),NA(),ROUNDDOWN(P7*0.75,2)) -> 4.25 | ... GA53: =IF(ISBLANK(GA7),NA(),ROUNDDOWN(GA7*0.75,2)) -> #N/A
A54: =A43 -> 10 | B54: XM1014 Banana Leaf FN | C54: {=LOOKUP(2,1/(I54:GA54<>""),I54:GA54)} -> 7.51 | D54: =D$9 -> 45 | F54: =(C54-I54)/I54 -> 1.4225806 | G54: {=(C54-IF(ISNA(INDEX(I54:GA54,D54-22)),INDEX(I54:GA54,D54-23),INDEX(I54:GA54,D54-22)))/IF(ISNA(INDEX(I54:GA54,D54-22)),INDEX(I54:GA54,D54-23),INDEX(I54:GA54,D54-22))} -> -0.037179487 | I54: =IF(ISBLANK(I8),NA(),ROUNDDOWN(I8*0.75,2)) -> 3.1 | J54: =IF(ISBLANK(J8),NA(),ROUNDDOWN(J8*0.75,2)) -> 2.92 | K54: =IF(ISBLANK(K8),NA(),ROUNDDOWN(K8*0.75,2)) -> #N/A | L54: =IF(ISBLANK(L8),NA(),ROUNDDOWN(L8*0.75,2)) -> 2.92 | M54: =IF(ISBLANK(M8),NA(),ROUNDDOWN(M8*0.75,2)) -> #N/A | N54: =IF(ISBLANK(N8),NA(),ROUNDDOWN(N8*0.75,2)) -> 3.54 | O54: =IF(ISBLANK(O8),NA(),ROUNDDOWN(O8*0.75,2)) -> 3.82 | P54: =IF(ISBLANK(P8),NA(),ROUNDDOWN(P8*0.75,2)) -> 4.42 | ... GA54: =IF(ISBLANK(GA8),NA(),ROUNDDOWN(GA8*0.75,2)) -> #N/A
A55: =A44 -> 6 | B55: XM1014 Banana Leaf MW | C55: {=LOOKUP(2,1/(I55:GA55<>""),I55:GA55)} -> 6.91 | D55: =D$9 -> 45 | F55: =(C55-I55)/I55 -> 1.5977444 | G55: {=(C55-IF(ISNA(INDEX(I55:GA55,D55-22)),INDEX(I55:GA55,D55-23),INDEX(I55:GA55,D55-22)))/IF(ISNA(INDEX(I55:GA55,D55-22)),INDEX(I55:GA55,D55-23),INDEX(I55:GA55,D55-22))} -> -0.033566434 | I55: =IF(ISBLANK(I9),NA(),ROUNDDOWN(I9*0.75,2)) -> 2.66 | J55: =IF(ISBLANK(J9),NA(),ROUNDDOWN(J9*0.75,2)) -> 2.58 | K55: =IF(ISBLANK(K9),NA(),ROUNDDOWN(K9*0.75,2)) -> #N/A | L55: =IF(ISBLANK(L9),NA(),ROUNDDOWN(L9*0.75,2)) -> 2.97 | M55: =IF(ISBLANK(M9),NA(),ROUNDDOWN(M9*0.75,2)) -> #N/A | N55: =IF(ISBLANK(N9),NA(),ROUNDDOWN(N9*0.75,2)) -> 3.32 | O55: =IF(ISBLANK(O9),NA(),ROUNDDOWN(O9*0.75,2)) -> 3.38 | P55: =IF(ISBLANK(P9),NA(),ROUNDDOWN(P9*0.75,2)) -> 5.03 | ... GA55: =IF(ISBLANK(GA9),NA(),ROUNDDOWN(GA9*0.75,2)) -> #N/A
A57: Total Revenue skinbaron
I58: =I48 -> 44331 | J58: =J48 -> 44332 | K58: =K48 -> 44333 | L58: =L48 -> 44334 | M58: =M48 -> 44335 | N58: =N48 -> 44336 | O58: =O48 -> 44337 | P58: =P48 -> 44338 | ... GA58: =GA48 -> 44505
A59: =A49 -> 48 | B59: M4 Dark Blossom FN | C59: {=LOOKUP(2,1/(I59:GA59<>""),I59:GA59)} -> 316.8 | D59: =D$9 -> 45 | F59: =(C59-I59)/I59 -> 1.2680412 | G59: {=(C59-IF(ISNA(INDEX(I59:GA59,D59-22)),INDEX(I59:GA59,D59-23),INDEX(I59:GA59,D59-22)))/IF(ISNA(INDEX(I59:GA59,D59-22)),INDEX(I59:GA59,D59-23),INDEX(I59:GA59,D59-22))} -> -0.079497908 | I59: =IF(ISNA(I49),NA(),I49*$A59) -> 139.68 | J59: =IF(ISNA(J49),NA(),J49*$A59) -> 132.48 | K59: =IF(ISNA(K49),NA(),K49*$A59) -> #N/A | L59: =IF(ISNA(L49),NA(),L49*$A59) -> 142.08 | M59: =IF(ISNA(M49),NA(),M49*$A59) -> #N/A | N59: =IF(ISNA(N49),NA(),N49*$A59) -> 159.84 | O59: =IF(ISNA(O49),NA(),O49*$A59) -> 158.4 | P59: =IF(ISNA(P49),NA(),P49*$A59) -> 215.52 | ... GA59: =IF(ISNA(GA49),NA(),GA49*$A59) -> #N/A
A60: =A50 -> 10 | B60: M4 Dark Blossom MW | C60: {=LOOKUP(2,1/(I60:GA60<>""),I60:GA60)} -> 66.9 | D60: =D$9 -> 45 | F60: =(C60-I60)/I60 -> 1.5632184 | G60: {=(C60-IF(ISNA(INDEX(I60:GA60,D60-22)),INDEX(I60:GA60,D60-23),INDEX(I60:GA60,D60-22)))/IF(ISNA(INDEX(I60:GA60,D60-22)),INDEX(I60:GA60,D60-23),INDEX(I60:GA60,D60-22))} -> -0.092265943 | I60: =IF(ISNA(I50),NA(),I50*$A60) -> 26.1 | J60: =IF(ISNA(J50),NA(),J50*$A60) -> 26.4 | K60: =IF(ISNA(K50),NA(),K50*$A60) -> #N/A | L60: =IF(ISNA(L50),NA(),L50*$A60) -> 29.4 | M60: =IF(ISNA(M50),NA(),M50*$A60) -> #N/A | N60: =IF(ISNA(N50),NA(),N50*$A60) -> 32.1 | O60: =IF(ISNA(O50),NA(),O50*$A60) -> 33.7 | P60: =IF(ISNA(P50),NA(),P50*$A60) -> 43.5 | ... GA60: =IF(ISNA(GA50),NA(),GA50*$A60) -> #N/A
A61: =A51 -> 5 | B61: P90 Sunset Lily FN | C61: {=LOOKUP(2,1/(I61:GA61<>""),I61:GA61)} -> 36.9 | D61: =D$9 -> 45 | F61: =(C61-I61)/I61 -> 1.8167939 | G61: {=(C61-IF(ISNA(INDEX(I61:GA61,D61-22)),INDEX(I61:GA61,D61-23),INDEX(I61:GA61,D61-22)))/IF(ISNA(INDEX(I61:GA61,D61-22)),INDEX(I61:GA61,D61-23),INDEX(I61:GA61,D61-22))} -> -0.11827957 | I61: =IF(ISNA(I51),NA(),I51*$A61) -> 13.1 | J61: =IF(ISNA(J51),NA(),J51*$A61) -> 13.85 | K61: =IF(ISNA(K51),NA(),K51*$A61) -> #N/A | L61: =IF(ISNA(L51),NA(),L51*$A61) -> 14.6 | M61: =IF(ISNA(M51),NA(),M51*$A61) -> #N/A | N61: =IF(ISNA(N51),NA(),N51*$A61) -> 15.75 | O61: =IF(ISNA(O51),NA(),O51*$A61) -> 16.85 | P61: =IF(ISNA(P51),NA(),P51*$A61) -> 24.75 | ... GA61: =IF(ISNA(GA51),NA(),GA51*$A61) -> #N/A
A62: =A52 -> 7 | B62: Tec-9 Rust Leaf FN | C62: {=LOOKUP(2,1/(I62:GA62<>""),I62:GA62)} -> 51.66 | D62: =D$9 -> 45 | F62: =(C62-I62)/I62 -> 1.8275862 | G62: {=(C62-IF(ISNA(INDEX(I62:GA62,D62-22)),INDEX(I62:GA62,D62-23),INDEX(I62:GA62,D62-22)))/IF(ISNA(INDEX(I62:GA62,D62-22)),INDEX(I62:GA62,D62-23),INDEX(I62:GA62,D62-22))} -> -0.0067294751 | I62: =IF(ISNA(I52),NA(),I52*$A62) -> 18.27 | J62: =IF(ISNA(J52),NA(),J52*$A62) -> 19.74 | K62: =IF(ISNA(K52),NA(),K52*$A62) -> #N/A | L62: =IF(ISNA(L52),NA(),L52*$A62) -> 21.14 | M62: =IF(ISNA(M52),NA(),M52*$A62) -> #N/A | N62: =IF(ISNA(N52),NA(),N52*$A62) -> 23.1 | O62: =IF(ISNA(O52),NA(),O52*$A62) -> 24.99 | P62: =IF(ISNA(P52),NA(),P52*$A62) -> 32.13 | ... GA62: =IF(ISNA(GA52),NA(),GA52*$A62) -> #N/A
A63: =A53 -> 10 | B63: Tec-9 Rust Leaf MW | C63: {=LOOKUP(2,1/(I63:GA63<>""),I63:GA63)} -> 68.3 | D63: =D$9 -> 45 | F63: =(C63-I63)/I63 -> 1.5580524 | G63: {=(C63-IF(ISNA(INDEX(I63:GA63,D63-22)),INDEX(I63:GA63,D63-23),INDEX(I63:GA63,D63-22)))/IF(ISNA(INDEX(I63:GA63,D63-22)),INDEX(I63:GA63,D63-23),INDEX(I63:GA63,D63-22))} -> -0.05922865 | I63: =IF(ISNA(I53),NA(),I53*$A63) -> 26.7 | J63: =IF(ISNA(J53),NA(),J53*$A63) -> 26.7 | K63: =IF(ISNA(K53),NA(),K53*$A63) -> #N/A | L63: =IF(ISNA(L53),NA(),L53*$A63) -> 28.8 | M63: =IF(ISNA(M53),NA(),M53*$A63) -> #N/A | N63: =IF(ISNA(N53),NA(),N53*$A63) -> 32.1 | O63: =IF(ISNA(O53),NA(),O53*$A63) -> 33 | P63: =IF(ISNA(P53),NA(),P53*$A63) -> 42.5 | ... GA63: =IF(ISNA(GA53),NA(),GA53*$A63) -> #N/A
A64: =A54 -> 10 | B64: XM1014 Banana Leaf FN | C64: {=LOOKUP(2,1/(I64:GA64<>""),I64:GA64)} -> 75.1 | D64: =D$9 -> 45 | F64: =(C64-I64)/I64 -> 1.4225806 | G64: {=(C64-IF(ISNA(INDEX(I64:GA64,D64-22)),INDEX(I64:GA64,D64-23),INDEX(I64:GA64,D64-22)))/IF(ISNA(INDEX(I64:GA64,D64-22)),INDEX(I64:GA64,D64-23),INDEX(I64:GA64,D64-22))} -> -0.037179487 | I64: =IF(ISNA(I54),NA(),I54*$A64) -> 31 | J64: =IF(ISNA(J54),NA(),J54*$A64) -> 29.2 | K64: =IF(ISNA(K54),NA(),K54*$A64) -> #N/A | L64: =IF(ISNA(L54),NA(),L54*$A64) -> 29.2 | M64: =IF(ISNA(M54),NA(),M54*$A64) -> #N/A | N64: =IF(ISNA(N54),NA(),N54*$A64) -> 35.4 | O64: =IF(ISNA(O54),NA(),O54*$A64) -> 38.2 | P64: =IF(ISNA(P54),NA(),P54*$A64) -> 44.2 | ... GA64: =IF(ISNA(GA54),NA(),GA54*$A64) -> #N/A
A65: =A55 -> 6 | B65: XM1014 Banana Leaf MW | C65: {=LOOKUP(2,1/(I65:GA65<>""),I65:GA65)} -> 41.46 | D65: =D$9 -> 45 | F65: =(C65-I65)/I65 -> 1.5977444 | G65: {=(C65-IF(ISNA(INDEX(I65:GA65,D65-22)),INDEX(I65:GA65,D65-23),INDEX(I65:GA65,D65-22)))/IF(ISNA(INDEX(I65:GA65,D65-22)),INDEX(I65:GA65,D65-23),INDEX(I65:GA65,D65-22))} -> -0.033566434 | I65: =IF(ISNA(I55),NA(),I55*$A65) -> 15.96 | J65: =IF(ISNA(J55),NA(),J55*$A65) -> 15.48 | K65: =IF(ISNA(K55),NA(),K55*$A65) -> #N/A | L65: =IF(ISNA(L55),NA(),L55*$A65) -> 17.82 | M65: =IF(ISNA(M55),NA(),M55*$A65) -> #N/A | N65: =IF(ISNA(N55),NA(),N55*$A65) -> 19.92 | O65: =IF(ISNA(O55),NA(),O55*$A65) -> 20.28 | P65: =IF(ISNA(P55),NA(),P55*$A65) -> 30.18 | ... GA65: =IF(ISNA(GA55),NA(),GA55*$A65) -> #N/A
A68: Profit
I69: =I58 -> 44331 | J69: =J58 -> 44332 | K69: =K58 -> 44333 | L69: =L58 -> 44334 | M69: =M58 -> 44335 | N69: =N58 -> 44336 | O69: =O58 -> 44337 | P69: =P58 -> 44338 | ... GA69: =GA58 -> 44505
A70: 109.53 | B70: M4 Dark Blossom FN | C70: {=LOOKUP(2,1/(I70:GA70<>""),I70:GA70)} -> 207.27 | D70: =D$9 -> 45 | F70: =(C59-A70)/A70 -> 1.8923583 | G70: {=(C59-IF(ISNA(INDEX(I59:GA59,D59-22)),INDEX(I59:GA59,D59-23),INDEX(I59:GA59,D59-22)))/A70} -> -0.24979458 | I70: =IF(ISNA(I59),NA(),I59-$A70) -> 30.15 | J70: =IF(ISNA(J59),NA(),J59-$A70) -> 22.95 | K70: =IF(ISNA(K59),NA(),K59-$A70) -> #N/A | L70: =IF(ISNA(L59),NA(),L59-$A70) -> 32.55 | M70: =IF(ISNA(M59),NA(),M59-$A70) -> #N/A | N70: =IF(ISNA(N59),NA(),N59-$A70) -> 50.31 | O70: =IF(ISNA(O59),NA(),O59-$A70) -> 48.87 | P70: =IF(ISNA(P59),NA(),P59-$A70) -> 105.99 | ... GA70: =IF(ISNA(GA59),NA(),GA59-$A70) -> #N/A
A71: 51.21 | B71: M4 Dark Blossom MW | C71: {=LOOKUP(2,1/(I71:GA71<>""),I71:GA71)} -> 15.69 | D71: =D$9 -> 45 | F71: =(C60-A71)/A71 -> 0.30638547 | G71: {=(C60-IF(ISNA(INDEX(I60:GA60,D60-22)),INDEX(I60:GA60,D60-23),INDEX(I60:GA60,D60-22)))/A71} -> -0.13278657 | I71: =IF(ISNA(I60),NA(),I60-$A71) -> -25.11 | J71: =IF(ISNA(J60),NA(),J60-$A71) -> -24.81 | K71: =IF(ISNA(K60),NA(),K60-$A71) -> #N/A | L71: =IF(ISNA(L60),NA(),L60-$A71) -> -21.81 | M71: =IF(ISNA(M60),NA(),M60-$A71) -> #N/A | N71: =IF(ISNA(N60),NA(),N60-$A71) -> -19.11 | O71: =IF(ISNA(O60),NA(),O60-$A71) -> -17.51 | P71: =IF(ISNA(P60),NA(),P60-$A71) -> -7.71 | ... GA71: =IF(ISNA(GA60),NA(),GA60-$A71) -> #N/A
A72: 28.03 | B72: P90 Sunset Lily FN | C72: {=LOOKUP(2,1/(I72:GA72<>""),I72:GA72)} -> 8.87 | D72: =D$9 -> 45 | F72: =(C61-A72)/A72 -> 0.31644666 | G72: {=(C61-IF(ISNA(INDEX(I61:GA61,D61-22)),INDEX(I61:GA61,D61-23),INDEX(I61:GA61,D61-22)))/A72} -> -0.1765965 | I72: =IF(ISNA(I61),NA(),I61-$A72) -> -14.93 | J72: =IF(ISNA(J61),NA(),J61-$A72) -> -14.18 | K72: =IF(ISNA(K61),NA(),K61-$A72) -> #N/A | L72: =IF(ISNA(L61),NA(),L61-$A72) -> -13.43 | M72: =IF(ISNA(M61),NA(),M61-$A72) -> #N/A | N72: =IF(ISNA(N61),NA(),N61-$A72) -> -12.28 | O72: =IF(ISNA(O61),NA(),O61-$A72) -> -11.18 | P72: =IF(ISNA(P61),NA(),P61-$A72) -> -3.28 | ... GA72: =IF(ISNA(GA61),NA(),GA61-$A72) -> #N/A
A73: 37.91 | B73: Tec-9 Rust Leaf FN | C73: {=LOOKUP(2,1/(I73:GA73<>""),I73:GA73)} -> 13.75 | D73: =D$9 -> 45 | F73: =(C62-A73)/A73 -> 0.36270113 | G73: {=(C62-IF(ISNA(INDEX(I62:GA62,D62-22)),INDEX(I62:GA62,D62-23),INDEX(I62:GA62,D62-22)))/A73} -> -0.0092323925 | I73: =IF(ISNA(I62),NA(),I62-$A73) -> -19.64 | J73: =IF(ISNA(J62),NA(),J62-$A73) -> -18.17 | K73: =IF(ISNA(K62),NA(),K62-$A73) -> #N/A | L73: =IF(ISNA(L62),NA(),L62-$A73) -> -16.77 | M73: =IF(ISNA(M62),NA(),M62-$A73) -> #N/A | N73: =IF(ISNA(N62),NA(),N62-$A73) -> -14.81 | O73: =IF(ISNA(O62),NA(),O62-$A73) -> -12.92 | P73: =IF(ISNA(P62),NA(),P62-$A73) -> -5.78 | ... GA73: =IF(ISNA(GA62),NA(),GA62-$A73) -> #N/A
A74: 51.14 | B74: Tec-9 Rust Leaf MW | C74: {=LOOKUP(2,1/(I74:GA74<>""),I74:GA74)} -> 17.16 | D74: =D$9 -> 45 | F74: =(C63-A74)/A74 -> 0.33554947 | G74: {=(C63-IF(ISNA(INDEX(I63:GA63,D63-22)),INDEX(I63:GA63,D63-23),INDEX(I63:GA63,D63-22)))/A74} -> -0.08408291 | I74: =IF(ISNA(I63),NA(),I63-$A74) -> -24.44 | J74: =IF(ISNA(J63),NA(),J63-$A74) -> -24.44 | K74: =IF(ISNA(K63),NA(),K63-$A74) -> #N/A | L74: =IF(ISNA(L63),NA(),L63-$A74) -> -22.34 | M74: =IF(ISNA(M63),NA(),M63-$A74) -> #N/A | N74: =IF(ISNA(N63),NA(),N63-$A74) -> -19.04 | O74: =IF(ISNA(O63),NA(),O63-$A74) -> -18.14 | P74: =IF(ISNA(P63),NA(),P63-$A74) -> -8.64 | ... GA74: =IF(ISNA(GA63),NA(),GA63-$A74) -> #N/A
A75: 57.13 | B75: XM1014 Banana Leaf FN | C75: {=LOOKUP(2,1/(I75:GA75<>""),I75:GA75)} -> 17.97 | D75: =D$9 -> 45 | F75: =(C64-A75)/A75 -> 0.31454577 | G75: {=(C64-IF(ISNA(INDEX(I64:GA64,D64-22)),INDEX(I64:GA64,D64-23),INDEX(I64:GA64,D64-22)))/A75} -> -0.050761421 | I75: =IF(ISNA(I64),NA(),I64-$A75) -> -26.13 | J75: =IF(ISNA(J64),NA(),J64-$A75) -> -27.93 | K75: =IF(ISNA(K64),NA(),K64-$A75) -> #N/A | L75: =IF(ISNA(L64),NA(),L64-$A75) -> -27.93 | M75: =IF(ISNA(M64),NA(),M64-$A75) -> #N/A | N75: =IF(ISNA(N64),NA(),N64-$A75) -> -21.73 | O75: =IF(ISNA(O64),NA(),O64-$A75) -> -18.93 | P75: =IF(ISNA(P64),NA(),P64-$A75) -> -12.93 | ... GA75: =IF(ISNA(GA64),NA(),GA64-$A75) -> #N/A
A76: 30.83 | B76: XM1014 Banana Leaf MW | C76: {=LOOKUP(2,1/(I76:GA76<>""),I76:GA76)} -> 10.63 | D76: =D$9 -> 45 | F76: =(C65-A76)/A76 -> 0.34479403 | G76: {=(C65-IF(ISNA(INDEX(I65:GA65,D65-22)),INDEX(I65:GA65,D65-23),INDEX(I65:GA65,D65-22)))/A76} -> -0.046707752 | I76: =IF(ISNA(I65),NA(),I65-$A76) -> -14.87 | J76: =IF(ISNA(J65),NA(),J65-$A76) -> -15.35 | K76: =IF(ISNA(K65),NA(),K65-$A76) -> #N/A | L76: =IF(ISNA(L65),NA(),L65-$A76) -> -13.01 | M76: =IF(ISNA(M65),NA(),M65-$A76) -> #N/A | N76: =IF(ISNA(N65),NA(),N65-$A76) -> -10.91 | O76: =IF(ISNA(O65),NA(),O65-$A76) -> -10.55 | P76: =IF(ISNA(P65),NA(),P65-$A76) -> -0.65 | ... GA76: =IF(ISNA(GA65),NA(),GA65-$A76) -> #N/A
I78: =I69 -> 44331 | J78: =J69 -> 44332 | K78: =K69 -> 44333 | L78: =L69 -> 44334 | M78: =M69 -> 44335 | N78: =N69 -> 44336 | O78: =O69 -> 44337 | P78: =P69 -> 44338 | ... GA78: =GA69 -> 44505
B79: Total Value | C79: {=LOOKUP(2,1/(I79:GA79<>""),I79:GA79)} -> 876.37 | D79: =D$9 -> 45 | F79: =(C79-I79)/I79 -> 1.4251321 | G79: {=(C79-IF(ISNA(INDEX(I79:GA79,D79-22)),INDEX(I79:GA79,D79-23),INDEX(I79:GA79,D79-22)))/IF(ISNA(INDEX(I79:GA79,D79-22)),INDEX(I79:GA79,D79-23),INDEX(I79:GA79,D79-22))} -> -0.068177227 | I79: =SUM(I26:I32) -> 361.37 | J79: =SUM(J26:J32) -> 351.9 | K79: =SUM(K26:K32) -> #N/A | L79: =SUM(L26:L32) -> 377.77 | M79: =SUM(M26:M32) -> #N/A | N79: =SUM(N26:N32) -> 424.95 | O79: =SUM(O26:O32) -> 434.56 | P79: =SUM(P26:P32) -> 577.32 | ... GA79: =SUM(GA26:GA32) -> #N/A
B80: Revenue | C80: {=LOOKUP(2,1/(I80:GA80<>""),I80:GA80)} -> 657.12 | D80: =D$9 -> 45 | F80: =(C80-I80)/I80 -> 1.4264983 | G80: {=(C80-IF(ISNA(INDEX(I80:GA80,D80-22)),INDEX(I80:GA80,D80-23),INDEX(I80:GA80,D80-22)))/IF(ISNA(INDEX(I80:GA80,D80-22)),INDEX(I80:GA80,D80-23),INDEX(I80:GA80,D80-22))} -> -0.068205666 | I80: =SUM(I59:I65) -> 270.81 | J80: =SUM(J59:J65) -> 263.85 | K80: =SUM(K59:K65) -> #N/A | L80: =SUM(L59:L65) -> 283.04 | M80: =SUM(M59:M65) -> #N/A | N80: =SUM(N59:N65) -> 318.21 | O80: =SUM(O59:O65) -> 325.42 | P80: =SUM(P59:P65) -> 432.78 | ... GA80: =SUM(GA59:GA65) -> #N/A
I83: =I78 -> 44331 | J83: =J78 -> 44332 | K83: =K78 -> 44333 | L83: =L78 -> 44334 | M83: =M78 -> 44335 | N83: =N78 -> 44336 | O83: =O78 -> 44337 | P83: =P78 -> 44338 | ... GA83: =GA78 -> 44505
A84: =SUM(A70:A76) -> 365.78 | B84: Profit | C84: {=LOOKUP(2,1/(I84:GA84<>""),I84:GA84)} -> 291.34 | D84: =D$9 -> 45 | F84: =(C80-A84)/A84 -> 0.79648969 | G84: {=(F84-(IF(ISNA(INDEX(I80:GA80,D84-22)),INDEX(I80:GA80,D84-23),INDEX(I80:GA80,D84-22))-A84)/A84)} -> -0.13149981 | I84: =SUM(I70:I76) -> -94.97 | J84: =SUM(J70:J76) -> -101.93 | K84: =SUM(K70:K76) -> #N/A | L84: =SUM(L70:L76) -> -82.74 | M84: =SUM(M70:M76) -> #N/A | N84: =SUM(N70:N76) -> -47.57 | O84: =SUM(O70:O76) -> -40.36 | P84: =SUM(P70:P76) -> 67 | ... GA84: =SUM(GA70:GA76) -> #N/A

Sheet Knife
A1: Knives
C2: Last value | D2: Row of last value | F2: Since May 15th 2021 | G2: 14day | I2: ='Skin-Investments'!I2 -> 44331 | J2: ='Skin-Investments'!J2 -> 44332 | K2: ='Skin-Investments'!K2 -> 44333 | L2: ='Skin-Investments'!L2 -> 44334 | M2: ='Skin-Investments'!M2 -> 44335 | N2: ='Skin-Investments'!N2 -> 44336 | O2: ='Skin-Investments'!O2 -> 44337 | P2: ='Skin-Investments'!P2 -> 44338 | ... GA2: ='Skin-Investments'!GA2 -> 44505
A3: Bayonet Rust Coat BS | C3: {=LOOKUP(2,1/(I3:GA3<>""),I3:GA3)} -> 205.44 | D3: {=SUMPRODUCT(MAX((I3:GA3<>"")*COLUMN(I3:GA3)))} -> 45 | F3: =(C3-I3)/I3 -> 0.046721353 | G3: {=(C3-IF(ISNA(INDEX(I3:GA3,D3-22)),INDEX(I3:GA3,D3-23),INDEX(I3:GA3,D3-22)))/IF(ISNA(INDEX(I3:GA3,D3-22)),INDEX(I3:GA3,D3-23),INDEX(I3:GA3,D3-22))} -> -0.0075841747 | I3: 196.27 | J3: 201.82 | L3: 197 | N3: 196.88 | O3: 207.18 | P3: 209.46 | Q3: 201.89 | R3: 202.48 | S3: 196.23 | T3: 204.01 | U3: 206.61 | V3: 209.15 | W3: 207.58 | X3: 207.32 | Y3: 202.17 | Z3: 201.3 | AA3: 201.79 | AB3: 203.29 | AC3: 201.2 | AD3: 207 | AE3: 207.01 | AF3: 197.73 | AG3: 197.35 | AH3: 177 | AI3: 187.92 | AJ3: 200.49 | AK3: 189.75 | AL3: 189.75 | AM3: 194.76 | AO3: 191.96 | AP3: 194.37 | AQ3: 195.23 | AR3: 207.13 | AS3: 205.44
A4: Butterfly Tiger Tooth FN | C4: {=LOOKUP(2,1/(I4:GA4<>""),I4:GA4)} -> 1495.3 | D4: {=SUMPRODUCT(MAX((I4:GA4<>"")*COLUMN(I4:GA4)))} -> 45 | F4: =(C4-I4)/I4 -> 0.2444241 | G4: {=(C4-IF(ISNA(INDEX(I4:GA4,D4-22)),INDEX(I4:GA4,D4-23),INDEX(I4:GA4,D4-22)))/IF(ISNA(INDEX(I4:GA4,D4-22)),INDEX(I4:GA4,D4-23),INDEX(I4:GA4,D4-22))} -> 0.0071530566 | I4: 1201.6 | J4: 1205.46 | L4: 1261.1 | N4: 1261.06 | O4: 1261.06 | P4: 1230.57 | Q4: 1294.36 | R4: 1294.36 | S4: 1290.31 | T4: 1427.45 | U4: 1391 | V4: 1383.65 | W4: 1363.98 | X4: 1354.05 | Y4: 1341.3 | Z4: 1341.3 | AA4: 1354.94 | AB4: 1364.6 | AC4: 1349.99 | AD4: 1413.09 | AE4: 1484.68 | AF4: 1478.37 | AG4: 1473.65 | AH4: 1480.13 | AI4: 1494.04 | AJ4: 1483.36 | AK4: 1503.05 | AL4: 1503.05 | AM4: 1459.48 | AO4: 1521.42 | AP4: 1521.38 | AQ4: 1537.35 | AR4: 1495.3 | AS4: 1495.3
A5: Flip Knife Freehand Fn | C5: {=LOOKUP(2,1/(I5:GA5<>""),I5:GA5)} -> 168.49 | D5: {=SUMPRODUCT(MAX((I5:GA5<>"")*COLUMN(I5:GA5)))} -> 45 | F5: =(C5-I5)/I5 -> -0.13426164 | G5: {=(C5-IF(ISNA(INDEX(I5:GA5,D5-22)),INDEX(I5:GA5,D5-23),INDEX(I5:GA5,D5-22)))/IF(ISNA(INDEX(I5:GA5,D5-22)),INDEX(I5:GA5,D5-23),INDEX(I5:GA5,D5-22))} -> -0.090619603 | I5: 194.62 | J5: 191.6 | L5: 180.11 | N5: 192.42 | O5: 192.42 | P5: 191.29 | Q5: 183.02 | R5: 190.84 | S5: 183.2 | T5: 188.79 | U5: 188.98 | V5: 181.09 | W5: 190.1 | X5: 189.75 | Y5: 180.74 | Z5: 189.61 | AA5: 186.36 | AB5: 180.21 | AC5: 164.58 | AD5: 169.76 | AE5: 185.28 | AF5: 178.84 | AG5: 182.71 | AH5: 183 | AI5: 180.69 | AJ5: 181.39 | AK5: 182.07 | AL5: 179.68 | AM5: 177.52 | AO5: 174.42 | AP5: 162.15 | AQ5: 186.19 | AR5: 171.12 | AS5: 168.49
A6: Karambit Ultraviolet FT | C6: {=LOOKUP(2,1/(I6:GA6<>""),I6:GA6)} -> 404.42 | D6: {=SUMPRODUCT(MAX((I6:GA6<>"")*COLUMN(I6:GA6)))} -> 45 | F6: =(C6-I6)/I6 -> 0.062725003 | G6: {=(C6-IF(ISNA(INDEX(I6:GA6,D6-22)),INDEX(I6:GA6,D6-23),INDEX(I6:GA6,D6-22)))/IF(ISNA(INDEX(I6:GA6,D6-22)),INDEX(I6:GA6,D6-23),INDEX(I6:GA6,D6-22))} -> -0.047818614 | I6: 380.55 | J6: 383.02 | L6: 361.9 | N6: 361.97 | O6: 372.41 | P6: 365.9 | Q6: 334.61 | R6: 355.59 | S6: 350.79 | T6: 385.29 | U6: 391.15 | V6: 391.41 | W6: 370.36 | X6: 386.6 | Y6: 386.45 | Z6: 382.76 | AA6: 397.01 | AB6: 406.58 | AC6: 384.98 | AD6: 385.96 | AE6: 424.73 | AF6: 394.27 | AG6: 404.05 | AH6: 403.38 | AI6: 361.27 | AJ6: 384.52 | AK6: 374.17 | AL6: 371.65 | AM6: 380.71 | AO6: 391.2 | AP6: 385.11 | AQ6: 377.15 | AR6: 397.84 | AS6: 404.42
A9: Sale Revenue
C10: Last value | D10: Row of last value | F10: Since May 15th 2021 | G10: 14day | I10: =I2 -> 44331 | J10: =J2 -> 44332 | K10: =K2 -> 44333 | L10: =L2 -> 44334 | M10: =M2 -> 44335 | N10: =N2 -> 44336 | O10: =O2 -> 44337 | P10: =P2 -> 44338 | ... GA10: =GA2 -> 44505
A11: =A3 -> Bayonet Rust Coat BS | C11: {=LOOKUP(2,1/(I11:GA11<>""),I11:GA11)} -> 154.08 | D11: =D$6 -> 45 | F11: =(C11-I11)/I11 -> 0.04673913 | G11: {=(C11-IF(ISNA(INDEX(I11:GA11,D11-22)),INDEX(I11:GA11,D11-23),INDEX(I11:GA11,D11-22)))/IF(ISNA(INDEX(I11:GA11,D11-22)),INDEX(I11:GA11,D11-23),INDEX(I11:GA11,D11-22))} -> -0.0075362319 | I11: =IF(ISBLANK(I3),NA(),ROUNDDOWN(I3*0.75,2)) -> 147.2 | J11: =IF(ISBLANK(J3),NA(),ROUNDDOWN(J3*0.75,2)) -> 151.36 | K11: =IF(ISBLANK(K3),NA(),ROUNDDOWN(K3*0.75,2)) -> #N/A | L11: =IF(ISBLANK(L3),NA(),ROUNDDOWN(L3*0.75,2)) -> 147.75 | M11: =IF(ISBLANK(M3),NA(),ROUNDDOWN(M3*0.75,2)) -> #N/A | N11: =IF(ISBLANK(N3),NA(),ROUNDDOWN(N3*0.75,2)) -> 147.66 | O11: =IF(ISBLANK(O3),NA(),ROUNDDOWN(O3*0.75,2)) -> 155.38 | P11: =IF(ISBLANK(P3),NA(),ROUNDDOWN(P3*0.75,2)) -> 157.09 | ... GA11: =IF(ISBLANK(GA3),NA(),ROUNDDOWN(GA3*0.75,2)) -> #N/A
A12: =A4 -> Butterfly Tiger Tooth FN | C12: {=LOOKUP(2,1/(I12:GA12<>""),I12:GA12)} -> 1121.47 | D12: =D$6 -> 45 | F12: =(C12-I12)/I12 -> 0.24441855 | G12: {=(C12-IF(ISNA(INDEX(I12:GA12,D12-22)),INDEX(I12:GA12,D12-23),INDEX(I12:GA12,D12-22)))/IF(ISNA(INDEX(I12:GA12,D12-22)),INDEX(I12:GA12,D12-23),INDEX(I12:GA12,D12-22))} -> 0.0071485662 | I12: =IF(ISBLANK(I4),NA(),ROUNDDOWN(I4*0.75,2)) -> 901.2 | J12: =IF(ISBLANK(J4),NA(),ROUNDDOWN(J4*0.75,2)) -> 904.09 | K12: =IF(ISBLANK(K4),NA(),ROUNDDOWN(K4*0.75,2)) -> #N/A | L12: =IF(ISBLANK(L4),NA(),ROUNDDOWN(L4*0.75,2)) -> 945.82 | M12: =IF(ISBLANK(M4),NA(),ROUNDDOWN(M4*0.75,2)) -> #N/A | N12: =IF(ISBLANK(N4),NA(),ROUNDDOWN(N4*0.75,2)) -> 945.79 | O12: =IF(ISBLANK(O4),NA(),ROUNDDOWN(O4*0.75,2)) -> 945.79 | P12: =IF(ISBLANK(P4),NA(),ROUNDDOWN(P4*0.75,2)) -> 922.92 | ... GA12: =IF(ISBLANK(GA4),NA(),ROUNDDOWN(GA4*0.75,2)) -> #N/A
A13: =A5 -> Flip Knife Freehand Fn | C13: {=LOOKUP(2,1/(I13:GA13<>""),I13:GA13)} -> 126.36 | D13: =D$6 -> 45 | F13: =(C13-I13)/I13 -> -0.13428337 | G13: {=(C13-IF(ISNA(INDEX(I13:GA13,D13-22)),INDEX(I13:GA13,D13-23),INDEX(I13:GA13,D13-22)))/IF(ISNA(INDEX(I13:GA13,D13-22)),INDEX(I13:GA13,D13-23),INDEX(I13:GA13,D13-22))} -> -0.090673575 | I13: =IF(ISBLANK(I5),NA(),ROUNDDOWN(I5*0.75,2)) -> 145.96 | J13: =IF(ISBLANK(J5),NA(),ROUNDDOWN(J5*0.75,2)) -> 143.7 | K13: =IF(ISBLANK(K5),NA(),ROUNDDOWN(K5*0.75,2)) -> #N/A | L13: =IF(ISBLANK(L5),NA(),ROUNDDOWN(L5*0.75,2)) -> 135.08 | M13: =IF(ISBLANK(M5),NA(),ROUNDDOWN(M5*0.75,2)) -> #N/A | N13: =IF(ISBLANK(N5),NA(),ROUNDDOWN(N5*0.75,2)) -> 144.31 | O13: =IF(ISBLANK(O5),NA(),ROUNDDOWN(O5*0.75,2)) -> 144.31 | P13: =IF(ISBLANK(P5),NA(),ROUNDDOWN(P5*0.75,2)) -> 143.46 | ... GA13: =IF(ISBLANK(GA5),NA(),ROUNDDOWN(GA5*0.75,2)) -> #N/A
A14: =A6 -> Karambit Ultraviolet FT | C14: {=LOOKUP(2,1/(I14:GA14<>""),I14:GA14)} -> 303.31 | D14: =D$6 -> 45 | F14: =(C14-I14)/I14 -> 0.062716793 | G14: {=(C14-IF(ISNA(INDEX(I14:GA14,D14-22)),INDEX(I14:GA14,D14-23),INDEX(I14:GA14,D14-22)))/IF(ISNA(INDEX(I14:GA14,D14-22)),INDEX(I14:GA14,D14-23),INDEX(I14:GA14,D14-22))} -> -0.047811892 | I14: =IF(ISBLANK(I6),NA(),ROUNDDOWN(I6*0.75,2)) -> 285.41 | J14: =IF(ISBLANK(J6),NA(),ROUNDDOWN(J6*0.75,2)) -> 287.26 | K14: =IF(ISBLANK(K6),NA(),ROUNDDOWN(K6*0.75,2)) -> #N/A | L14: =IF(ISBLANK(L6),NA(),ROUNDDOWN(L6*0.75,2)) -> 271.42 | M14: =IF(ISBLANK(M6),NA(),ROUNDDOWN(M6*0.75,2)) -> #N/A | N14: =IF(ISBLANK(N6),NA(),ROUNDDOWN(N6*0.75,2)) -> 271.47 | O14: =IF(ISBLANK(O6),NA(),ROUNDDOWN(O6*0.75,2)) -> 279.3 | P14: =IF(ISBLANK(P6),NA(),ROUNDDOWN(P6*0.75,2)) -> 274.42 | ... GA14: =IF(ISBLANK(GA6),NA(),ROUNDDOWN(GA6*0.75,2)) -> #N/A
I18: =I10 -> 44331 | J18: =J10 -> 44332 | K18: =K10 -> 44333 | L18: =L10 -> 44334 | M18: =M10 -> 44335 | N18: =N10 -> 44336 | O18: =O10 -> 44337 | P18: =P10 -> 44338 | ... GA18: =GA10 -> 44505
A19: Total Value | C19: {=LOOKUP(2,1/(I19:GA19<>""),I19:GA19)} -> 2273.65 | D19: =D$6 -> 45 | F19: =(C19-I19)/I19 -> 0.1523588 | G19: {=(C19-IF(ISNA(INDEX(I19:GA19,D19-22)),INDEX(I19:GA19,D19-23),INDEX(I19:GA19,D19-22)))/IF(ISNA(INDEX(I19:GA19,D19-22)),INDEX(I19:GA19,D19-23),INDEX(I19:GA19,D19-22))} -> -0.012186645 | I19: =IF(SUM(I3:I6)=0,NA(),SUM(I3:I6)) -> 1973.04 | J19: =IF(SUM(J3:J6)=0,NA(),SUM(J3:J6)) -> 1981.9 | K19: =IF(SUM(K3:K6)=0,NA(),SUM(K3:K6)) -> #N/A | L19: =IF(SUM(L3:L6)=0,NA(),SUM(L3:L6)) -> 2000.11 | M19: =IF(SUM(M3:M6)=0,NA(),SUM(M3:M6)) -> #N/A | N19: =IF(SUM(N3:N6)=0,NA(),SUM(N3:N6)) -> 2012.33 | O19: =IF(SUM(O3:O6)=0,NA(),SUM(O3:O6)) -> 2033.07 | P19: =IF(SUM(P3:P6)=0,NA(),SUM(P3:P6)) -> 1997.22 | ... GA19: =IF(SUM(GA3:GA6)=0,NA(),SUM(GA3:GA6)) -> #N/A
A20: Total Revenue | C20: {=LOOKUP(2,1/(I20:GA20<>""),I20:GA20)} -> 1705.22 | D20: =D$6 -> 45 | F20: =(C20-I20)/I20 -> 0.15235476 | G20: {=(C20-IF(ISNA(INDEX(I20:GA20,D20-22)),INDEX(I20:GA20,D20-23),INDEX(I20:GA20,D20-22)))/IF(ISNA(INDEX(I20:GA20,D20-22)),INDEX(I20:GA20,D20-23),INDEX(I20:GA20,D20-22))} -> -0.012188199 | I20: =SUM(I11:I14) -> 1479.77 | J20: =SUM(J11:J14) -> 1486.41 | K20: =SUM(K11:K14) -> #N/A | L20: =SUM(L11:L14) -> 1500.07 | M20: =SUM(M11:M14) -> #N/A | N20: =SUM(N11:N14) -> 1509.23 | O20: =SUM(O11:O14) -> 1524.78 | P20: =SUM(P11:P14) -> 1497.89 | ... GA20: =SUM(GA11:GA14) -> #N/A

Sheet AWP
A1: AWP
C2: Last Value | D2: Row of last value | F2: Since start of tracking | G2: 14day | I2: =Knife!I2 -> 44331 | J2: =Knife!J2 -> 44332 | K2: =Knife!K2 -> 44333 | L2: =Knife!L2 -> 44334 | M2: =Knife!M2 -> 44335 | N2: =Knife!N2 -> 44336 | O2: =Knife!O2 -> 44337 | P2: =Knife!P2 -> 44338 | ... GA2: =Knife!GA2 -> 44505
A3: Fewer Dream MW | C3: {=LOOKUP(2,1/(I3:GA3<>""),I3:GA3)} -> 7.07 | D3: {=SUMPRODUCT(MAX((I3:GA3<>"")*COLUMN(I3:GA3)))} -> 45 | F3: =(C3-I3)/I3 -> -0.053547523 | G3: {=(C3-IF(ISNA(INDEX(I3:GA3,D3-22)),INDEX(I3:GA3,D3-23),INDEX(I3:GA3,D3-22)))/IF(ISNA(INDEX(I3:GA3,D3-22)),INDEX(I3:GA3,D3-23),INDEX(I3:GA3,D3-22))} -> 0.0071225071 | I3: 7.47 | J3: 7.52 | L3: 7.36 | N3: 7.24 | O3: 7.42 | P3: 7.21 | Q3: 7.03 | R3: 7.44 | S3: 7.33 | T3: 6.98 | U3: 6.95 | V3: 6.92 | W3: 7.05 | X3: 6.62 | Y3: 6.71 | Z3: 7.14 | AA3: 6.86 | AB3: 7.3 | AC3: 7.04 | AD3: 6.9 | AE3: 7.02 | AF3: 7.37 | AG3: 7.3 | AH3: 7.22 | AI3: 6.99 | AJ3: 6.85 | AK3: 7.14 | AL3: 7.02 | AM3: 6.63 | AO3: 7.16 | AP3: 6.84 | AQ3: 7.09 | AR3: 7.09 | AS3: 7.07
A4: Elite Build FT | C4: {=LOOKUP(2,1/(I4:GA4<>""),I4:GA4)} -> 7.08 | D4: {=SUMPRODUCT(MAX((I4:GA4<>"")*COLUMN(I4:GA4)))} -> 45 | F4: =(C4-I4)/I4 -> 0.039647577 | G4: {=(C4-IF(ISNA(INDEX(I4:GA4,D4-22)),INDEX(I4:GA4,D4-23),INDEX(I4:GA4,D4-22)))/IF(ISNA(INDEX(I4:GA4,D4-22)),INDEX(I4:GA4,D4-23),INDEX(I4:GA4,D4-22))} -> -0.068421053 | I4: 6.81 | J4: 7.26 | L4: 7.22 | N4: 6.73 | O4: 6.71 | P4: 6.73 | Q4: 6.97 | R4: 7.34 | S4: 7.18 | T4: 6.93 | U4: 6.5 | V4: 6.4 | W4: 7.28 | X4: 7.32 | Y4: 7.71 | Z4: 7.27 | AA4: 7.36 | AB4: 7.14 | AC4: 7.32 | AD4: 7.2 | AE4: 7.6 | AF4: 7.54 | AG4: 7.66 | AH4: 7.49 | AI4: 7.08 | AJ4: 7.24 | AK4: 7.41 | AL4: 7.1 | AM4: 7.33 | AO4: 6.91 | AP4: 7.03 | AQ4: 7.38 | AR4: 7.19 | AS4: 7.08
A5: Stattrak Hyper Beast FT | C5: {=LOOKUP(2,1/(I5:GA5<>""),I5:GA5)} -> 73.54 | D5: {=SUMPRODUCT(MAX((I5:GA5<>"")*COLUMN(I5:GA5)))} -> 45 | F5: =(C5-I5)/I5 -> -0.0072894168 | G5: {=(C5-IF(ISNA(INDEX(I5:GA5,D5-22)),INDEX(I5:GA5,D5-23),INDEX(I5:GA5,D5-22)))/IF(ISNA(INDEX(I5:GA5,D5-22)),INDEX(I5:GA5,D5-23),INDEX(I5:GA5,D5-22))} -> -0.042323219 | I5: 74.08 | J5: 71.31 | L5: 71.88 | N5: 71.23 | O5: 70.58 | P5: 65.36 | Q5: 73.31 | R5: 73.31 | S5: 72.87 | T5: 84.58 | U5: 84.44 | V5: 75.84 | W5: 76.16 | X5: 69.57 | Y5: 74.78 | Z5: 75.67 | AA5: 83.34 | AB5: 78.56 | AC5: 78.23 | AD5: 78.48 | AE5: 76.79 | AF5: 79.09 | AG5: 85.65 | AH5: 78.77 | AI5: 75 | AJ5: 74.31 | AK5: 78.83 | AL5: 78.82 | AM5: 67.58 | AO5: 73.14 | AP5: 72.54 | AQ5: 69.97 | AR5: 75.74 | AS5: 73.54
A6: Mortis MW | C6: {=LOOKUP(2,1/(I6:GA6<>""),I6:GA6)} -> 3 | D6: {=SUMPRODUCT(MAX((I6:GA6<>"")*COLUMN(I6:GA6)))} -> 45 | F6: =(C6-I6)/I6 -> -0.07120743 | G6: {=(C6-IF(ISNA(INDEX(I6:GA6,D6-22)),INDEX(I6:GA6,D6-23),INDEX(I6:GA6,D6-22)))/IF(ISNA(INDEX(I6:GA6,D6-22)),INDEX(I6:GA6,D6-23),INDEX(I6:GA6,D6-22))} -> -0.047619048 | I6: 3.23 | J6: 3.14 | L6: 3.5 | N6: 3.27 | O6: 3.28 | P6: 3.41 | Q6: 3.47 | R6: 3.16 | S6: 3.26 | T6: 3.28 | U6: 3.29 | V6: 3.38 | W6: 3.25 | X6: 3.26 | Y6: 3.19 | Z6: 3.39 | AA6: 3.14 | AB6: 3.14 | AC6: 3.13 | AD6: 2.92 | AE6: 3.15 | AF6: 2.99 | AG6: 2.89 | AH6: 3.17 | AI6: 3.17 | AJ6: 3.26 | AK6: 3.25 | AL6: 3.15 | AM6: 3.17 | AO6: 2.94 | AP6: 3.07 | AQ6: 3.12 | AR6: 2.95 | AS6: 3
A7: Boom MW | C7: {=LOOKUP(2,1/(I7:GA7<>""),I7:GA7)} -> 56.97 | D7: {=SUMPRODUCT(MAX((I7:GA7<>"")*COLUMN(I7:GA7)))} -> 45 | F7: =(C7-I7)/I7 -> 0.083697927 | G7: {=(C7-IF(ISNA(INDEX(I7:GA7,D7-22)),INDEX(I7:GA7,D7-23),INDEX(I7:GA7,D7-22)))/IF(ISNA(INDEX(I7:GA7,D7-22)),INDEX(I7:GA7,D7-23),INDEX(I7:GA7,D7-22))} -> 0.051689127 | I7: 52.57 | J7: 50.84 | L7: 61.12 | N7: 54.92 | O7: 54.99 | P7: 52.25 | Q7: 56.03 | R7: 55.57 | S7: 54.76 | T7: 54.99 | U7: 54.7 | V7: 52.32 | W7: 54.62 | X7: 55.38 | Y7: 53.77 | Z7: 56.08 | AA7: 56.08 | AB7: 57.36 | AC7: 55.4 | AD7: 55.27 | AE7: 54.17 | AF7: 54.77 | AG7: 55.31 | AH7: 55.82 | AI7: 55.54 | AJ7: 56.84 | AK7: 57.3 | AL7: 59.89 | AM7: 57.73 | AO7: 57.74 | AP7: 58.36 | AQ7: 56.78 | AR7: 57.68 | AS7: 56.97
A8: Neo-Noir FN | C8: {=LOOKUP(2,1/(I8:GA8<>""),I8:GA8)} -> 45.72 | D8: {=SUMPRODUCT(MAX((I8:GA8<>"")*COLUMN(I8:GA8)))} -> 45 | F8: =(C8-I8)/I8 -> -0.027234043 | G8: {=(C8-IF(ISNA(INDEX(I8:GA8,D8-22)),INDEX(I8:GA8,D8-23),INDEX(I8:GA8,D8-22)))/IF(ISNA(INDEX(I8:GA8,D8-22)),INDEX(I8:GA8,D8-23),INDEX(I8:GA8,D8-22))} -> -0.04130845 | I8: 47 | J8: 45.93 | L8: 44.54 | N8: 45.51 | O8: 46.05 | P8: 46.08 | Q8: 46.57 | R8: 47.69 | S8: 44.11 | T8: 44.01 | U8: 45.22 | V8: 46.55 | W8: 46.98 | X8: 43.94 | Y8: 46.39 | Z8: 46.37 | AA8: 47.84 | AB8: 44.88 | AC8: 48.07 | AD8: 48.33 | AE8: 47.69 | AF8: 46.01 | AG8: 47.06 | AH8: 45.28 | AI8: 42.61 | AJ8: 46.48 | AK8: 45.71 | AL8: 47.04 | AM8: 47.29 | AO8: 43.7 | AP8: 44.32 | AQ8: 44.73 | AR8: 44.31 | AS8: 45.72
A9: Atheris MW | C9: {=LOOKUP(2,1/(I9:GA9<>""),I9:GA9)} -> 4.32 | D9: {=SUMPRODUCT(MAX((I9:GA9<>"")*COLUMN(I9:GA9)))} -> 45 | F9: =(C9-I9)/I9 -> 0.0023201856 | G9: {=(C9-IF(ISNA(INDEX(I9:GA9,D9-22)),INDEX(I9:GA9,D9-23),INDEX(I9:GA9,D9-22)))/IF(ISNA(INDEX(I9:GA9,D9-22)),INDEX(I9:GA9,D9-23),INDEX(I9:GA9,D9-22))} -> 0.026128266 | I9: 4.31 | J9: 4.54 | L9: 4.37 | N9: 4.41 | O9: 4.16 | P9: 4.4 | Q9: 4.73 | R9: 4.69 | S9: 4.54 | T9: 4.53 | U9: 4.55 | V9: 4.22 | W9: 4.39 | X9: 4.23 | Y9: 4.06 | Z9: 4.23 | AA9: 4.62 | AB9: 4.07 | AC9: 4.3 | AD9: 4.23 | AE9: 4.21 | AF9: 4.25 | AG9: 4.25 | AH9: 4.22 | AI9: 4.27 | AJ9: 4.43 | AK9: 4.25 | AL9: 4.18 | AM9: 4.38 | AO9: 4.32 | AP9: 4.37 | AQ9: 4.05 | AR9: 4.02 | AS9: 4.32
I13: =I2 -> 44331 | J13: =J2 -> 44332 | K13: =K2 -> 44333 | L13: =L2 -> 44334 | M13: =M2 -> 44335 | N13: =N2 -> 44336 | O13: =O2 -> 44337 | P13: =P2 -> 44338 | ... GA13: =GA2 -> 44505
A14: =A3 -> Fewer Dream MW | C14: {=LOOKUP(2,1/(I14:GA14<>""),I14:GA14)} -> 5.3 | D14: =D$6 -> 45 | F14: =(C14-I14)/I14 -> -0.053571429 | G14: {=(C14-IF(ISNA(INDEX(I14:GA14,D14-22)),INDEX(I14:GA14,D14-23),INDEX(I14:GA14,D14-22)))/IF(ISNA(INDEX(I14:GA14,D14-22)),INDEX(I14:GA14,D14-23),INDEX(I14:GA14,D14-22))} -> 0.0076045627 | I14: =IF(ISBLANK(I3),NA(),ROUNDDOWN(I3*0.75,2)) -> 5.6 | J14: =IF(ISBLANK(J3),NA(),ROUNDDOWN(J3*0.75,2)) -> 5.64 | K14: =IF(ISBLANK(K3),NA(),ROUNDDOWN(K3*0.75,2)) -> #N/A | L14: =IF(ISBLANK(L3),NA(),ROUNDDOWN(L3*0.75,2)) -> 5.52 | M14: =IF(ISBLANK(M3),NA(),ROUNDDOWN(M3*0.75,2)) -> #N/A | N14: =IF(ISBLANK(N3),NA(),ROUNDDOWN(N3*0.75,2)) -> 5.43 | O14: =IF(ISBLANK(O3),NA(),ROUNDDOWN(O3*0.75,2)) -> 5.56 | P14: =IF(ISBLANK(P3),NA(),ROUNDDOWN(P3*0.75,2)) -> 5.4 | ... GA14: =IF(ISBLANK(GA3),NA(),ROUNDDOWN(GA3*0.75,2)) -> #N/A
A15: =A4 -> Elite Build FT | C15: {=LOOKUP(2,1/(I15:GA15<>""),I15:GA15)} -> 5.31 | D15: =D$6 -> 45 | F15: =(C15-I15)/I15 -> 0.041176471 | G15: {=(C15-IF(ISNA(INDEX(I15:GA15,D15-22)),INDEX(I15:GA15,D15-23),INDEX(I15:GA15,D15-22)))/IF(ISNA(INDEX(I15:GA15,D15-22)),INDEX(I15:GA15,D15-23),INDEX(I15:GA15,D15-22))} -> -0.068421053 | I15: =IF(ISBLANK(I4),NA(),ROUNDDOWN(I4*0.75,2)) -> 5.1 | J15: =IF(ISBLANK(J4),NA(),ROUNDDOWN(J4*0.75,2)) -> 5.44 | K15: =IF(ISBLANK(K4),NA(),ROUNDDOWN(K4*0.75,2)) -> #N/A | L15: =IF(ISBLANK(L4),NA(),ROUNDDOWN(L4*0.75,2)) -> 5.41 | M15: =IF(ISBLANK(M4),NA(),ROUNDDOWN(M4*0.75,2)) -> #N/A | N15: =IF(ISBLANK(N4),NA(),ROUNDDOWN(N4*0.75,2)) -> 5.04 | O15: =IF(ISBLANK(O4),NA(),ROUNDDOWN(O4*0.75,2)) -> 5.03 | P15: =IF(ISBLANK(P4),NA(),ROUNDDOWN(P4*0.75,2)) -> 5.04 | ... GA15: =IF(ISBLANK(GA4),NA(),ROUNDDOWN(GA4*0.75,2)) -> #N/A
A16: =A5 -> Stattrak Hyper Beast FT | C16: {=LOOKUP(2,1/(I16:GA16<>""),I16:GA16)} -> 55.15 | D16: =D$6 -> 45 | F16: =(C16-I16)/I16 -> -0.0073794096 | G16: {=(C16-IF(ISNA(INDEX(I16:GA16,D16-22)),INDEX(I16:GA16,D16-23),INDEX(I16:GA16,D16-22)))/IF(ISNA(INDEX(I16:GA16,D16-22)),INDEX(I16:GA16,D16-23),INDEX(I16:GA16,D16-22))} -> -0.042368467 | I16: =IF(ISBLANK(I5),NA(),ROUNDDOWN(I5*0.75,2)) -> 55.56 | J16: =IF(ISBLANK(J5),NA(),ROUNDDOWN(J5*0.75,2)) -> 53.48 | K16: =IF(ISBLANK(K5),NA(),ROUNDDOWN(K5*0.75,2)) -> #N/A | L16: =IF(ISBLANK(L5),NA(),ROUNDDOWN(L5*0.75,2)) -> 53.91 | M16: =IF(ISBLANK(M5),NA(),ROUNDDOWN(M5*0.75,2)) -> #N/A | N16: =IF(ISBLANK(N5),NA(),ROUNDDOWN(N5*0.75,2)) -> 53.42 | O16: =IF(ISBLANK(O5),NA(),ROUNDDOWN(O5*0.75,2)) -> 52.93 | P16: =IF(ISBLANK(P5),NA(),ROUNDDOWN(P5*0.75,2)) -> 49.02 | ... GA16: =IF(ISBLANK(GA5),NA(),ROUNDDOWN(GA5*0.75,2)) -> #N/A
A17: =A6 -> Mortis MW | C17: {=LOOKUP(2,1/(I17:GA17<>""),I17:GA17)} -> 2.25 | D17: =D$6 -> 45 | F17: =(C17-I17)/I17 -> -0.070247934 | G17: {=(C17-IF(ISNA(INDEX(I17:GA17,D17-22)),INDEX(I17:GA17,D17-23),INDEX(I17:GA17,D17-22)))/IF(ISNA(INDEX(I17:GA17,D17-22)),INDEX(I17:GA17,D17-23),INDEX(I17:GA17,D17-22))} -> -0.046610169 | I17: =IF(ISBLANK(I6),NA(),ROUNDDOWN(I6*0.75,2)) -> 2.42 | J17: =IF(ISBLANK(J6),NA(),ROUNDDOWN(J6*0.75,2)) -> 2.35 | K17: =IF(ISBLANK(K6),NA(),ROUNDDOWN(K6*0.75,2)) -> #N/A | L17: =IF(ISBLANK(L6),NA(),ROUNDDOWN(L6*0.75,2)) -> 2.62 | M17: =IF(ISBLANK(M6),NA(),ROUNDDOWN(M6*0.75,2)) -> #N/A | N17: =IF(ISBLANK(N6),NA(),ROUNDDOWN(N6*0.75,2)) -> 2.45 | O17: =IF(ISBLANK(O6),NA(),ROUNDDOWN(O6*0.75,2)) -> 2.46 | P17: =IF(ISBLANK(P6),NA(),ROUNDDOWN(P6*0.75,2)) -> 2.55 | ... GA17: =IF(ISBLANK(GA6),NA(),ROUNDDOWN(GA6*0.75,2)) -> #N/A
A18: =A7 -> Boom MW | C18: {=LOOKUP(2,1/(I18:GA18<>""),I18:GA18)} -> 42.72 | D18: =D$6 -> 45 | F18: =(C18-I18)/I18 -> 0.083713851 | G18: {=(C18-IF(ISNA(INDEX(I18:GA18,D18-22)),INDEX(I18:GA18,D18-23),INDEX(I18:GA18,D18-22)))/IF(ISNA(INDEX(I18:GA18,D18-22)),INDEX(I18:GA18,D18-23),INDEX(I18:GA18,D18-22))} -> 0.051698671 | I18: =IF(ISBLANK(I7),NA(),ROUNDDOWN(I7*0.75,2)) -> 39.42 | J18: =IF(ISBLANK(J7),NA(),ROUNDDOWN(J7*0.75,2)) -> 38.13 | K18: =IF(ISBLANK(K7),NA(),ROUNDDOWN(K7*0.75,2)) -> #N/A | L18: =IF(ISBLANK(L7),NA(),ROUNDDOWN(L7*0.75,2)) -> 45.84 | M18: =IF(ISBLANK(M7),NA(),ROUNDDOWN(M7*0.75,2)) -> #N/A | N18: =IF(ISBLANK(N7),NA(),ROUNDDOWN(N7*0.75,2)) -> 41.19 | O18: =IF(ISBLANK(O7),NA(),ROUNDDOWN(O7*0.75,2)) -> 41.24 | P18: =IF(ISBLANK(P7),NA(),ROUNDDOWN(P7*0.75,2)) -> 39.18 | ... GA18: =IF(ISBLANK(GA7),NA(),ROUNDDOWN(GA7*0.75,2)) -> #N/A
A19: =A8 -> Neo-Noir FN | C19: {=LOOKUP(2,1/(I19:GA19<>""),I19:GA19)} -> 34.29 | D19: =D$6 -> 45 | F19: =(C19-I19)/I19 -> -0.027234043 | G19: {=(C19-IF(ISNA(INDEX(I19:GA19,D19-22)),INDEX(I19:GA19,D19-23),INDEX(I19:GA19,D19-22)))/IF(ISNA(INDEX(I19:GA19,D19-22)),INDEX(I19:GA19,D19-23),INDEX(I19:GA19,D19-22))} -> -0.041107383 | I19: =IF(ISBLANK(I8),NA(),ROUNDDOWN(I8*0.75,2)) -> 35.25 | J19: =IF(ISBLANK(J8),NA(),ROUNDDOWN(J8*0.75,2)) -> 34.44 | K19: =IF(ISBLANK(K8),NA(),ROUNDDOWN(K8*0.75,2)) -> #N/A | L19: =IF(ISBLANK(L8),NA(),ROUNDDOWN(L8*0.75,2)) -> 33.4 | M19: =IF(ISBLANK(M8),NA(),ROUNDDOWN(M8*0.75,2)) -> #N/A | N19: =IF(ISBLANK(N8),NA(),ROUNDDOWN(N8*0.75,2)) -> 34.13 | O19: =IF(ISBLANK(O8),NA(),ROUNDDOWN(O8*0.75,2)) -> 34.53 | P19: =IF(ISBLANK(P8),NA(),ROUNDDOWN(P8*0.75,2)) -> 34.56 | ... GA19: =IF(ISBLANK(GA8),NA(),ROUNDDOWN(GA8*0.75,2)) -> #N/A
A20: =A9 -> Atheris MW | C20: {=LOOKUP(2,1/(I20:GA20<>""),I20:GA20)} -> 3.24 | D20: =D$6 -> 45 | F20: =(C20-I20)/I20 -> 0.0030959752 | G20: {=(C20-IF(ISNA(INDEX(I20:GA20,D20-22)),INDEX(I20:GA20,D20-23),INDEX(I20:GA20,D20-22)))/IF(ISNA(INDEX(I20:GA20,D20-22)),INDEX(I20:GA20,D20-23),INDEX(I20:GA20,D20-22))} -> 0.028571429 | I20: =IF(ISBLANK(I9),NA(),ROUNDDOWN(I9*0.75,2)) -> 3.23 | J20: =IF(ISBLANK(J9),NA(),ROUNDDOWN(J9*0.75,2)) -> 3.4 | K20: =IF(ISBLANK(K9),NA(),ROUNDDOWN(K9*0.75,2)) -> #N/A | L20: =IF(ISBLANK(L9),NA(),ROUNDDOWN(L9*0.75,2)) -> 3.27 | M20: =IF(ISBLANK(M9),NA(),ROUNDDOWN(M9*0.75,2)) -> #N/A | N20: =IF(ISBLANK(N9),NA(),ROUNDDOWN(N9*0.75,2)) -> 3.3 | O20: =IF(ISBLANK(O9),NA(),ROUNDDOWN(O9*0.75,2)) -> 3.12 | P20: =IF(ISBLANK(P9),NA(),ROUNDDOWN(P9*0.75,2)) -> 3.3 | ... GA20: =IF(ISBLANK(GA9),NA(),ROUNDDOWN(GA9*0.75,2)) -> #N/A
I24: =I13 -> 44331 | J24: =J13 -> 44332 | K24: =K13 -> 44333 | L24: =L13 -> 44334 | M24: =M13 -> 44335 | N24: =N13 -> 44336 | O24: =O13 -> 44337 | P24: =P13 -> 44338 | ... GA24: =GA13 -> 44505
A25: Total Value | C25: {=LOOKUP(2,1/(I25:GA25<>""),I25:GA25)} -> 197.7 | D25: =D$6 -> 45 | F25: =(C25-I25)/I25 -> 0.0114084 | G25: {=(C25-IF(ISNA(INDEX(I25:GA25,D25-22)),INDEX(I25:GA25,D25-23),INDEX(I25:GA25,D25-22)))/IF(ISNA(INDEX(I25:GA25,D25-22)),INDEX(I25:GA25,D25-23),INDEX(I25:GA25,D25-22))} -> -0.014603997 | I25: =IF(SUM(I3:I9)=0,NA(),SUM(I3:I9)) -> 195.47 | J25: =IF(SUM(J3:J9)=0,NA(),SUM(J3:J9)) -> 190.54 | K25: =IF(SUM(K3:K9)=0,NA(),SUM(K3:K9)) -> #N/A | L25: =IF(SUM(L3:L9)=0,NA(),SUM(L3:L9)) -> 199.99 | M25: =IF(SUM(M3:M9)=0,NA(),SUM(M3:M9)) -> #N/A | N25: =IF(SUM(N3:N9)=0,NA(),SUM(N3:N9)) -> 193.31 | O25: =IF(SUM(O3:O9)=0,NA(),SUM(O3:O9)) -> 193.19 | P25: =IF(SUM(P3:P9)=0,NA(),SUM(P3:P9)) -> 185.44 | ... GA25: =IF(SUM(GA3:GA9)=0,NA(),SUM(GA3:GA9)) -> #N/A
A26: Total Revenue | C26: {=LOOKUP(2,1/(I26:GA26<>""),I26:GA26)} -> 148.26 | D26: =D$6 -> 45 | F26: =(C26-I26)/I26 -> 0.011461318 | G26: {=(C26-IF(ISNA(INDEX(I26:GA26,D26-22)),INDEX(I26:GA26,D26-23),INDEX(I26:GA26,D26-22)))/IF(ISNA(INDEX(I26:GA26,D26-22)),INDEX(I26:GA26,D26-23),INDEX(I26:GA26,D26-22))} -> -0.014490827 | I26: =IF(SUM(I14:I20)=0,NA(),SUM(I14:I20)) -> 146.58 | J26: =IF(SUM(J14:J20)=0,NA(),SUM(J14:J20)) -> 142.88 | K26: =IF(SUM(K14:K20)=0,NA(),SUM(K14:K20)) -> #N/A | L26: =IF(SUM(L14:L20)=0,NA(),SUM(L14:L20)) -> 149.97 | M26: =IF(SUM(M14:M20)=0,NA(),SUM(M14:M20)) -> #N/A | N26: =IF(SUM(N14:N20)=0,NA(),SUM(N14:N20)) -> 144.96 | O26: =IF(SUM(O14:O20)=0,NA(),SUM(O14:O20)) -> 144.87 | P26: =IF(SUM(P14:P20)=0,NA(),SUM(P14:P20)) -> 139.05 | ... GA26: =IF(SUM(GA14:GA20)=0,NA(),SUM(GA14:GA20)) -> #N/A

Sheet M4A4
A1: M4A4
C2: Last Value | D2: Row of last value | F2: Since start of tracking | G2: 14day | I2: =Knife!I2 -> 44331 | J2: =Knife!J2 -> 44332 | K2: =Knife!K2 -> 44333 | L2: =Knife!L2 -> 44334 | M2: =Knife!M2 -> 44335 | N2: =Knife!N2 -> 44336 | O2: =Knife!O2 -> 44337 | P2: =Knife!P2 -> 44338 | ... GA2: =Knife!GA2 -> 44505
A3: Stattrak Dragon King MW | C3: {=LOOKUP(2,1/(I3:GA3<>""),I3:GA3)} -> 36.72 | D3: {=SUMPRODUCT(MAX((I3:GA3<>"")*COLUMN(I3:GA3)))} -> 45 | F3: =(C3-I3)/I3 -> -0.015813455 | G3: {=(C3-IF(ISNA(INDEX(I3:GA3,D3-22)),INDEX(I3:GA3,D3-23),INDEX(I3:GA3,D3-22)))/IF(ISNA(INDEX(I3:GA3,D3-22)),INDEX(I3:GA3,D3-23),INDEX(I3:GA3,D3-22))} -> 0.015767635 | I3: 37.31 | J3: 36.88 | L3: 38.8 | N3: 37.92 | O3: 39.03 | P3: 38.35 | Q3: 37.8 | R3: 36.91 | S3: 35.35 | T3: 38.06 | U3: 35.93 | V3: 36.22 | W3: 35.09 | X3: 36.14 | Y3: 36.81 | Z3: 37.95 | AA3: 39.41 | AB3: 37.04 | AC3: 39.44 | AD3: 37.85 | AE3: 36.15 | AF3: 36.14 | AG3: 36.14 | AH3: 37.04 | AI3: 36.04 | AJ3: 38.33 | AK3: 36.92 | AL3: 35.79 | AM3: 36.84 | AO3: 35.78 | AP3: 38.73 | AQ3: 38.3 | AR3: 36.73 | AS3: 36.72
A4: Desolate Space MW | C4: {=LOOKUP(2,1/(I4:GA4<>""),I4:GA4)} -> 12.76 | D4: {=SUMPRODUCT(MAX((I4:GA4<>"")*COLUMN(I4:GA4)))} -> 45 | F4: =(C4-I4)/I4 -> -0.073347858 | G4: {=(C4-IF(ISNA(INDEX(I4:GA4,D4-22)),INDEX(I4:GA4,D4-23),INDEX(I4:GA4,D4-22)))/IF(ISNA(INDEX(I4:GA4,D4-22)),INDEX(I4:GA4,D4-23),INDEX(I4:GA4,D4-22))} -> -0.021472393 | I4: 13.77 | J4: 14.43 | L4: 13.96 | N4: 13.19 | O4: 14.41 | P4: 14.08 | Q4: 14.66 | R4: 13.65 | S4: 13.29 | T4: 13.64 | U4: 13.24 | V4: 13.22 | W4: 13.98 | X4: 13.53 | Y4: 13.74 | Z4: 13.68 | AA4: 13.85 | AB4: 12.95 | AC4: 13.12 | AD4: 13.6 | AE4: 13.04 | AF4: 14 | AG4: 13.51 | AH4: 13.59 | AI4: 13.03 | AJ4: 12.55 | AK4: 13.36 | AL4: 12.62 | AM4: 13.47 | AO4: 13.58 | AP4: 12.59 | AQ4: 13.77 | AR4: 13.84 | AS4: 12.76
A5: Bullet Rain MW | C5: {=LOOKUP(2,1/(I5:GA5<>""),I5:GA5)} -> 17.15 | D5: {=SUMPRODUCT(MAX((I5:GA5<>"")*COLUMN(I5:GA5)))} -> 45 | F5: =(C5-I5)/I5 -> -0.009243212 | G5: {=(C5-IF(ISNA(INDEX(I5:GA5,D5-22)),INDEX(I5:GA5,D5-23),INDEX(I5:GA5,D5-22)))/IF(ISNA(INDEX(I5:GA5,D5-22)),INDEX(I5:GA5,D5-23),INDEX(I5:GA5,D5-22))} -> -0.086794462 | I5: 17.31 | J5: 16.39 | L5: 18.76 | N5: 18.24 | O5: 18.28 | P5: 17.51 | Q5: 17.17 | R5: 18.43 | S5: 17.95 | T5: 18.69 | U5: 17.26 | V5: 18.41 | W5: 18.35 | X5: 18.91 | Y5: 17.68 | Z5: 18.25 | AA5: 18.32 | AB5: 18.26 | AC5: 17.87 | AD5: 18.21 | AE5: 18.78 | AF5: 17.96 | AG5: 16.98 | AH5: 17.06 | AI5: 17.26 | AJ5: 17.79 | AK5: 17.08 | AL5: 17.43 | AM5: 17.1 | AO5: 17.04 | AP5: 18.01 | AQ5: 18.59 | AR5: 17.54 | AS5: 17.15
A6: Evil Daimyo FN | C6: {=LOOKUP(2,1/(I6:GA6<>""),I6:GA6)} -> 6.72 | D6: {=SUMPRODUCT(MAX((I6:GA6<>"")*COLUMN(I6:GA6)))} -> 45 | F6: =(C6-I6)/I6 -> -0.026086957 | G6: {=(C6-IF(ISNA(INDEX(I6:GA6,D6-22)),INDEX(I6:GA6,D6-23),INDEX(I6:GA6,D6-22)))/IF(ISNA(INDEX(I6:GA6,D6-22)),INDEX(I6:GA6,D6-23),INDEX(I6:GA6,D6-22))} -> 0.019726859 | I6: 6.9 | J6: 7.37 | L6: 6.99 | N6: 6.87 | O6: 6.82 | P6: 7.06 | Q6: 6.74 | R6: 7.04 | S6: 6.99 | T6: 7.14 | U6: 6.68 | V6: 6.85 | W6: 6.98 | X6: 7.03 | Y6: 6.48 | Z6: 6.63 | AA6: 6.64 | AB6: 7.06 | AC6: 6.58 | AD6: 6.51 | AE6: 6.59 | AF6: 7.03 | AG6: 6.6 | AH6: 6.98 | AI6: 6.76 | AJ6: 6.75 | AK6: 6.81 | AL6: 6.74 | AM6: 6.3 | AO6: 6.5 | AP6: 6.61 | AQ6: 6.36 | AR6: 6.27 | AS6: 6.72
A7: Hellfire MW | C7: {=LOOKUP(2,1/(I7:GA7<>""),I7:GA7)} -> 31.97 | D7: {=SUMPRODUCT(MAX((I7:GA7<>"")*COLUMN(I7:GA7)))} -> 45 | F7: =(C7-I7)/I7 -> 0.19024572 | G7: {=(C7-IF(ISNA(INDEX(I7:GA7,D7-22)),INDEX(I7:GA7,D7-23),INDEX(I7:GA7,D7-22)))/IF(ISNA(INDEX(I7:GA7,D7-22)),INDEX(I7:GA7,D7-23),INDEX(I7:GA7,D7-22))} -> -0.10448179 | I7: 26.86 | J7: 25.93 | L7: 25.2 | N7: 26.25 | O7: 26.3 | P7: 26.9 | Q7: 24.86 | R7: 27.3 | S7: 25.21 | T7: 26.11 | U7: 27.42 | V7: 27.34 | W7: 27.33 | X7: 28.52 | Y7: 28.58 | Z7: 29.09 | AA7: 29.49 | AB7: 28.06 | AC7: 32.92 | AD7: 38.33 | AE7: 35.7 | AF7: 31.47 | AG7: 31.14 | AH7: 31.54 | AI7: 31.16 | AJ7: 30.56 | AK7: 28.3 | AL7: 28.18 | AM7: 30.93 | AO7: 29.64 | AP7: 29.97 | AQ7: 29.16 | AR7: 31.3 | AS7: 31.97
A8: Neo-Noir MW | C8: {=LOOKUP(2,1/(I8:GA8<>""),I8:GA8)} -> 24.86 | D8: {=SUMPRODUCT(MAX((I8:GA8<>"")*COLUMN(I8:GA8)))} -> 45 | F8: =(C8-I8)/I8 -> -0.14482284 | G8: {=(C8-IF(ISNA(INDEX(I8:GA8,D8-22)),INDEX(I8:GA8,D8-23),INDEX(I8:GA8,D8-22)))/IF(ISNA(INDEX(I8:GA8,D8-22)),INDEX(I8:GA8,D8-23),INDEX(I8:GA8,D8-22))} -> -0.038297872 | I8: 29.07 | J8: 29.37 | L8: 26.79 | N8: 27.5 | O8: 27.26 | P8: 28.86 | Q8: 27.29 | R8: 25.83 | S8: 26.17 | T8: 25.72 | U8: 27.42 | V8: 25.94 | W8: 26.04 | X8: 25.26 | Y8: 27.4 | Z8: 27.17 | AA8: 26.02 | AB8: 26.27 | AC8: 27.83 | AD8: 26.99 | AE8: 25.85 | AF8: 28.1 | AG8: 26.37 | AH8: 26.59 | AI8: 25.22 | AJ8: 24.19 | AK8: 27.33 | AL8: 26.95 | AM8: 25.25 | AO8: 25.64 | AP8: 25.32 | AQ8: 26 | AR8: 26.58 | AS8: 24.86
A9: The Battlestar FN | C9: {=LOOKUP(2,1/(I9:GA9<>""),I9:GA9)} -> 14.51 | D9: {=SUMPRODUCT(MAX((I9:GA9<>"")*COLUMN(I9:GA9)))} -> 45 | F9: =(C9-I9)/I9 -> -0.00068870523 | G9: {=(C9-IF(ISNA(INDEX(I9:GA9,D9-22)),INDEX(I9:GA9,D9-23),INDEX(I9:GA9,D9-22)))/IF(ISNA(INDEX(I9:GA9,D9-22)),INDEX(I9:GA9,D9-23),INDEX(I9:GA9,D9-22))} -> 0.093443858 | I9: 14.52 | J9: 13.27 | L9: 13.26 | N9: 14.11 | O9: 14.06 | P9: 14.27 | Q9: 13.84 | R9: 13.34 | S9: 12.49 | T9: 12.85 | U9: 12.48 | V9: 13.5 | W9: 13.54 | X9: 13.54 | Y9: 14.22 | Z9: 13.54 | AA9: 13.19 | AB9: 13.66 | AC9: 12.69 | AD9: 13.66 | AE9: 13.27 | AF9: 13.63 | AG9: 13.64 | AH9: 13.66 | AI9: 13.69 | AJ9: 13.68 | AK9: 14.64 | AL9: 14.77 | AM9: 12.47 | AO9: 13.45 | AP9: 13.29 | AQ9: 13.54 | AR9: 14.43 | AS9: 14.51
A10: Stattrak Cyber Security MW | C10: {=LOOKUP(2,1/(I10:GA10<>""),I10:GA10)} -> 29.58 | D10: {=SUMPRODUCT(MAX((I10:GA10<>"")*COLUMN(I10:GA10)))} -> 45 | F10: =(C10-I10)/I10 -> -0.10930443 | G10: {=(C10-IF(ISNA(INDEX(I10:GA10,D10-22)),INDEX(I10:GA10,D10-23),INDEX(I10:GA10,D10-22)))/IF(ISNA(INDEX(I10:GA10,D10-22)),INDEX(I10:GA10,D10-23),INDEX(I10:GA10,D10-22))} -> 0.018595041 | I10: 33.21 | J10: 31.65 | L10: 29.18 | N10: 31.74 | O10: 29.35 | P10: 30.3 | Q10: 30.75 | R10: 28.8 | S10: 30.22 | T10: 28.81 | U10: 28.69 | V10: 27.92 | W10: 28.87 | X10: 29.99 | Y10: 28.9 | Z10: 29.12 | AA10: 29.62 | AB10: 28.55 | AC10: 29.16 | AD10: 29.07 | AE10: 29.04 | AF10: 30.67 | AG10: 28.92 | AH10: 29.44 | AI10: 30.41 | AJ10: 29.82 | AK10: 31.28 | AL10: 28.31 | AM10: 29.37 | AO10: 29.15 | AP10: 28.64 | AQ10: 28.25 | AR10: 28.63 | AS10: 29.58
I14: =I2 -> 44331 | J14: =J2 -> 44332 | K14: =K2 -> 44333 | L14: =L2 -> 44334 | M14: =M2 -> 44335 | N14: =N2 -> 44336 | O14: =O2 -> 44337 | P14: =P2 -> 44338 | ... GA14: =GA2 -> 44505
A15: =A3 -> Stattrak Dragon King MW | C15: {=LOOKUP(2,1/(I15:GA15<>""),I15:GA15)} -> 27.54 | D15: =D$6 -> 45 | F15: =(C15-I15)/I15 -> -0.015725518 | G15: {=(C15-IF(ISNA(INDEX(I15:GA15,D15-22)),INDEX(I15:GA15,D15-23),INDEX(I15:GA15,D15-22)))/IF(ISNA(INDEX(I15:GA15,D15-22)),INDEX(I15:GA15,D15-23),INDEX(I15:GA15,D15-22))} -> 0.015861306 | I15: =IF(ISBLANK(I3),NA(),ROUNDDOWN(I3*0.75,2)) -> 27.98 | J15: =IF(ISBLANK(J3),NA(),ROUNDDOWN(J3*0.75,2)) -> 27.66 | K15: =IF(ISBLANK(K3),NA(),ROUNDDOWN(K3*0.75,2)) -> #N/A | L15: =IF(ISBLANK(L3),NA(),ROUNDDOWN(L3*0.75,2)) -> 29.1 | M15: =IF(ISBLANK(M3),NA(),ROUNDDOWN(M3*0.75,2)) -> #N/A | N15: =IF(ISBLANK(N3),NA(),ROUNDDOWN(N3*0.75,2)) -> 28.44 | O15: =IF(ISBLANK(O3),NA(),ROUNDDOWN(O3*0.75,2)) -> 29.27 | P15: =IF(ISBLANK(P3),NA(),ROUNDDOWN(P3*0.75,2)) -> 28.76 | ... GA15: =IF(ISBLANK(GA3),NA(),ROUNDDOWN(GA3*0.75,2)) -> #N/A
A16: =A4 -> Desolate Space MW | C16: {=LOOKUP(2,1/(I16:GA16<>""),I16:GA16)} -> 9.57 | D16: =D$6 -> 45 | F16: =(C16-I16)/I16 -> -0.072674419 | G16: {=(C16-IF(ISNA(INDEX(I16:GA16,D16-22)),INDEX(I16:GA16,D16-23),INDEX(I16:GA16,D16-22)))/IF(ISNA(INDEX(I16:GA16,D16-22)),INDEX(I16:GA16,D16-23),INDEX(I16:GA16,D16-22))} -> -0.021472393 | I16: =IF(ISBLANK(I4),NA(),ROUNDDOWN(I4*0.75,2)) -> 10.32 | J16: =IF(ISBLANK(J4),NA(),ROUNDDOWN(J4*0.75,2)) -> 10.82 | K16: =IF(ISBLANK(K4),NA(),ROUNDDOWN(K4*0.75,2)) -> #N/A | L16: =IF(ISBLANK(L4),NA(),ROUNDDOWN(L4*0.75,2)) -> 10.47 | M16: =IF(ISBLANK(M4),NA(),ROUNDDOWN(M4*0.75,2)) -> #N/A | N16: =IF(ISBLANK(N4),NA(),ROUNDDOWN(N4*0.75,2)) -> 9.89 | O16: =IF(ISBLANK(O4),NA(),ROUNDDOWN(O4*0.75,2)) -> 10.8 | P16: =IF(ISBLANK(P4),NA(),ROUNDDOWN(P4*0.75,2)) -> 10.56 | ... GA16: =IF(ISBLANK(GA4),NA(),ROUNDDOWN(GA4*0.75,2)) -> #N/A
A17: =A5 -> Bullet Rain MW | C17: {=LOOKUP(2,1/(I17:GA17<>""),I17:GA17)} -> 12.86 | D17: =D$6 -> 45 | F17: =(C17-I17)/I17 -> -0.0092449923 | G17: {=(C17-IF(ISNA(INDEX(I17:GA17,D17-22)),INDEX(I17:GA17,D17-23),INDEX(I17:GA17,D17-22)))/IF(ISNA(INDEX(I17:GA17,D17-22)),INDEX(I17:GA17,D17-23),INDEX(I17:GA17,D17-22))} -> -0.086647727 | I17: =IF(ISBLANK(I5),NA(),ROUNDDOWN(I5*0.75,2)) -> 12.98 | J17: =IF(ISBLANK(J5),NA(),ROUNDDOWN(J5*0.75,2)) -> 12.29 | K17: =IF(ISBLANK(K5),NA(),ROUNDDOWN(K5*0.75,2)) -> #N/A | L17: =IF(ISBLANK(L5),NA(),ROUNDDOWN(L5*0.75,2)) -> 14.07 | M17: =IF(ISBLANK(M5),NA(),ROUNDDOWN(M5*0.75,2)) -> #N/A | N17: =IF(ISBLANK(N5),NA(),ROUNDDOWN(N5*0.75,2)) -> 13.68 | O17: =IF(ISBLANK(O5),NA(),ROUNDDOWN(O5*0.75,2)) -> 13.71 | P17: =IF(ISBLANK(P5),NA(),ROUNDDOWN(P5*0.75,2)) -> 13.13 | ... GA17: =IF(ISBLANK(GA5),NA(),ROUNDDOWN(GA5*0.75,2)) -> #N/A
A18: =A6 -> Evil Daimyo FN | C18: {=LOOKUP(2,1/(I18:GA18<>""),I18:GA18)} -> 5.04 | D18: =D$6 -> 45 | F18: =(C18-I18)/I18 -> -0.025145068 | G18: {=(C18-IF(ISNA(INDEX(I18:GA18,D18-22)),INDEX(I18:GA18,D18-23),INDEX(I18:GA18,D18-22)))/IF(ISNA(INDEX(I18:GA18,D18-22)),INDEX(I18:GA18,D18-23),INDEX(I18:GA18,D18-22))} -> 0.020242915 | I18: =IF(ISBLANK(I6),NA(),ROUNDDOWN(I6*0.75,2)) -> 5.17 | J18: =IF(ISBLANK(J6),NA(),ROUNDDOWN(J6*0.75,2)) -> 5.52 | K18: =IF(ISBLANK(K6),NA(),ROUNDDOWN(K6*0.75,2)) -> #N/A | L18: =IF(ISBLANK(L6),NA(),ROUNDDOWN(L6*0.75,2)) -> 5.24 | M18: =IF(ISBLANK(M6),NA(),ROUNDDOWN(M6*0.75,2)) -> #N/A | N18: =IF(ISBLANK(N6),NA(),ROUNDDOWN(N6*0.75,2)) -> 5.15 | O18: =IF(ISBLANK(O6),NA(),ROUNDDOWN(O6*0.75,2)) -> 5.11 | P18: =IF(ISBLANK(P6),NA(),ROUNDDOWN(P6*0.75,2)) -> 5.29 | ... GA18: =IF(ISBLANK(GA6),NA(),ROUNDDOWN(GA6*0.75,2)) -> #N/A
A19: =A7 -> Hellfire MW | C19: {=LOOKUP(2,1/(I19:GA19<>""),I19:GA19)} -> 23.97 | D19: =D$6 -> 45 | F19: =(C19-I19)/I19 -> 0.19016882 | G19: {=(C19-IF(ISNA(INDEX(I19:GA19,D19-22)),INDEX(I19:GA19,D19-23),INDEX(I19:GA19,D19-22)))/IF(ISNA(INDEX(I19:GA19,D19-22)),INDEX(I19:GA19,D19-23),INDEX(I19:GA19,D19-22))} -> -0.1045947 | I19: =IF(ISBLANK(I7),NA(),ROUNDDOWN(I7*0.75,2)) -> 20.14 | J19: =IF(ISBLANK(J7),NA(),ROUNDDOWN(J7*0.75,2)) -> 19.44 | K19: =IF(ISBLANK(K7),NA(),ROUNDDOWN(K7*0.75,2)) -> #N/A | L19: =IF(ISBLANK(L7),NA(),ROUNDDOWN(L7*0.75,2)) -> 18.9 | M19: =IF(ISBLANK(M7),NA(),ROUNDDOWN(M7*0.75,2)) -> #N/A | N19: =IF(ISBLANK(N7),NA(),ROUNDDOWN(N7*0.75,2)) -> 19.68 | O19: =IF(ISBLANK(O7),NA(),ROUNDDOWN(O7*0.75,2)) -> 19.72 | P19: =IF(ISBLANK(P7),NA(),ROUNDDOWN(P7*0.75,2)) -> 20.17 | ... GA19: =IF(ISBLANK(GA7),NA(),ROUNDDOWN(GA7*0.75,2)) -> #N/A
A20: =A8 -> Neo-Noir MW | C20: {=LOOKUP(2,1/(I20:GA20<>""),I20:GA20)} -> 18.64 | D20: =D$6 -> 45 | F20: =(C20-I20)/I20 -> -0.14495413 | G20: {=(C20-IF(ISNA(INDEX(I20:GA20,D20-22)),INDEX(I20:GA20,D20-23),INDEX(I20:GA20,D20-22)))/IF(ISNA(INDEX(I20:GA20,D20-22)),INDEX(I20:GA20,D20-23),INDEX(I20:GA20,D20-22))} -> -0.038183695 | I20: =IF(ISBLANK(I8),NA(),ROUNDDOWN(I8*0.75,2)) -> 21.8 | J20: =IF(ISBLANK(J8),NA(),ROUNDDOWN(J8*0.75,2)) -> 22.02 | K20: =IF(ISBLANK(K8),NA(),ROUNDDOWN(K8*0.75,2)) -> #N/A | L20: =IF(ISBLANK(L8),NA(),ROUNDDOWN(L8*0.75,2)) -> 20.09 | M20: =IF(ISBLANK(M8),NA(),ROUNDDOWN(M8*0.75,2)) -> #N/A | N20: =IF(ISBLANK(N8),NA(),ROUNDDOWN(N8*0.75,2)) -> 20.62 | O20: =IF(ISBLANK(O8),NA(),ROUNDDOWN(O8*0.75,2)) -> 20.44 | P20: =IF(ISBLANK(P8),NA(),ROUNDDOWN(P8*0.75,2)) -> 21.64 | ... GA20: =IF(ISBLANK(GA8),NA(),ROUNDDOWN(GA8*0.75,2)) -> #N/A
A21: =A9 -> The Battlestar FN | C21: {=LOOKUP(2,1/(I21:GA21<>""),I21:GA21)} -> 10.88 | D21: =D$6 -> 45 | F21: =(C21-I21)/I21 -> -0.00091827365 | G21: {=(C21-IF(ISNA(INDEX(I21:GA21,D21-22)),INDEX(I21:GA21,D21-23),INDEX(I21:GA21,D21-22)))/IF(ISNA(INDEX(I21:GA21,D21-22)),INDEX(I21:GA21,D21-23),INDEX(I21:GA21,D21-22))} -> 0.093467337 | I21: =IF(ISBLANK(I9),NA(),ROUNDDOWN(I9*0.75,2)) -> 10.89 | J21: =IF(ISBLANK(J9),NA(),ROUNDDOWN(J9*0.75,2)) -> 9.95 | K21: =IF(ISBLANK(K9),NA(),ROUNDDOWN(K9*0.75,2)) -> #N/A | L21: =IF(ISBLANK(L9),NA(),ROUNDDOWN(L9*0.75,2)) -> 9.94 | M21: =IF(ISBLANK(M9),NA(),ROUNDDOWN(M9*0.75,2)) -> #N/A | N21: =IF(ISBLANK(N9),NA(),ROUNDDOWN(N9*0.75,2)) -> 10.58 | O21: =IF(ISBLANK(O9),NA(),ROUNDDOWN(O9*0.75,2)) -> 10.54 | P21: =IF(ISBLANK(P9),NA(),ROUNDDOWN(P9*0.75,2)) -> 10.7 | ... GA21: =IF(ISBLANK(GA9),NA(),ROUNDDOWN(GA9*0.75,2)) -> #N/A
A22: =A10 -> Stattrak Cyber Security MW | C22: {=LOOKUP(2,1/(I22:GA22<>""),I22:GA22)} -> 22.18 | D22: =D$6 -> 45 | F22: =(C22-I22)/I22 -> -0.10923695 | G22: {=(C22-IF(ISNA(INDEX(I22:GA22,D22-22)),INDEX(I22:GA22,D22-23),INDEX(I22:GA22,D22-22)))/IF(ISNA(INDEX(I22:GA22,D22-22)),INDEX(I22:GA22,D22-23),INDEX(I22:GA22,D22-22))} -> 0.018365473 | I22: =IF(ISBLANK(I10),NA(),ROUNDDOWN(I10*0.75,2)) -> 24.9 | J22: =IF(ISBLANK(J10),NA(),ROUNDDOWN(J10*0.75,2)) -> 23.73 | K22: =IF(ISBLANK(K10),NA(),ROUNDDOWN(K10*0.75,2)) -> #N/A | L22: =IF(ISBLANK(L10),NA(),ROUNDDOWN(L10*0.75,2)) -> 21.88 | M22: =IF(ISBLANK(M10),NA(),ROUNDDOWN(M10*0.75,2)) -> #N/A | N22: =IF(ISBLANK(N10),NA(),ROUNDDOWN(N10*0.75,2)) -> 23.8 | O22: =IF(ISBLANK(O10),NA(),ROUNDDOWN(O10*0.75,2)) -> 22.01 | P22: =IF(ISBLANK(P10),NA(),ROUNDDOWN(P10*0.75,2)) -> 22.72 | ... GA22: =IF(ISBLANK(GA10),NA(),ROUNDDOWN(GA10*0.75,2)) -> #N/A
I26: =I14 -> 44331 | J26: =J14 -> 44332 | K26: =K14 -> 44333 | L26: =L14 -> 44334 | M26: =M14 -> 44335 | N26: =N14 -> 44336 | O26: =O14 -> 44337 | P26: =P14 -> 44338 | ... GA26: =GA14 -> 44505
A27: Total Value | C27: {=LOOKUP(2,1/(I27:GA27<>""),I27:GA27)} -> 174.27 | D27: =D$6 -> 45 | F27: =(C27-I27)/I27 -> -0.026152557 | G27: {=(C27-IF(ISNA(INDEX(I27:GA27,D27-22)),INDEX(I27:GA27,D27-23),INDEX(I27:GA27,D27-22)))/IF(ISNA(INDEX(I27:GA27,D27-22)),INDEX(I27:GA27,D27-23),INDEX(I27:GA27,D27-22))} -> -0.023259724 | I27: =IF(SUM(I3:I10)=0,NA(),SUM(I3:I10)) -> 178.95 | J27: =IF(SUM(J3:J10)=0,NA(),SUM(J3:J10)) -> 175.29 | K27: =IF(SUM(K3:K10)=0,NA(),SUM(K3:K10)) -> #N/A | L27: =IF(SUM(L3:L10)=0,NA(),SUM(L3:L10)) -> 172.94 | M27: =IF(SUM(M3:M10)=0,NA(),SUM(M3:M10)) -> #N/A | N27: =IF(SUM(N3:N10)=0,NA(),SUM(N3:N10)) -> 175.82 | O27: =IF(SUM(O3:O10)=0,NA(),SUM(O3:O10)) -> 175.51 | P27: =IF(SUM(P3:P10)=0,NA(),SUM(P3:P10)) -> 177.33 | ... GA27: =IF(SUM(GA3:GA10)=0,NA(),SUM(GA3:GA10)) -> #N/A
A28: Total Revenue | C28: {=LOOKUP(2,1/(I28:GA28<>""),I28:GA28)} -> 130.68 | D28: =D$6 -> 45 | F28: =(C28-I28)/I28 -> -0.026084364 | G28: {=(C28-IF(ISNA(INDEX(I28:GA28,D28-22)),INDEX(I28:GA28,D28-23),INDEX(I28:GA28,D28-22)))/IF(ISNA(INDEX(I28:GA28,D28-22)),INDEX(I28:GA28,D28-23),INDEX(I28:GA28,D28-22))} -> -0.023245385 | I28: =IF(SUM(I15:I22)=0,NA(),SUM(I15:I22)) -> 134.18 | J28: =IF(SUM(J15:J22)=0,NA(),SUM(J15:J22)) -> 131.43 | K28: =IF(SUM(K15:K22)=0,NA(),SUM(K15:K22)) -> #N/A | L28: =IF(SUM(L15:L22)=0,NA(),SUM(L15:L22)) -> 129.69 | M28: =IF(SUM(M15:M22)=0,NA(),SUM(M15:M22)) -> #N/A | N28: =IF(SUM(N15:N22)=0,NA(),SUM(N15:N22)) -> 131.84 | O28: =IF(SUM(O15:O22)=0,NA(),SUM(O15:O22)) -> 131.6 | P28: =IF(SUM(P15:P22)=0,NA(),SUM(P15:P22)) -> 132.97 | ... GA28: =IF(SUM(GA15:GA22)=0,NA(),SUM(GA15:GA22)) -> #N/A
