Workbook

Sheet Graphs

Sheet Total
A1: Category | B1: =Inventory!E1 -> 44331 | C1: =Inventory!F1 -> 44332 | D1: =Inventory!G1 -> 44334 | E1: =Inventory!H1 -> 44336 | F1: =Inventory!I1 -> 44337 | G1: =Inventory!J1 -> 44338 | H1: =Inventory!K1 -> 44339 | I1: =Inventory!L1 -> 44340 | ... FR1: =Inventory!FU1 -> 44505
A2: Knife | B2: =Knives!E10 -> 1973.04 | C2: =Knives!F10 -> 1981.9 | D2: =Knives!G10 -> 2000.11 | E2: =Knives!H10 -> 2012.33 | F2: =Knives!I10 -> 2033.07 | G2: =Knives!J10 -> 1997.22 | H2: =Knives!K10 -> 2013.88 | I2: =Knives!L10 -> 2043.27 | ... W2: =Knives!Z10 -> 0
A3: AWP | B3: =AWP!E13 -> 195.47 | C3: =AWP!F13 -> 190.54 | D3: =AWP!G13 -> 199.99 | E3: =AWP!H13 -> 193.31 | F3: =AWP!I13 -> 193.19 | G3: =AWP!J13 -> 185.44 | H3: =AWP!K13 -> 198.11 | I3: =AWP!L13 -> 199.2 | ... W3: =AWP!Z13 -> 0
A4: AK-47 | B4: ='AK-47'!E12 -> 385.2 | C4: ='AK-47'!F12 -> 398.33 | D4: ='AK-47'!G12 -> 408.55 | E4: ='AK-47'!H12 -> 396.45 | F4: ='AK-47'!I12 -> 401.81 | G4: ='AK-47'!J12 -> 389.48 | H4: ='AK-47'!K12 -> 389.59 | I4: ='AK-47'!L12 -> 395.05 | ... W4: ='AK-47'!Z12 -> 0
A5: M4A4 | B5: =M4A4!E14 -> 178.95 | C5: =M4A4!F14 -> 175.29 | D5: =M4A4!G14 -> 172.94 | E5: =M4A4!H14 -> 175.82 | F5: =M4A4!I14 -> 175.51 | G5: =M4A4!J14 -> 177.33 | H5: =M4A4!K14 -> 173.11 | I5: =M4A4!L14 -> 171.3 | ... W5: =M4A4!Z14 -> 0
A6: M4A1-S | B6: ='M4A1-S'!E10 -> 76.64 | C6: ='M4A1-S'!F10 -> 74.11 | D6: ='M4A1-S'!G10 -> 72.6 | E6: ='M4A1-S'!H10 -> 70.94 | F6: ='M4A1-S'!I10 -> 74.35 | G6: ='M4A1-S'!J10 -> 72.74 | H6: ='M4A1-S'!K10 -> 70.75 | I6: ='M4A1-S'!L10 -> 72.7 | ... W6: ='M4A1-S'!Z10 -> 0
A7: SMG | B7: =SMG!E20 -> 66.95 | C7: =SMG!F20 -> 67.2 | D7: =SMG!G20 -> 63.86 | E7: =SMG!H20 -> 63.06 | F7: =SMG!I20 -> 66.27 | G7: =SMG!J20 -> 67.62 | H7: =SMG!K20 -> 66.72 | I7: =SMG!L20 -> 66.37 | ... W7: =SMG!Z20 -> 0
A8: Pistol | B8: =Pistol!E37 -> 346.62 | C8: =Pistol!F37 -> 340.68 | D8: =Pistol!G37 -> 342.52 | E8: =Pistol!H37 -> 349.93 | F8: =Pistol!I37 -> 345.59 | G8: =Pistol!J37 -> 347.57 | H8: =Pistol!K37 -> 350.87 | I8: =Pistol!L37 -> 349.74 | ... W8: =Pistol!Z37 -> 0
A9: Heavy | B9: =Heavy!E17 -> 23.47 | C9: =Heavy!F17 -> 23.17 | D9: =Heavy!G17 -> 22.01 | E9: =Heavy!H17 -> 22.6 | F9: =Heavy!I17 -> 22.22 | G9: =Heavy!J17 -> 22.89 | H9: =Heavy!K17 -> 21.77 | I9: =Heavy!L17 -> 22.73 | ... W9: =Heavy!Z17 -> 0
A10: Other Rifles | B10: ='Other Rifles'!E23 -> 0 | C10: ='Other Rifles'!F23 -> 0 | D10: ='Other Rifles'!G23 -> 0 | E10: ='Other Rifles'!H23 -> 0 | F10: ='Other Rifles'!I23 -> 0 | G10: ='Other Rifles'!J23 -> 0 | H10: ='Other Rifles'!K23 -> 102.48 | I10: ='Other Rifles'!L23 -> 98.56 | ... W10: ='Other Rifles'!Z23 -> 0
A11: Case-Investments | B11: =Cases!D48 -> 379.7 | C11: =Cases!E48 -> 379.7 | D11: =Cases!F48 -> 379.7 | E11: =Cases!G48 -> 393.7 | F11: =Cases!H48 -> 392.2 | G11: =Cases!I48 -> 398.2 | H11: =Cases!J48 -> 372.2 | I11: =Cases!K48 -> 392.2 | ... W11: =Cases!Y48 -> 576.7
A12: Skin-Investments
B19: =B1 -> 44331 | C19: =C1 -> 44332 | D19: =D1 -> 44334 | E19: =E1 -> 44336 | F19: =F1 -> 44337 | G19: =G1 -> 44338 | H19: =H1 -> 44339 | I19: =I1 -> 44340 | ... FR19: =FR1 -> 44505
A20: Knife | B20: =Knives!E27 -> 1381.11 | C20: =Knives!F27 -> 1387.32 | D20: =Knives!G27 -> 1400.07 | E20: =Knives!H27 -> 1408.61 | F20: =Knives!I27 -> 1423.13 | G20: =Knives!J27 -> 1398.04 | H20: =Knives!K27 -> 1409.7 | I20: =Knives!L27 -> 1430.27 | ... W20: =Knives!Z27 -> 0
A21: AWP | B21: =AWP!E28 -> 136.79 | C21: =AWP!F28 -> 133.34 | D21: =AWP!G28 -> 139.96 | E21: =AWP!H28 -> 135.28 | F21: =AWP!I28 -> 135.2 | G21: =AWP!J28 -> 129.78 | H21: =AWP!K28 -> 138.64 | I21: =AWP!L28 -> 139.4 | ... W21: =AWP!Z28 -> 0
A22: AK-47 | B22: ='AK-47'!E26 -> 269.6 | C22: ='AK-47'!F26 -> 278.8 | D22: ='AK-47'!G26 -> 285.96 | E22: ='AK-47'!H26 -> 277.49 | F22: ='AK-47'!I26 -> 281.24 | G22: ='AK-47'!J26 -> 272.62 | H22: ='AK-47'!K26 -> 272.69 | I22: ='AK-47'!L26 -> 276.5 | ... W22: ='AK-47'!Z26 -> 0
A23: M4A4 | B23: =M4A4!E30 -> 125.22 | C23: =M4A4!F30 -> 122.66 | D23: =M4A4!G30 -> 121.04 | E23: =M4A4!H30 -> 123.03 | F23: =M4A4!I30 -> 122.83 | G23: =M4A4!J30 -> 124.1 | H23: =M4A4!K30 -> 121.14 | I23: =M4A4!L30 -> 119.88 | ... W23: =M4A4!Z30 -> 0
A24: M4A1-S | B24: ='M4A1-S'!E23 -> 53.63 | C24: ='M4A1-S'!F23 -> 51.86 | D24: ='M4A1-S'!G23 -> 50.8 | E24: ='M4A1-S'!H23 -> 49.64 | F24: ='M4A1-S'!I23 -> 52.03 | G24: ='M4A1-S'!J23 -> 50.89 | H24: ='M4A1-S'!K23 -> 49.5 | I24: ='M4A1-S'!L23 -> 50.87 | ... W24: ='M4A1-S'!Z23 -> 0
A25: SMG | B25: =SMG!E42 -> 46.83 | C25: =SMG!F42 -> 46.96 | D25: =SMG!G42 -> 44.63 | E25: =SMG!H42 -> 44.09 | F25: =SMG!I42 -> 46.32 | G25: =SMG!J42 -> 47.25 | H25: =SMG!K42 -> 46.64 | I25: =SMG!L42 -> 46.39 | ... W25: =SMG!Z42 -> 0
A26: Pistol | B26: =Pistol!E77 -> 242.49 | C26: =Pistol!F77 -> 238.36 | D26: =Pistol!G77 -> 239.6 | E26: =Pistol!H77 -> 244.81 | F26: =Pistol!I77 -> 241.79 | G26: =Pistol!J77 -> 243.17 | H26: =Pistol!K77 -> 245.47 | I26: =Pistol!L77 -> 244.69 | ... W26: =Pistol!Z77 -> 0
A27: Heavy | B27: =Heavy!E37 -> 16.39 | C27: =Heavy!F37 -> 16.17 | D27: =Heavy!G37 -> 15.35 | E27: =Heavy!H37 -> 15.77 | F27: =Heavy!I37 -> 15.51 | G27: =Heavy!J37 -> 16 | H27: =Heavy!K37 -> 15.21 | I27: =Heavy!L37 -> 15.87 | ... W27: =Heavy!Z37 -> 0
A28: Other Rifles | B28: ='Other Rifles'!E50 -> 0 | C28: ='Other Rifles'!F50 -> 0 | D28: ='Other Rifles'!G50 -> 0 | E28: ='Other Rifles'!H50 -> 0 | F28: ='Other Rifles'!I50 -> 0 | G28: ='Other Rifles'!J50 -> 0 | H28: ='Other Rifles'!K50 -> 71.66 | I28: ='Other Rifles'!L50 -> 68.91 | ... W28: ='Other Rifles'!Z50 -> 0
A29: Case-Investments | B29: =Cases!D49 -> 213.12 | C29: =Cases!E49 -> 213.12 | D29: =Cases!F49 -> 213.12 | E29: =Cases!G49 -> 224.32 | F29: =Cases!H49 -> 224.32 | G29: =Cases!I49 -> 227.92 | H29: =Cases!J49 -> 208.32 | I29: =Cases!K49 -> 224.32 | ... W29: =Cases!Y49 -> 353
A30: Skin-Investments
B36: =B19 -> 44331 | C36: =C19 -> 44332 | D36: =D19 -> 44334 | E36: =E19 -> 44336 | F36: =F19 -> 44337 | G36: =G19 -> 44338 | H36: =H19 -> 44339 | I36: =I19 -> 44340 | ... FR36: =FR19 -> 44505
A37: Total | B37: =SUM(B2:B12) -> 3626.04 | C37: =SUM(C2:C12) -> 3630.92 | D37: =SUM(D2:D12) -> 3662.28 | E37: =SUM(E2:E12) -> 3678.14 | F37: =SUM(F2:F12) -> 3704.21 | G37: =SUM(G2:G12) -> 3658.49 | H37: =SUM(H2:H12) -> 3759.48 | I37: =SUM(I2:I12) -> 3811.12 | ... W37: =SUM(W2:W12) -> 576.7
A38: Sale-Revenue | B38: =SUM(B20:B30) -> 2485.18 | C38: =SUM(C20:C30) -> 2488.59 | D38: =SUM(D20:D30) -> 2510.53 | E38: =SUM(E20:E30) -> 2523.04 | F38: =SUM(F20:F30) -> 2542.37 | G38: =SUM(G20:G30) -> 2509.77 | H38: =SUM(H20:H30) -> 2578.97 | I38: =SUM(I20:I30) -> 2617.1 | ... W38: =SUM(W20:W30) -> 353

Sheet Cases
C3: Cases
D4: =Inventory!E1 -> 44331 | E4: =Inventory!F1 -> 44332 | F4: =Inventory!G1 -> 44334 | G4: =Inventory!H1 -> 44336 | H4: =Inventory!I1 -> 44337 | I4: =Inventory!J1 -> 44338 | J4: =Inventory!K1 -> 44339 | K4: =Inventory!L1 -> 44340 | ... FT4: =Inventory!FU1 -> 44505
C5: Prisma 2 | D5: 0.05 | E5: 0.05 | F5: 0.05 | G5: 0.06 | H5: 0.06 | I5: 0.06 | J5: 0.05 | K5: 0.06 | L5: 0.06 | M5: 0.06 | N5: 0.06 | O5: 0.06 | P5: 0.06 | Q5: 0.05 | R5: 0.06 | S5: 0.06 | T5: 0.06 | U5: 0.06 | V5: 0.07 | W5: 0.08 | X5: 0.07 | Y5: 0.08
C6: Danger Zone | D6: 0.07 | E6: 0.07 | F6: 0.07 | G6: 0.07 | H6: 0.07 | I6: 0.07 | J6: 0.07 | K6: 0.07 | L6: 0.07 | M6: 0.07 | N6: 0.07 | O6: 0.06 | P6: 0.06 | Q6: 0.07 | R6: 0.07 | S6: 0.07 | T6: 0.07 | U6: 0.07 | V6: 0.08 | W6: 0.09 | X6: 0.08 | Y6: 0.09
C7: Prisma | D7: 0.07 | E7: 0.07 | F7: 0.07 | G7: 0.07 | H7: 0.07 | I7: 0.07 | J7: 0.07 | K7: 0.07 | L7: 0.07 | M7: 0.07 | N7: 0.07 | O7: 0.07 | P7: 0.07 | Q7: 0.07 | R7: 0.07 | S7: 0.08 | T7: 0.08 | U7: 0.08 | V7: 0.09 | W7: 0.12 | X7: 0.1 | Y7: 0.1
C8: Horizon | D8: 0.07 | E8: 0.07 | F8: 0.07 | G8: 0.07 | H8: 0.07 | I8: 0.07 | J8: 0.07 | K8: 0.07 | L8: 0.07 | M8: 0.07 | N8: 0.07 | O8: 0.07 | P8: 0.07 | Q8: 0.07 | R8: 0.07 | S8: 0.07 | T8: 0.07 | U8: 0.07 | V8: 0.12 | W8: 0.14 | X8: 0.11 | Y8: 0.12
C9: CS20 | D9: 0.08 | E9: 0.08 | F9: 0.08 | G9: 0.08 | H9: 0.08 | I9: 0.08 | J9: 0.08 | K9: 0.08 | L9: 0.08 | M9: 0.08 | N9: 0.08 | O9: 0.08 | P9: 0.08 | Q9: 0.08 | R9: 0.08 | S9: 0.08 | T9: 0.08 | U9: 0.08 | V9: 0.16 | W9: 0.21 | X9: 0.17 | Y9: 0.18
C10: Fracture | D10: 0.35 | E10: 0.35 | F10: 0.35 | G10: 0.31 | H10: 0.3 | I10: 0.34 | J10: 0.3 | K10: 0.3 | L10: 0.31 | M10: 0.3 | N10: 0.31 | O10: 0.3 | P10: 0.32 | Q10: 0.32 | R10: 0.34 | S10: 0.3 | T10: 0.32 | U10: 0.3 | V10: 0.35 | W10: 0.35 | X10: 0.32 | Y10: 0.32
C11: Clutch | D11: 0.21 | E11: 0.21 | F11: 0.21 | G11: 0.21 | H11: 0.21 | I11: 0.21 | J11: 0.21 | K11: 0.21 | L11: 0.21 | M11: 0.2 | N11: 0.2 | O11: 0.21 | P11: 0.21 | Q11: 0.24 | R11: 0.24 | S11: 0.24 | T11: 0.26 | U11: 0.27 | V11: 0.34 | W11: 0.43 | X11: 0.3 | Y11: 0.31
C12: Spectrum 2 | D12: 0.17 | E12: 0.17 | F12: 0.19 | G12: 0.19 | H12: 0.17 | I12: 0.18 | J12: 0.18 | K12: 0.17 | L12: 0.17 | M12: 0.18 | N12: 0.18 | O12: 0.19 | P12: 0.2 | Q12: 0.21 | R12: 0.21 | S12: 0.24 | T12: 0.24 | U12: 0.23 | V12: 0.34 | W12: 0.39 | X12: 0.34 | Y12: 0.36
C13: Spectrum | D13: 0.59 | E13: 0.58 | F13: 0.55 | G13: 0.53 | H13: 0.6 | I13: 0.6 | J13: 0.6 | K13: 0.61 | L13: 0.58 | M13: 0.61 | N13: 0.58 | O13: 0.62 | P13: 0.65 | Q13: 0.66 | R13: 0.65 | S13: 0.66 | T13: 0.64 | U13: 0.64 | V13: 0.72 | W13: 0.86 | X13: 0.73 | Y13: 0.64
C14: Shattered Web | D14: 1.12 | E14: 1.12 | F14: 1.2 | G14: 1.24 | H14: 1.21 | I14: 1.26 | J14: 1.27 | K14: 1.31 | L14: 1.53 | M14: 1.45 | N14: 1.51 | O14: 1.49 | P14: 1.41 | Q14: 1.39 | R14: 1.31 | S14: 1.34 | T14: 1.31 | U14: 1.35 | V14: 1.35 | W14: 1.35 | X14: 1.46 | Y14: 1.46
A16: Investments
A18: Buy-value | D18: =D4 -> 44331 | E18: =E4 -> 44332 | F18: =F4 -> 44334 | G18: =G4 -> 44336 | H18: =H4 -> 44337 | I18: =I4 -> 44338 | J18: =J4 -> 44339 | K18: =K4 -> 44340 | ... FT18: =FT4 -> 44505
A19: 0.06 | C19: Prisma 2 | D19: =D5 -> 0.05 | E19: =E5 -> 0.05 | F19: =F5 -> 0.05 | G19: =G5 -> 0.06 | H19: =H5 -> 0.06 | I19: =I5 -> 0.06 | J19: =J5 -> 0.05 | K19: =K5 -> 0.06 | ... Y19: =Y5 -> 0.08
A20: 0.07 | C20: Danger Zone | D20: =D6 -> 0.07 | E20: =E6 -> 0.07 | F20: =F6 -> 0.07 | G20: =G6 -> 0.07 | H20: =H6 -> 0.07 | I20: =I6 -> 0.07 | J20: =J6 -> 0.07 | K20: =K6 -> 0.07 | ... Y20: =Y6 -> 0.09
A21: 0.1 | C21: Horizon | D21: =D8 -> 0.07 | E21: =E8 -> 0.07 | F21: =F8 -> 0.07 | G21: =G8 -> 0.07 | H21: =H8 -> 0.07 | I21: =I8 -> 0.07 | J21: =J8 -> 0.07 | K21: =K8 -> 0.07 | ... Y21: =Y8 -> 0.12
A22: 0.12 | C22: CS20 | D22: =D9 -> 0.08 | E22: =E9 -> 0.08 | F22: =F9 -> 0.08 | G22: =G9 -> 0.08 | H22: =H9 -> 0.08 | I22: =I9 -> 0.08 | J22: =J9 -> 0.08 | K22: =K9 -> 0.08 | ... Y22: =Y9 -> 0.18
A23: 0.57 | C23: Fracture Cases | D23: =D10 -> 0.35 | E23: =E10 -> 0.35 | F23: =F10 -> 0.35 | G23: =G10 -> 0.31 | H23: =H10 -> 0.3 | I23: =I10 -> 0.34 | J23: =J10 -> 0.3 | K23: =K10 -> 0.3 | ... Y23: =Y10 -> 0.32
B25: 2000 | C25: Prisma 2 | D25: =D19*$B25 -> 100 | E25: =E19*$B25 -> 100 | F25: =F19*$B25 -> 100 | G25: =G19*$B25 -> 120 | H25: =H19*$B25 -> 120 | I25: =I19*$B25 -> 120 | J25: =J19*$B25 -> 100 | K25: =K19*$B25 -> 120 | ... Y25: =Y19*$B25 -> 160
B26: 1000 | C26: Danger Zone | D26: =D20*$B26 -> 70 | E26: =E20*$B26 -> 70 | F26: =F20*$B26 -> 70 | G26: =G20*$B26 -> 70 | H26: =H20*$B26 -> 70 | I26: =I20*$B26 -> 70 | J26: =J20*$B26 -> 70 | K26: =K20*$B26 -> 70 | ... Y26: =Y20*$B26 -> 90
B27: 2000 | C27: Horizon | D27: =D21*$B27 -> 140 | E27: =E21*$B27 -> 140 | F27: =F21*$B27 -> 140 | G27: =G21*$B27 -> 140 | H27: =H21*$B27 -> 140 | I27: =I21*$B27 -> 140 | J27: =J21*$B27 -> 140 | K27: =K21*$B27 -> 140 | ... Y27: =Y21*$B27 -> 240
B28: 215 | C28: CS20 | D28: =D22*$B28 -> 17.2 | E28: =E22*$B28 -> 17.2 | F28: =F22*$B28 -> 17.2 | G28: =G22*$B28 -> 17.2 | H28: =H22*$B28 -> 17.2 | I28: =I22*$B28 -> 17.2 | J28: =J22*$B28 -> 17.2 | K28: =K22*$B28 -> 17.2 | ... Y28: =Y22*$B28 -> 38.7
B29: 150 | C29: Fracture Cases | D29: =D23*$B29 -> 52.5 | E29: =E23*$B29 -> 52.5 | F29: =F23*$B29 -> 52.5 | G29: =G23*$B29 -> 46.5 | H29: =H23*$B29 -> 45 | I29: =I23*$B29 -> 51 | J29: =J23*$B29 -> 45 | K29: =K23*$B29 -> 45 | ... Y29: =Y23*$B29 -> 48
D32: =D18 -> 44331 | E32: =E18 -> 44332 | F32: =F18 -> 44334 | G32: =G18 -> 44336 | H32: =H18 -> 44337 | I32: =I18 -> 44338 | J32: =J18 -> 44339 | K32: =K18 -> 44340 | ... FT32: =FT18 -> 44505
C33: Prisma 2 | D33: =D19-ROUNDUP(D19*0.1,2)-ROUNDUP(D19*0.05,2) -> 0.03 | E33: =E19-ROUNDUP(E19*0.1,2)-ROUNDUP(E19*0.05,2) -> 0.03 | F33: =F19-ROUNDUP(F19*0.1,2)-ROUNDUP(F19*0.05,2) -> 0.03 | G33: =G19-ROUNDUP(G19*0.1,2)-ROUNDUP(G19*0.05,2) -> 0.04 | H33: =H19-ROUNDUP(H19*0.1,2)-ROUNDUP(H19*0.05,2) -> 0.04 | I33: =I19-ROUNDUP(I19*0.1,2)-ROUNDUP(I19*0.05,2) -> 0.04 | J33: =J19-ROUNDUP(J19*0.1,2)-ROUNDUP(J19*0.05,2) -> 0.03 | K33: =K19-ROUNDUP(K19*0.1,2)-ROUNDUP(K19*0.05,2) -> 0.04 | ... Y33: =Y19-ROUNDUP(Y19*0.1,2)-ROUNDUP(Y19*0.05,2) -> 0.06
C34: Danger Zone | D34: =D20-ROUNDUP(D20*0.1,2)-ROUNDUP(D20*0.05,2) -> 0.05 | E34: =E20-ROUNDUP(E20*0.1,2)-ROUNDUP(E20*0.05,2) -> 0.05 | F34: =F20-ROUNDUP(F20*0.1,2)-ROUNDUP(F20*0.05,2) -> 0.05 | G34: =G20-ROUNDUP(G20*0.1,2)-ROUNDUP(G20*0.05,2) -> 0.05 | H34: =H20-ROUNDUP(H20*0.1,2)-ROUNDUP(H20*0.05,2) -> 0.05 | I34: =I20-ROUNDUP(I20*0.1,2)-ROUNDUP(I20*0.05,2) -> 0.05 | J34: =J20-ROUNDUP(J20*0.1,2)-ROUNDUP(J20*0.05,2) -> 0.05 | K34: =K20-ROUNDUP(K20*0.1,2)-ROUNDUP(K20*0.05,2) -> 0.05 | ... Y34: =Y20-ROUNDUP(Y20*0.1,2)-ROUNDUP(Y20*0.05,2) -> 0.07
C35: Horizon | D35: =D21-ROUNDUP(D21*0.1,2)-ROUNDUP(D21*0.05,2) -> 0.05 | E35: =E21-ROUNDUP(E21*0.1,2)-ROUNDUP(E21*0.05,2) -> 0.05 | F35: =F21-ROUNDUP(F21*0.1,2)-ROUNDUP(F21*0.05,2) -> 0.05 | G35: =G21-ROUNDUP(G21*0.1,2)-ROUNDUP(G21*0.05,2) -> 0.05 | H35: =H21-ROUNDUP(H21*0.1,2)-ROUNDUP(H21*0.05,2) -> 0.05 | I35: =I21-ROUNDUP(I21*0.1,2)-ROUNDUP(I21*0.05,2) -> 0.05 | J35: =J21-ROUNDUP(J21*0.1,2)-ROUNDUP(J21*0.05,2) -> 0.05 | K35: =K21-ROUNDUP(K21*0.1,2)-ROUNDUP(K21*0.05,2) -> 0.05 | ... Y35: =Y21-ROUNDUP(Y21*0.1,2)-ROUNDUP(Y21*0.05,2) -> 0.09
C36: CS20 | D36: =D22-ROUNDUP(D22*0.1,2)-ROUNDUP(D22*0.05,2) -> 0.06 | E36: =E22-ROUNDUP(E22*0.1,2)-ROUNDUP(E22*0.05,2) -> 0.06 | F36: =F22-ROUNDUP(F22*0.1,2)-ROUNDUP(F22*0.05,2) -> 0.06 | G36: =G22-ROUNDUP(G22*0.1,2)-ROUNDUP(G22*0.05,2) -> 0.06 | H36: =H22-ROUNDUP(H22*0.1,2)-ROUNDUP(H22*0.05,2) -> 0.06 | I36: =I22-ROUNDUP(I22*0.1,2)-ROUNDUP(I22*0.05,2) -> 0.06 | J36: =J22-ROUNDUP(J22*0.1,2)-ROUNDUP(J22*0.05,2) -> 0.06 | K36: =K22-ROUNDUP(K22*0.1,2)-ROUNDUP(K22*0.05,2) -> 0.06 | ... Y36: =Y22-ROUNDUP(Y22*0.1,2)-ROUNDUP(Y22*0.05,2) -> 0.15
C37: Fracture Cases | D37: =D23-ROUNDUP(D23*0.1,2)-ROUNDUP(D23*0.05,2) -> 0.29 | E37: =E23-ROUNDUP(E23*0.1,2)-ROUNDUP(E23*0.05,2) -> 0.29 | F37: =F23-ROUNDUP(F23*0.1,2)-ROUNDUP(F23*0.05,2) -> 0.29 | G37: =G23-ROUNDUP(G23*0.1,2)-ROUNDUP(G23*0.05,2) -> 0.25 | H37: =H23-ROUNDUP(H23*0.1,2)-ROUNDUP(H23*0.05,2) -> 0.25 | I37: =I23-ROUNDUP(I23*0.1,2)-ROUNDUP(I23*0.05,2) -> 0.28 | J37: =J23-ROUNDUP(J23*0.1,2)-ROUNDUP(J23*0.05,2) -> 0.25 | K37: =K23-ROUNDUP(K23*0.1,2)-ROUNDUP(K23*0.05,2) -> 0.25 | ... Y37: =Y23-ROUNDUP(Y23*0.1,2)-ROUNDUP(Y23*0.05,2) -> 0.26
B39: 2000 | C39: Prisma 2 | D39: =($B39*D33)*0.8 -> 48 | E39: =($B39*E33)*0.8 -> 48 | F39: =($B39*F33)*0.8 -> 48 | G39: =($B39*G33)*0.8 -> 64 | H39: =($B39*H33)*0.8 -> 64 | I39: =($B39*I33)*0.8 -> 64 | J39: =($B39*J33)*0.8 -> 48 | K39: =($B39*K33)*0.8 -> 64 | ... Y39: =($B39*Y33)*0.8 -> 96
B40: 1000 | C40: Danger Zone | D40: =($B40*D34)*0.8 -> 40 | E40: =($B40*E34)*0.8 -> 40 | F40: =($B40*F34)*0.8 -> 40 | G40: =($B40*G34)*0.8 -> 40 | H40: =($B40*H34)*0.8 -> 40 | I40: =($B40*I34)*0.8 -> 40 | J40: =($B40*J34)*0.8 -> 40 | K40: =($B40*K34)*0.8 -> 40 | ... Y40: =($B40*Y34)*0.8 -> 56
B41: 2000 | C41: Horizon | D41: =($B41*D35)*0.8 -> 80 | E41: =($B41*E35)*0.8 -> 80 | F41: =($B41*F35)*0.8 -> 80 | G41: =($B41*G35)*0.8 -> 80 | H41: =($B41*H35)*0.8 -> 80 | I41: =($B41*I35)*0.8 -> 80 | J41: =($B41*J35)*0.8 -> 80 | K41: =($B41*K35)*0.8 -> 80 | ... Y41: =($B41*Y35)*0.8 -> 144
B42: 215 | C42: CS20 | D42: =($B42*D36)*0.8 -> 10.32 | E42: =($B42*E36)*0.8 -> 10.32 | F42: =($B42*F36)*0.8 -> 10.32 | G42: =($B42*G36)*0.8 -> 10.32 | H42: =($B42*H36)*0.8 -> 10.32 | I42: =($B42*I36)*0.8 -> 10.32 | J42: =($B42*J36)*0.8 -> 10.32 | K42: =($B42*K36)*0.8 -> 10.32 | ... Y42: =($B42*Y36)*0.8 -> 25.8
B43: 150 | C43: Fracture Cases | D43: =($B43*D37)*0.8 -> 34.8 | E43: =($B43*E37)*0.8 -> 34.8 | F43: =($B43*F37)*0.8 -> 34.8 | G43: =($B43*G37)*0.8 -> 30 | H43: =($B43*H37)*0.8 -> 30 | I43: =($B43*I37)*0.8 -> 33.6 | J43: =($B43*J37)*0.8 -> 30 | K43: =($B43*K37)*0.8 -> 30 | ... Y43: =($B43*Y37)*0.8 -> 31.2
D47: =D32 -> 44331 | E47: =E32 -> 44332 | F47: =F32 -> 44334 | G47: =G32 -> 44336 | H47: =H32 -> 44337 | I47: =I32 -> 44338 | J47: =J32 -> 44339 | K47: =K32 -> 44340 | ... FT47: =FT32 -> 44505
C48: Total | D48: =SUM(D25:D29) -> 379.7 | E48: =SUM(E25:E29) -> 379.7 | F48: =SUM(F25:F29) -> 379.7 | G48: =SUM(G25:G29) -> 393.7 | H48: =SUM(H25:H29) -> 392.2 | I48: =SUM(I25:I29) -> 398.2 | J48: =SUM(J25:J29) -> 372.2 | K48: =SUM(K25:K29) -> 392.2 | ... Y48: =SUM(Y25:Y29) -> 576.7
C49: Sale-Revenue | D49: =SUM(D39:D43) -> 213.12 | E49: =SUM(E39:E43) -> 213.12 | F49: =SUM(F39:F43) -> 213.12 | G49: =SUM(G39:G43) -> 224.32 | H49: =SUM(H39:H43) -> 224.32 | I49: =SUM(I39:I43) -> 227.92 | J49: =SUM(J39:J43) -> 208.32 | K49: =SUM(K39:K43) -> 224.32 | ... Y49: =SUM(Y39:Y43) -> 353
D54: =D47 -> 44331 | E54: =E47 -> 44332 | F54: =F47 -> 44334 | G54: =G47 -> 44336 | H54: =H47 -> 44337 | I54: =I47 -> 44338 | J54: =J47 -> 44339 | K54: =K47 -> 44340 | ... FT54: =FT47 -> 44505
B55: 2000 | C55: Prisma 2 | D55: =$A19*$B39 -> 120 | E55: =$A19*$B39 -> 120 | F55: =$A19*$B39 -> 120 | G55: =$A19*$B39 -> 120 | H55: =$A19*$B39 -> 120 | I55: =$A19*$B39 -> 120 | J55: =$A19*$B39 -> 120 | K55: =$A19*$B39 -> 120 | ... FT55: =$A19*$B39 -> 120
B56: 1000 | C56: Danger Zone | D56: =$A20*$B40 -> 70 | E56: =$A20*$B40 -> 70 | F56: =$A20*$B40 -> 70 | G56: =$A20*$B40 -> 70 | H56: =$A20*$B40 -> 70 | I56: =$A20*$B40 -> 70 | J56: =$A20*$B40 -> 70 | K56: =$A20*$B40 -> 70 | ... FT56: =$A20*$B40 -> 70
B57: 2000 | C57: Horizon | D57: =$A21*$B41 -> 200 | E57: =$A21*$B41 -> 200 | F57: =$A21*$B41 -> 200 | G57: =$A21*$B41 -> 200 | H57: =$A21*$B41 -> 200 | I57: =$A21*$B41 -> 200 | J57: =$A21*$B41 -> 200 | K57: =$A21*$B41 -> 200 | ... FT57: =$A21*$B41 -> 200
B58: 215 | C58: CS20 | D58: =$A22*$B42 -> 25.8 | E58: =$A22*$B42 -> 25.8 | F58: =$A22*$B42 -> 25.8 | G58: =$A22*$B42 -> 25.8 | H58: =$A22*$B42 -> 25.8 | I58: =$A22*$B42 -> 25.8 | J58: =$A22*$B42 -> 25.8 | K58: =$A22*$B42 -> 25.8 | ... FT58: =$A22*$B42 -> 25.8
B59: 150 | C59: Fracture Cases | D59: =$A23*$B43 -> 85.5 | E59: =$A23*$B43 -> 85.5 | F59: =$A23*$B43 -> 85.5 | G59: =$A23*$B43 -> 85.5 | H59: =$A23*$B43 -> 85.5 | I59: =$A23*$B43 -> 85.5 | J59: =$A23*$B43 -> 85.5 | K59: =$A23*$B43 -> 85.5 | ... FT59: =$A23*$B43 -> 85.5
C61: Prisma 2 | D61: =D39-D55 -> -72 | E61: =E39-E55 -> -72 | F61: =F39-F55 -> -72 | G61: =G39-G55 -> -56 | H61: =H39-H55 -> -56 | I61: =I39-I55 -> -56 | J61: =J39-J55 -> -72 | K61: =K39-K55 -> -56 | ... Y61: =Y39-Y55 -> -24
C62: Danger Zone | D62: =D40-D56 -> -30 | E62: =E40-E56 -> -30 | F62: =F40-F56 -> -30 | G62: =G40-G56 -> -30 | H62: =H40-H56 -> -30 | I62: =I40-I56 -> -30 | J62: =J40-J56 -> -30 | K62: =K40-K56 -> -30 | ... Y62: =Y40-Y56 -> -14
C63: Horizon | D63: =D41-D57 -> -120 | E63: =E41-E57 -> -120 | F63: =F41-F57 -> -120 | G63: =G41-G57 -> -120 | H63: =H41-H57 -> -120 | I63: =I41-I57 -> -120 | J63: =J41-J57 -> -120 | K63: =K41-K57 -> -120 | ... Y63: =Y41-Y57 -> -56
C64: CS20 | D64: =D42-D58 -> -15.48 | E64: =E42-E58 -> -15.48 | F64: =F42-F58 -> -15.48 | G64: =G42-G58 -> -15.48 | H64: =H42-H58 -> -15.48 | I64: =I42-I58 -> -15.48 | J64: =J42-J58 -> -15.48 | K64: =K42-K58 -> -15.48 | ... Y64: =Y42-Y58 -> 0
C65: Fracture Cases | D65: =D43-D59 -> -50.7 | E65: =E43-E59 -> -50.7 | F65: =F43-F59 -> -50.7 | G65: =G43-G59 -> -55.5 | H65: =H43-H59 -> -55.5 | I65: =I43-I59 -> -51.9 | J65: =J43-J59 -> -55.5 | K65: =K43-K59 -> -55.5 | ... Y65: =Y43-Y59 -> -54.3
C69: Prisma 2 | D69: =D61/D55 -> -0.6 | E69: =E61/E55 -> -0.6 | F69: =F61/F55 -> -0.6 | G69: =G61/G55 -> -0.46666667 | H69: =H61/H55 -> -0.46666667 | I69: =I61/I55 -> -0.46666667 | J69: =J61/J55 -> -0.6 | K69: =K61/K55 -> -0.46666667 | ... Y69: =Y61/Y55 -> -0.2
C70: Danger Zone | D70: =D62/D56 -> -0.42857143 | E70: =E62/E56 -> -0.42857143 | F70: =F62/F56 -> -0.42857143 | G70: =G62/G56 -> -0.42857143 | H70: =H62/H56 -> -0.42857143 | I70: =I62/I56 -> -0.42857143 | J70: =J62/J56 -> -0.42857143 | K70: =K62/K56 -> -0.42857143 | ... Y70: =Y62/Y56 -> -0.2
C71: Horizon | D71: =D63/D57 -> -0.6 | E71: =E63/E57 -> -0.6 | F71: =F63/F57 -> -0.6 | G71: =G63/G57 -> -0.6 | H71: =H63/H57 -> -0.6 | I71: =I63/I57 -> -0.6 | J71: =J63/J57 -> -0.6 | K71: =K63/K57 -> -0.6 | ... Y71: =Y63/Y57 -> -0.28
C72: CS20 | D72: =D64/D58 -> -0.6 | E72: =E64/E58 -> -0.6 | F72: =F64/F58 -> -0.6 | G72: =G64/G58 -> -0.6 | H72: =H64/H58 -> -0.6 | I72: =I64/I58 -> -0.6 | J72: =J64/J58 -> -0.6 | K72: =K64/K58 -> -0.6 | ... Y72: =Y64/Y58 -> 0
C73: Fracture Cases | D73: =D65/D59 -> -0.59298246 | E73: =E65/E59 -> -0.59298246 | F73: =F65/F59 -> -0.59298246 | G73: =G65/G59 -> -0.64912281 | H73: =H65/H59 -> -0.64912281 | I73: =I65/I59 -> -0.60701754 | J73: =J65/J59 -> -0.64912281 | K73: =K65/K59 -> -0.64912281 | ... Y73: =Y65/Y59 -> -0.63508772

Sheet Weapon-Investments

Sheet Inventory
A1: Weapon | B1: Skin | C1: Type | D1: Collection | E1: 44331 | F1: 44332 | G1: 44334 | H1: 44336 | I1: 44337 | J1: 44338 | K1: 44339 | L1: 44340 | M1: 44341 | N1: 44342 | O1: 44343 | P1: 44344 | Q1: 44345 | R1: 44346 | S1: 44347 | T1: 44348 | U1: 44349 | V1: 44350 | W1: 44351 | X1: 44352 | Y1: 44353 | Z1: 44354 | AA1: 44355 | AB1: 44356 | AC1: 44357 | AD1: 44358 | AE1: 44359 | AF1: 44360 | AG1: 44361 | AH1: 44362 | AI1: 44363 | AJ1: 44364 | AK1: 44365 | AL1: 44366 | AM1: 44367 | AN1: 44368 | AO1: 44369 | AP1: 44370 | AQ1: 44371 | AR1: 44372 | AS1: 44373 | AT1: 44374 | AU1: 44375 | AV1: 44376 | AW1: 44377 | AX1: 44378 | AY1: 44379 | AZ1: 44380 | BA1: 44381 | BB1: 44382 | BC1: 44383 | BD1: 44384 | BE1: 44385 | BF1: 44386 | BG1: 44387 | BH1: 44388 | BI1: 44389 | BJ1: 44390 | BK1: 44391 | BL1: 44392 | BM1: 44393 | BN1: 44394 | BO1: 44395 | BP1: 44396 | BQ1: 44397 | BR1: 44398 | BS1: 44399 | BT1: 44400 | BU1: 44401 | BV1: 44402 | BW1: 44403 | BX1: 44404 | BY1: 44405 | BZ1: 44406 | CA1: 44407 | CB1: 44408 | CC1: 44409 | CD1: 44410 | CE1: 44411 | CF1: 44412 | CG1: 44413 | CH1: 44414 | CI1: 44415 | CJ1: 44416 | CK1: 44417 | CL1: 44418 | CM1: 44419 | CN1: 44420 | CO1: 44421 | CP1: 44422 | CQ1: 44423 | CR1: 44424 | CS1: 44425 | CT1: 44426 | CU1: 44427 | CV1: 44428 | CW1: 44429 | CX1: 44430 | CY1: 44431 | CZ1: 44432 | DA1: 44433 | DB1: 44434 | DC1: 44435 | DD1: 44436 | DE1: 44437 | DF1: 44438 | DG1: 44439 | DH1: 44440 | DI1: 44441 | DJ1: 44442 | DK1: 44443 | DL1: 44444 | DM1: 44445 | DN1: 44446 | DO1: 44447 | DP1: 44448 | DQ1: 44449 | DR1: 44450 | DS1: 44451 | DT1: 44452 | DU1: 44453 | DV1: 44454 | DW1: 44455 | DX1: 44456 | DY1: 44457 | DZ1: 44458 | EA1: 44459 | EB1: 44460 | EC1: 44461 | ED1: 44462 | EE1: 44463 | EF1: 44464 | EG1: 44465 | EH1: 44466 | EI1: 44467 | EJ1: 44468 | EK1: 44469 | EL1: 44470 | EM1: 44471 | EN1: 44472 | EO1: 44473 | EP1: 44474 | EQ1: 44475 | ER1: 44476 | ES1: 44477 | ET1: 44478 | EU1: 44479 | EV1: 44480 | EW1: 44481 | EX1: 44482 | EY1: 44483 | EZ1: 44484 | FA1: 44485 | FB1: 44486 | FC1: 44487 | FD1: 44488 | FE1: 44489 | FF1: 44490 | FG1: 44491 | FH1: 44492 | FI1: 44493 | FJ1: 44494 | FK1: 44495 | FL1: 44496 | FM1: 44497 | FN1: 44498 | FO1: 44499 | FP1: 44500 | FQ1: 44501 | FR1: 44502 | FS1: 44503 | FT1: 44504 | FU1: 44505
A2: M4A4 | B2: StatTrak Cyber Security MW | C2: M4A4 | D2: Broken Fang | E2: 33.21 | F2: 31.65 | G2: 29.18 | H2: 31.74 | I2: 29.35 | J2: 30.3 | K2: 30.75 | L2: 28.8 | M2: 30.22 | N2: 28.81 | O2: 28.69 | P2: 27.92 | Q2: 28.87 | R2: 29.99 | S2: 28.9 | T2: 29.12 | U2: 29.62 | V2: 28.55 | W2: 29.16 | X2: 29.07 | Y2: 29.04
A3: Sawed-Off | B3: Limelight MW | C3: Heavy | D3: Gamma | E3: 0.89 | F3: 0.88 | G3: 0.96 | H3: 0.92 | I3: 0.87 | J3: 0.92 | K3: 0.86 | L3: 0.87 | M3: 0.88 | N3: 0.94 | O3: 0.93 | P3: 0.84 | Q3: 0.87 | R3: 0.86 | S3: 0.93 | T3: 0.82 | U3: 0.88 | V3: 0.77 | W3: 0.89 | X3: 0.92 | Y3: 0.85
A4: MAG-7 | B4: Popdog FN | C4: Heavy | D4: CS20 | E4: 0.3 | F4: 0.3 | G4: 0.34 | H4: 0.34 | I4: 0.32 | J4: 0.36 | K4: 0.34 | L4: 0.3 | M4: 0.34 | N4: 0.32 | O4: 0.34 | P4: 0.3 | Q4: 0.31 | R4: 0.32 | S4: 0.3 | T4: 0.32 | U4: 0.32 | V4: 0.29 | W4: 0.29 | X4: 0.29 | Y4: 0.28
A5: UMP-45 | B5: Plastique MW | C5: SMG | D5: CS20 | E5: 0.8 | F5: 0.83 | G5: 0.82 | H5: 0.76 | I5: 0.82 | J5: 0.83 | K5: 0.84 | L5: 0.84 | M5: 0.84 | N5: 0.83 | O5: 0.85 | P5: 0.85 | Q5: 0.87 | R5: 0.85 | S5: 0.83 | T5: 0.84 | U5: 0.83 | V5: 0.75 | W5: 0.81 | X5: 0.82 | Y5: 0.82
A6: PP-Bizon | B6: Fuel Rod FT | C6: SMG | D6: Revolver | E6: 1.1 | F6: 1.04 | G6: 0.98 | H6: 0.93 | I6: 0.88 | J6: 0.98 | K6: 0.94 | L6: 0.93 | M6: 0.96 | N6: 0.93 | O6: 0.98 | P6: 0.98 | Q6: 0.88 | R6: 0.87 | S6: 0.85 | T6: 0.84 | U6: 0.92 | V6: 0.86 | W6: 0.89 | X6: 0.85 | Y6: 0.86
A7: MP9 | B7: Hydra MW | C7: SMG | D7: CS20 | E7: 6.38 | F7: 5.63 | G7: 5.7 | H7: 5.94 | I7: 5.87 | J7: 6.21 | K7: 5.92 | L7: 6.18 | M7: 5.84 | N7: 5.87 | O7: 6.07 | P7: 5.77 | Q7: 5.94 | R7: 5.78 | S7: 6.27 | T7: 6.04 | U7: 6.14 | V7: 5.75 | W7: 5.92 | X7: 5.93 | Y7: 5.93
A8: MP7 | B8: Impire MW | C8: SMG | D8: Wildfire | E8: 1.46 | F8: 1.44 | G8: 1.49 | H8: 1.46 | I8: 1.53 | J8: 1.53 | K8: 1.45 | L8: 1.53 | M8: 1.46 | N8: 1.49 | O8: 1.52 | P8: 1.51 | Q8: 1.56 | R8: 1.54 | S8: 1.41 | T8: 1.51 | U8: 1.45 | V8: 1.51 | W8: 1.41 | X8: 1.46 | Y8: 1.38
A9: MAC-10 | B9: Malachite MW | C9: SMG | D9: Chroma | E9: 1.5 | F9: 1.45 | G9: 1.4 | H9: 1.39 | I9: 1.51 | J9: 1.54 | K9: 1.46 | L9: 1.55 | M9: 1.55 | N9: 1.51 | O9: 1.49 | P9: 1.5 | Q9: 1.51 | R9: 1.54 | S9: 1.54 | T9: 1.55 | U9: 1.56 | V9: 1.52 | W9: 1.46 | X9: 1.51 | Y9: 1.52
A10: SSG 08 | B10: Necropos MW | C10: Other Rifle | D10: Wildfire | K10: 0.34 | L10: 0.3 | M10: 0.32 | N10: 0.32 | O10: 0.32 | P10: 0.31 | Q10: 0.3 | R10: 0.32 | S10: 0.31 | T10: 0.31 | U10: 0.31 | V10: 0.31 | W10: 0.29 | X10: 0.3 | Y10: 0.32
A11: SG 553 | B11: Atlas FN | C11: Other Rifle | D11: Chroma 3 | K11: 0.32 | L11: 0.34 | M11: 0.32 | N11: 0.32 | O11: 0.32 | P11: 0.32 | Q11: 0.3 | R11: 0.31 | S11: 0.29 | T11: 0.29 | U11: 0.28 | V11: 0.3 | W11: 0.29 | X11: 0.28 | Y11: 0.29
A12: SCAR-20 | B12: Powercore MW | C12: Other Rifle | D12: Gamma 2 | K12: 0.5 | L12: 0.49 | M12: 0.5 | N12: 0.46 | O12: 0.47 | P12: 0.47 | Q12: 0.5 | R12: 0.51 | S12: 0.47 | T12: 0.46 | U12: 0.49 | V12: 0.5 | W12: 0.49 | X12: 0.47 | Y12: 0.49
A13: M4A1-S | B13: Flashback FN | C13: M4A1-S | D13: Glove | E13: 2.92 | F13: 3.01 | G13: 2.89 | H13: 2.81 | I13: 2.82 | J13: 2.91 | K13: 2.84 | L13: 2.78 | M13: 2.71 | N13: 2.68 | O13: 2.81 | P13: 2.54 | Q13: 2.64 | R13: 2.77 | S13: 2.5 | T13: 2.53 | U13: 2.45 | V13: 2.5 | W13: 2.45 | X13: 2.47 | Y13: 2.53
A14: Galil AR | B14: Eco FT | C14: Other Rifle | D14: Chroma 2 | K14: 3.82 | L14: 3.83 | M14: 3.77 | N14: 3.72 | O14: 3.69 | P14: 3.68 | Q14: 3.68 | R14: 3.74 | S14: 3.73 | T14: 3.64 | U14: 3.61 | V14: 3.63 | W14: 3.53 | X14: 3.58 | Y14: 3.51
A15: FAMAS | B15: Macabre MW | C15: Other Rifle | D15: Hydra | K15: 1.26 | L15: 1.27 | M15: 1.26 | N15: 1.24 | O15: 1.26 | P15: 1.26 | Q15: 1.26 | R15: 1.3 | S15: 1.33 | T15: 1.43 | U15: 1.43 | V15: 1.39 | W15: 1.43 | X15: 1.46 | Y15: 1.47
A16: USP-S | B16: Flashback MW | C16: Pistol | D16: Danger Zone | E16: 0.92 | F16: 0.85 | G16: 0.87 | H16: 0.93 | I16: 0.92 | J16: 0.93 | K16: 0.86 | L16: 0.97 | M16: 0.85 | N16: 0.94 | O16: 0.93 | P16: 0.84 | Q16: 0.86 | R16: 0.86 | S16: 0.88 | T16: 0.88 | U16: 0.87 | V16: 0.88 | W16: 0.85 | X16: 0.86 | Y16: 0.86
A17: Glock-18 | B17: Nuclear Garden FT | C17: Pistol | D17: 2018 Nuke | E17: 4.64 | F17: 4.57 | G17: 4.44 | H17: 4.05 | I17: 4.3 | J17: 4.19 | K17: 4.65 | L17: 4.22 | M17: 4.38 | N17: 4.42 | O17: 4.26 | P17: 4.31 | Q17: 4.22 | R17: 4.29 | S17: 4.33 | T17: 4.34 | U17: 4.29 | V17: 4.34 | W17: 4.1 | X17: 4.22 | Y17: 4.17
A18: Five-SeveN | B18: Hot Shot MW | C18: Pistol | D18: Cache | E18: 0.73 | F18: 0.73 | G18: 0.74 | H18: 0.82 | I18: 0.82 | J18: 0.82 | K18: 0.81 | L18: 0.8 | M18: 0.82 | N18: 0.81 | O18: 0.82 | P18: 0.82 | Q18: 0.82 | R18: 0.81 | S18: 0.84 | T18: 0.78 | U18: 0.85 | V18: 0.81 | W18: 0.84 | X18: 0.84 | Y18: 0.86
A19: Dual Berettas | B19: Emerald FN | C19: Pistol | D19: Canals | E19: 11.4 | F19: 11.35 | G19: 11.04 | H19: 12.32 | I19: 12.32 | J19: 12.34 | K19: 14.23 | L19: 18.35 | M19: 19.45 | N19: 25.73 | O19: 30.27 | P19: 24.72 | Q19: 29.14 | R19: 26.94 | S19: 26.19 | T19: 26.24 | U19: 26.29 | V19: 36.42 | W19: 38.91 | X19: 42.79 | Y19: 40.04
A20: Desert Eagle | B20: Midnight Storm MW | C20: Pistol | D20: Rising Sun | E20: 9.14 | F20: 9.04 | G20: 8.65 | H20: 9.56 | I20: 9.01 | J20: 10.08 | K20: 9.1 | L20: 9.6 | M20: 9.58 | N20: 9.48 | O20: 11.35 | P20: 12.34 | Q20: 12.21 | R20: 11.98 | S20: 12.07 | T20: 11.78 | U20: 12.2 | V20: 12.1 | W20: 13.7 | X20: 13.34 | Y20: 13.35
A21: Bayonet | B21: Rust Coat BS | C21: Knife | D21: Chroma | E21: 196.27 | F21: 201.82 | G21: 197 | H21: 196.88 | I21: 207.18 | J21: 209.46 | K21: 201.89 | L21: 202.48 | M21: 196.23 | N21: 204.01 | O21: 206.61 | P21: 209.15 | Q21: 207.58 | R21: 207.32 | S21: 202.17 | T21: 201.3 | U21: 201.79 | V21: 203.29 | W21: 201.2 | X21: 207 | Y21: 207.01
A22: R8 Revolver | B22: Canal Spray FT | C22: Pistol | D22: Canals | E22: 0.41 | F22: 0.43 | G22: 0.41 | H22: 0.41 | I22: 0.46 | J22: 0.49 | K22: 0.53 | L22: 0.54 | M22: 0.6 | N22: 0.6 | O22: 0.81 | P22: 0.78 | Q22: 0.71 | R22: 0.65 | S22: 0.61 | T22: 0.57 | U22: 0.55 | V22: 0.62 | W22: 0.64 | X22: 0.73 | Y22: 0.87
A23: FAMAS | B23: Night Borre FT | C23: Other Rifle | D23: Norse | K23: 1.09 | L23: 1.35 | M23: 1.28 | N23: 1.58 | O23: 1.67 | P23: 1.58 | Q23: 1.53 | R23: 1.47 | S23: 1.38 | T23: 1.4 | U23: 1.26 | V23: 1.49 | W23: 1.52 | X23: 1.56 | Y23: 1.69
A24: MP5-SD | B24: Bamboo Garden MW | C24: SMG | D24: St. Marc | E24: 0.52 | F24: 0.48 | G24: 0.54 | H24: 0.55 | I24: 0.53 | J24: 0.61 | K24: 0.76 | L24: 0.78 | M24: 0.83 | N24: 1.06 | O24: 1.29 | P24: 1.21 | Q24: 1.09 | R24: 1.04 | S24: 0.98 | T24: 0.93 | U24: 1.01 | V24: 1.08 | W24: 1.23 | X24: 1.41 | Y24: 1.31
A25: Galil AR | B25: Tornado BS | C25: Other Rifle | D25: Norse | K25: 1.1 | L25: 1.1 | M25: 1.1 | N25: 1.52 | O25: 1.61 | P25: 1.41 | Q25: 1.45 | R25: 1.42 | S25: 1.46 | T25: 1.46 | U25: 1.44 | V25: 1.41 | W25: 1.42 | X25: 1.44 | Y25: 1.56
A26: MAC-10 | B26: StatTrak Neon Rider MW | C26: SMG | D26: Chroma 2 | E26: 22.48 | F26: 23.47 | G26: 20.71 | H26: 19.8 | I26: 21.98 | J26: 23.47 | K26: 23.57 | L26: 22.65 | M26: 23.03 | N26: 23.07 | O26: 22.67 | P26: 22.71 | Q26: 21.96 | R26: 21.29 | S26: 22.8 | T26: 22.7 | U26: 22.81 | V26: 22.88 | W26: 21.67 | X26: 22.85 | Y26: 21.98
A27: AWP | B27: Atheris MW | C27: AWP | D27: Prisma | E27: 4.31 | F27: 4.54 | G27: 4.37 | H27: 4.41 | I27: 4.16 | J27: 4.4 | K27: 4.73 | L27: 4.69 | M27: 4.54 | N27: 4.53 | O27: 4.55 | P27: 4.22 | Q27: 4.39 | R27: 4.23 | S27: 4.06 | T27: 4.23 | U27: 4.62 | V27: 4.07 | W27: 4.3 | X27: 4.23 | Y27: 4.21
A28: Five-SeveN | B28: StatTrak Buddy MW | C28: Pistol | D28: CS20 | E28: 2.26 | F28: 2.1 | G28: 2.2 | H28: 2.25 | I28: 2.11 | J28: 2.21 | K28: 2.16 | L28: 2.22 | M28: 2.27 | N28: 2.31 | O28: 2.22 | P28: 2.24 | Q28: 2.14 | R28: 2.1 | S28: 1.97 | T28: 2.09 | U28: 2.09 | V28: 2.23 | W28: 2.19 | X28: 2.14 | Y28: 2.22
A29: AWP | B29: Neo-Noir FN | C29: AWP | D29: Danger Zone | E29: 47 | F29: 45.93 | G29: 44.54 | H29: 45.51 | I29: 46.05 | J29: 46.08 | K29: 46.57 | L29: 47.69 | M29: 44.11 | N29: 44.01 | O29: 45.22 | P29: 46.55 | Q29: 46.98 | R29: 43.94 | S29: 46.39 | T29: 46.37 | U29: 47.84 | V29: 44.88 | W29: 48.07 | X29: 48.33 | Y29: 47.69
A30: M4A1-S | B30: StatTrak Cyrex MW | C30: M4A1-S | D30: Breakout | E30: 36.2 | F30: 34.8 | G30: 33.23 | H30: 33.31 | I30: 34.51 | J30: 33.05 | K30: 31.31 | L30: 33.38 | M30: 33.38 | N30: 33.01 | O30: 30.97 | P30: 34.41 | Q30: 34.11 | R30: 41.12 | S30: 36.27 | T30: 35.09 | U30: 35.93 | V30: 33.97 | W30: 35.33 | X30: 32.56 | Y30: 31.05
A31: Glock-18 | B31: StatTrak Weasel FT | C31: Pistol | D31: Gamma 2 | E31: 1.86 | F31: 1.84 | G31: 1.65 | H31: 1.79 | I31: 1.79 | J31: 1.8 | K31: 1.72 | L31: 1.75 | M31: 1.64 | N31: 1.75 | O31: 1.67 | P31: 1.65 | Q31: 1.64 | R31: 1.55 | S31: 1.63 | T31: 1.64 | U31: 1.54 | V31: 1.62 | W31: 1.63 | X31: 1.47 | Y31: 1.61
A32: Desert Eagle | B32: Code Red MW | C32: Pistol | D32: Horizon | E32: 42.81 | F32: 40.6 | G32: 40.6 | H32: 43.52 | I32: 41.78 | J32: 40.51 | K32: 42.18 | L32: 43.36 | M32: 43.28 | N32: 42.82 | O32: 40.64 | P32: 41.72 | Q32: 39.48 | R32: 40.48 | S32: 40.97 | T32: 39.8 | U32: 43.95 | V32: 44.02 | W32: 40.28 | X32: 42 | Y32: 43.82
A33: XM1014 | B33: Souvenir VariCamo Blue FN | C33: Heavy | D33: Overpass | E33: 3.61 | F33: 3.49 | G33: 3.47 | H33: 3.92 | I33: 3.58 | J33: 3.49 | K33: 3.49 | L33: 3.49 | M33: 3.05 | N33: 3.46 | O33: 3.46 | P33: 4.21 | Q33: 3.94 | R33: 3.62 | S33: 3.86 | T33: 3.8 | U33: 3.8 | V33: 3.72 | W33: 3.1 | X33: 3.06 | Y33: 3.08
A34: UMP-45 | B34: Momentum FN | C34: SMG | D34: Danger Zone | E34: 7.79 | F34: 8.19 | G34: 7.47 | H34: 7.59 | I34: 7.85 | J34: 7.68 | K34: 7.31 | L34: 7.53 | M34: 7.43 | N34: 7.4 | O34: 7.98 | P34: 7.1 | Q34: 7.31 | R34: 7.64 | S34: 7.47 | T34: 7.42 | U34: 7.47 | V34: 7.62 | W34: 7.9 | X34: 7.95 | Y34: 7.67
A35: M4A4 | B35: The Battlestar FN | C35: M4A4 | D35: Wildfire | E35: 14.52 | F35: 13.27 | G35: 13.26 | H35: 14.11 | I35: 14.06 | J35: 14.27 | K35: 13.84 | L35: 13.34 | M35: 12.49 | N35: 12.85 | O35: 12.48 | P35: 13.5 | Q35: 13.54 | R35: 13.54 | S35: 14.22 | T35: 13.54 | U35: 13.19 | V35: 13.66 | W35: 12.69 | X35: 13.66 | Y35: 13.27
A36: Desert Eagle | B36: Hypnotic FN | C36: Pistol | D36: Arms Deal | E36: 87.76 | F36: 84.47 | G36: 88.51 | H36: 88.5 | I36: 88.5 | J36: 88.29 | K36: 91.5 | L36: 91.5 | M36: 90.9 | N36: 91.34 | O36: 85.86 | P36: 91.67 | Q36: 87.76 | R36: 91.7 | S36: 90.34 | T36: 94.85 | U36: 98.14 | V36: 95.29 | W36: 95.73 | X36: 117.46 | Y36: 117.46
A37: M4A4 | B37: Neo-Noir MW | C37: M4A4 | D37: Clutch | E37: 29.07 | F37: 29.37 | G37: 26.79 | H37: 27.5 | I37: 27.26 | J37: 28.86 | K37: 27.29 | L37: 25.83 | M37: 26.17 | N37: 25.72 | O37: 27.42 | P37: 25.94 | Q37: 26.04 | R37: 25.26 | S37: 27.4 | T37: 27.17 | U37: 26.02 | V37: 26.27 | W37: 27.83 | X37: 26.99 | Y37: 25.85
... A39: AK-47 | B39: Aquamarine Revenge MW | C39: AK-47 | D39: Falchion | E39: 47.51 | F39: 47.17 | G39: 49.37 | H39: 48.37 | I39: 46.08 | J39: 44.96 | K39: 46.07 | L39: 45.89 | M39: 44.94 | N39: 45.49 | O39: 46.09 | P39: 45.74 | Q39: 45.73 | R39: 44.74 | S39: 44.91 | T39: 46.13 | U39: 46.46 | V39: 45.58 | W39: 45.39 | X39: 43.55 | Y39: 46.01
A40: AUG | B40: StatTrak Momentum MW | C40: Other Rifle | D40: Prisma | K40: 18.91 | L40: 17.99 | M40: 20.02 | N40: 19.47 | O40: 19.44 | P40: 19.55 | Q40: 19.58 | R40: 19.96 | S40: 18.88 | T40: 19.25 | U40: 18.98 | V40: 18.92 | W40: 18.66 | X40: 19.93 | Y40: 19.72
A41: Desert Eagle | B41: Light Rail FN | C41: Pistol | D41: Prisma | E41: 3.87 | F41: 3.61 | G41: 3.62 | H41: 3.61 | I41: 3.63 | J41: 3.45 | K41: 3.74 | L41: 3.52 | M41: 3.49 | N41: 3.53 | O41: 3.64 | P41: 3.59 | Q41: 3.47 | R41: 3.56 | S41: 3.65 | T41: 3.82 | U41: 3.62 | V41: 3.6 | W41: 3.61 | X41: 3.54 | Y41: 3.73
A42: Butterfly Knife | B42: Tiger Tooth FN | C42: Knife | D42: Spectrum | E42: 1201.6 | F42: 1205.46 | G42: 1261.1 | H42: 1261.06 | I42: 1261.06 | J42: 1230.57 | K42: 1294.36 | L42: 1294.36 | M42: 1290.31 | N42: 1427.45 | O42: 1391 | P42: 1383.65 | Q42: 1363.98 | R42: 1354.05 | S42: 1341.3 | T42: 1341.3 | U42: 1354.94 | V42: 1364.6 | W42: 1349.99 | X42: 1413.09 | Y42: 1484.68
A43: AWP | B43: Mortis MW | C43: AWP | D43: Clutch | E43: 3.23 | F43: 3.14 | G43: 3.5 | H43: 3.27 | I43: 3.28 | J43: 3.41 | K43: 3.47 | L43: 3.16 | M43: 3.26 | N43: 3.28 | O43: 3.29 | P43: 3.38 | Q43: 3.25 | R43: 3.26 | S43: 3.19 | T43: 3.39 | U43: 3.14 | V43: 3.14 | W43: 3.13 | X43: 2.92 | Y43: 3.15
A44: MAG-7 | B44: SWAG-7 FT | C44: Heavy | D44: Clutch | E44: 0.35 | F44: 0.34 | G44: 0.34 | H44: 0.34 | I44: 0.31 | J44: 0.3 | K44: 0.3 | L44: 0.31 | M44: 0.34 | N44: 0.34 | O44: 0.32 | P44: 0.31 | Q44: 0.31 | R44: 0.31 | S44: 0.32 | T44: 0.3 | U44: 0.31 | V44: 0.32 | W44: 0.3 | X44: 0.3 | Y44: 0.28
A45: Five-SeveN | B45: Hyper Beast MW | C45: Pistol | D45: Hydra | E45: 28.06 | F45: 29.75 | G45: 27.86 | H45: 30.97 | I45: 30.52 | J45: 30.5 | K45: 30.94 | L45: 27.91 | M45: 30.48 | N45: 29.22 | O45: 29.8 | P45: 30.17 | Q45: 30.2 | R45: 29.95 | S45: 26.76 | T45: 30.71 | U45: 29.38 | V45: 29.53 | W45: 29.01 | X45: 28.8 | Y45: 29.36
A46: Five-SeveN | B46: Angry Mob MW | C46: Pistol | D46: Prisma | E46: 5.71 | F46: 5.43 | G46: 5.45 | H46: 5.13 | I46: 5.22 | J46: 5.48 | K46: 5.37 | L46: 5.14 | M46: 5.09 | N46: 5.02 | O46: 5.34 | P46: 5.22 | Q46: 5.2 | R46: 5.12 | S46: 5.36 | T46: 5.36 | U46: 5.25 | V46: 5.24 | W46: 5.17 | X46: 5.02 | Y46: 5.34
A47: M4A1-S | B47: Hyper Beast MW | C47: M4A1-S | D47: Chroma 2 | E47: 21.98 | F47: 21.05 | G47: 20.67 | H47: 19.8 | I47: 21.22 | J47: 21.31 | K47: 21.25 | L47: 21.06 | M47: 20.42 | N47: 20.03 | O47: 20.1 | P47: 19.74 | Q47: 20.52 | R47: 21.08 | S47: 21.17 | T47: 21.44 | U47: 19.41 | V47: 19.41 | W47: 20.84 | X47: 20.7 | Y47: 21.47
A48: P250 | B48: See Ya Later MW | C48: Pistol | D48: Spectrum 2 | E48: 6.58 | F48: 6.29 | G48: 5.78 | H48: 6.4 | I48: 5.82 | J48: 6.3 | K48: 6.49 | L48: 6.12 | M48: 6.3 | N48: 5.63 | O48: 6.03 | P48: 5.79 | Q48: 5.86 | R48: 5.79 | S48: 5.99 | T48: 6.33 | U48: 6.14 | V48: 5.9 | W48: 6.32 | X48: 5.54 | Y48: 5.98
A49: Glock-18 | B49: Wasteland Rebel MW | C49: Pistol | D49: Gamma | E49: 6.46 | F49: 6.58 | G49: 6.48 | H49: 6.32 | I49: 6.23 | J49: 6.23 | K49: 5.76 | L49: 6.23 | M49: 6.01 | N49: 5.99 | O49: 6.03 | P49: 5.56 | Q49: 5.61 | R49: 5.63 | S49: 5.84 | T49: 5.91 | U49: 5.9 | V49: 5.86 | W49: 5.78 | X49: 5.86 | Y49: 5.88
A50: MP7 | B50: Bloodsport MW | C50: SMG | D50: Clutch | E50: 3.63 | F50: 3.61 | G50: 3.63 | H50: 3.49 | I50: 3.84 | J50: 3.54 | K50: 3.57 | L50: 3.54 | M50: 3.75 | N50: 3.79 | O50: 3.49 | P50: 3.61 | Q50: 3.39 | R50: 3.53 | S50: 3.4 | T50: 3.49 | U50: 3.41 | V50: 3.64 | W50: 3.64 | X50: 3.23 | Y50: 3.28
A51: AK-47 | B51: Frontside Misty MW | C51: AK-47 | D51: Shadow | E51: 26.57 | F51: 27.42 | G51: 27.83 | H51: 27.26 | I51: 25.67 | J51: 25.26 | K51: 25.26 | L51: 25.88 | M51: 26.82 | N51: 25.54 | O51: 24.7 | P51: 25.46 | Q51: 25.22 | R51: 25.89 | S51: 25.22 | T51: 27.19 | U51: 26.35 | V51: 26 | W51: 25.71 | X51: 26.46 | Y51: 26.13
A52: AWP | B52: StatTrak Hyper Beast FT | C52: AWP | D52: Falchion | E52: 74.08 | F52: 71.31 | G52: 71.88 | H52: 71.23 | I52: 70.58 | J52: 65.36 | K52: 73.31 | L52: 73.31 | M52: 72.87 | N52: 84.58 | O52: 84.44 | P52: 75.84 | Q52: 76.16 | R52: 69.57 | S52: 74.78 | T52: 75.67 | U52: 83.34 | V52: 78.56 | W52: 78.23 | X52: 78.48 | Y52: 76.79
... A57: AK-47 | B57: Vulcan MW | C57: AK-47 | D57: Huntsman | E57: 192.99 | F57: 203.36 | G57: 210.82 | H57: 201.42 | I57: 212.4 | J57: 197.46 | K57: 200.73 | L57: 207.88 | M57: 194.84 | N57: 215.86 | O57: 215.62 | P57: 213.15 | Q57: 195.27 | R57: 206.84 | S57: 206.2 | T57: 217.85 | U57: 214.41 | V57: 219.34 | W57: 226.95 | X57: 265.85 | Y57: 250.41
A58: Galil AR | B58: Stone Cold FT | C58: Other Rifle | D58: Shadow | K58: 3.38 | L58: 3.1 | M58: 3.23 | N58: 3.13 | O58: 3.24 | P58: 2.93 | Q58: 2.76 | R58: 3.06 | S58: 2.93 | T58: 2.79 | U58: 2.82 | V58: 2.81 | W58: 2.85 | X58: 2.82 | Y58: 2.7
A59: Nova | B59: Toy Soldier MW | C59: Heavy | D59: Horizon | E59: 0.82 | F59: 0.77 | G59: 0.8 | H59: 0.78 | I59: 0.76 | J59: 0.76 | K59: 0.78 | L59: 0.73 | M59: 0.75 | N59: 0.74 | O59: 0.77 | P59: 0.78 | Q59: 0.84 | R59: 0.83 | S59: 0.92 | T59: 0.83 | U59: 0.85 | V59: 0.82 | W59: 0.8 | X59: 0.8 | Y59: 0.87
A60: Glock-18 | B60: Candy Apple MW | C60: Pistol | D60: Italy | E60: 1.29 | F60: 1.19 | G60: 1.1 | H60: 1.11 | I60: 1.08 | J60: 1.1 | K60: 1.08 | L60: 1.05 | M60: 1.1 | N60: 1.12 | O60: 1.19 | P60: 1.28 | Q60: 1.26 | R60: 1.23 | S60: 1.16 | T60: 1.17 | U60: 1.19 | V60: 1.11 | W60: 0.97 | X60: 1.04 | Y60: 1.04
A61: SSG 08 | B61: StatTrak Death's Head MW | C61: Other Rifle | D61: Hydra | K61: 10.85 | L61: 9.94 | M61: 10.85 | N61: 10.87 | O61: 10.86 | P61: 11.36 | Q61: 11.61 | R61: 11.59 | S61: 11.47 | T61: 11.23 | U61: 11.13 | V61: 11.42 | W61: 11.87 | X61: 14.44 | Y61: 13.98
A62: MP7 | B62: Nemesis MW | C62: SMG | D62: Falchion | E62: 5.33 | F62: 5.67 | G62: 5.86 | H62: 5.63 | I62: 5.79 | J62: 5.22 | K62: 5.4 | L62: 5.59 | M62: 5.26 | N62: 6.57 | O62: 5.89 | P62: 5.25 | Q62: 5.48 | R62: 5.58 | S62: 5.88 | T62: 5.53 | U62: 5.66 | V62: 5.03 | W62: 5.91 | X62: 5.42 | Y62: 5.63
A63: USP-S | B63: Cyrex WW | C63: Pistol | D63: Glove | E63: 2.42 | F63: 2.35 | G63: 2.31 | H63: 2.43 | I63: 2.42 | J63: 2.33 | K63: 2.37 | L63: 2.39 | M63: 2.26 | N63: 2.32 | O63: 2.35 | P63: 2.38 | Q63: 2.36 | R63: 2.41 | S63: 2.37 | T63: 2.49 | U63: 2.5 | V63: 2.39 | W63: 2.34 | X63: 2.34 | Y63: 2.38
A64: M4A4 | B64: Evil Daimyo FN | C64: M4A4 | D64: Falchion | E64: 6.9 | F64: 7.37 | G64: 6.99 | H64: 6.87 | I64: 6.82 | J64: 7.06 | K64: 6.74 | L64: 7.04 | M64: 6.99 | N64: 7.14 | O64: 6.68 | P64: 6.85 | Q64: 6.98 | R64: 7.03 | S64: 6.48 | T64: 6.63 | U64: 6.64 | V64: 7.06 | W64: 6.58 | X64: 6.51 | Y64: 6.59
A65: Five-SeveN | B65: StatTrak Monkey Business FT | C65: Pistol | D65: Chroma 2 | E65: 4.9 | F65: 4.72 | G65: 4.97 | H65: 4.68 | I65: 4.68 | J65: 4.83 | K65: 4.77 | L65: 4.92 | M65: 4.55 | N65: 4.48 | O65: 4.9 | P65: 4.76 | Q65: 4.92 | R65: 4.67 | S65: 4.73 | T65: 4.76 | U65: 4.69 | V65: 4.21 | W65: 4.8 | X65: 4.51 | Y65: 4.3
A66: Nova | B66: Wild Six FT | C66: Heavy | D66: Clutch | E66: 0.36 | F66: 0.34 | G66: 0.35 | H66: 0.32 | I66: 0.35 | J66: 0.32 | K66: 0.32 | L66: 0.34 | M66: 0.38 | N66: 0.35 | O66: 0.35 | P66: 0.35 | Q66: 0.32 | R66: 0.35 | S66: 0.3 | T66: 0.32 | U66: 0.35 | V66: 0.35 | W66: 0.31 | X66: 0.32 | Y66: 0.31
A67: CZ75-Auto | B67: StatTrak Eco MW | C67: Pistol | D67: Horizon | E67: 2.57 | F67: 2.5 | G67: 2.68 | H67: 2.43 | I67: 2.61 | J67: 2.62 | K67: 2.66 | L67: 2.67 | M67: 2.58 | N67: 2.81 | O67: 2.78 | P67: 2.82 | Q67: 2.93 | R67: 2.42 | S67: 2.65 | T67: 2.7 | U67: 2.53 | V67: 2.44 | W67: 2.53 | X67: 2.39 | Y67: 2.69
A68: Flip Knife | B68: Freehand FN | C68: Knife | D68: Gamma | E68: 194.62 | F68: 191.6 | G68: 180.11 | H68: 192.42 | I68: 192.42 | J68: 191.29 | K68: 183.02 | L68: 190.84 | M68: 183.2 | N68: 188.79 | O68: 188.98 | P68: 181.09 | Q68: 190.1 | R68: 189.75 | S68: 180.74 | T68: 189.61 | U68: 186.36 | V68: 180.21 | W68: 164.58 | X68: 169.76 | Y68: 185.28
A69: USP-S | B69: StatTrak Cyrex FN | C69: Pistol | D69: Glove | E69: 12.25 | F69: 13.38 | G69: 12.8 | H69: 13.84 | I69: 13.63 | J69: 13.45 | K69: 12.42 | L69: 13.28 | M69: 13.28 | N69: 13.01 | O69: 12.76 | P69: 11.82 | Q69: 13.23 | R69: 13.37 | S69: 12.95 | T69: 13.49 | U69: 13.24 | V69: 12.62 | W69: 13.16 | X69: 12.6 | Y69: 12.78
A70: UMP-45 | B70: StatTrak Primal Saber FT | C70: SMG | D70: Chroma 3 | E70: 4.41 | F70: 4.16 | G70: 4.37 | H70: 4.34 | I70: 3.77 | J70: 4.34 | K70: 3.96 | L70: 4.27 | M70: 4.05 | N70: 3.79 | O70: 3.93 | P70: 3.88 | Q70: 4.23 | R70: 3.91 | S70: 4.33 | T70: 3.93 | U70: 4.08 | V70: 3.75 | W70: 4.19 | X70: 3.74 | Y70: 3.62
A71: Dual Berettas | B71: Urban Shock MW | C71: Pistol | D71: Chroma | E71: 1.39 | F71: 1.46 | G71: 1.35 | H71: 1.38 | I71: 1.39 | J71: 1.35 | K71: 1.43 | L71: 1.42 | M71: 1.35 | N71: 1.45 | O71: 1.43 | P71: 1.32 | Q71: 1.38 | R71: 1.44 | S71: 1.33 | T71: 1.46 | U71: 1.42 | V71: 1.44 | W71: 1.45 | X71: 1.44 | Y71: 1.46
A72: Glock-18 | B72: StatTrak Water Elemental FT | C72: Pistol | D72: Breakout | E72: 12.57 | F72: 10.7 | G72: 12.88 | H72: 12.64 | I72: 12.69 | J72: 13.17 | K72: 13.28 | L72: 13.14 | M72: 12.09 | N72: 13.02 | O72: 12.56 | P72: 12.68 | Q72: 12.15 | R72: 12.04 | S72: 11.22 | T72: 12.26 | U72: 11.7 | V72: 11.22 | W72: 12.11 | X72: 11.36 | Y72: 12.62
A73: AWP | B73: Elite Build FT | C73: AWP | D73: Wildfire | E73: 6.81 | F73: 7.26 | G73: 7.22 | H73: 6.73 | I73: 6.71 | J73: 6.73 | K73: 6.97 | L73: 7.34 | M73: 7.18 | N73: 6.93 | O73: 6.5 | P73: 6.4 | Q73: 7.28 | R73: 7.32 | S73: 7.71 | T73: 7.27 | U73: 7.36 | V73: 7.14 | W73: 7.32 | X73: 7.2 | Y73: 7.6
A74: AK-47 | B74: Redline FT | C74: AK-47 | D74: Phoenix | E74: 18.21 | F74: 18.21 | G74: 18.36 | H74: 18.21 | I74: 18.2 | J74: 18.9 | K74: 17.9 | L74: 18.01 | M74: 18.05 | N74: 18.1 | O74: 18.11 | P74: 17.56 | Q74: 18.05 | R74: 17.83 | S74: 17.53 | T74: 17.33 | U74: 17.55 | V74: 17.43 | W74: 17.56 | X74: 17.63 | Y74: 17.88
A75: FAMAS | B75: Roll Cage MW | C75: Other Rifle | D75: Gamma 2 | K75: 6.22 | L75: 6.24 | M75: 6.41 | N75: 6.04 | O75: 6.51 | P75: 6.35 | Q75: 5.89 | R75: 6.11 | S75: 6.27 | T75: 6.52 | U75: 6.3 | V75: 6.39 | W75: 6.34 | X75: 6.46 | Y75: 6.26
A76: M4A1-S | B76: Golden Coil FT | C76: M4A1-S | D76: Shadow | E76: 15.54 | F76: 15.25 | G76: 15.81 | H76: 15.02 | I76: 15.8 | J76: 15.47 | K76: 15.35 | L76: 15.48 | M76: 15.22 | N76: 14.51 | O76: 15.48 | P76: 14.67 | Q76: 14.07 | R76: 14.65 | S76: 14.89 | T76: 14.91 | U76: 15.3 | V76: 15.45 | W76: 14.51 | X76: 14.75 | Y76: 15.68
A77: M4A4 | B77: Bullet Rain MW | C77: M4A4 | D77: eSports 2014 | E77: 17.31 | F77: 16.39 | G77: 18.76 | H77: 18.24 | I77: 18.28 | J77: 17.51 | K77: 17.17 | L77: 18.43 | M77: 17.95 | N77: 18.69 | O77: 17.26 | P77: 18.41 | Q77: 18.35 | R77: 18.91 | S77: 17.68 | T77: 18.25 | U77: 18.32 | V77: 18.26 | W77: 17.87 | X77: 18.21 | Y77: 18.78
A78: AWP | B78: Fever Dream MW | C78: AWP | D78: Spectrum | E78: 7.47 | F78: 7.52 | G78: 7.36 | H78: 7.24 | I78: 7.42 | J78: 7.21 | K78: 7.03 | L78: 7.44 | M78: 7.33 | N78: 6.98 | O78: 6.95 | P78: 6.92 | Q78: 7.05 | R78: 6.62 | S78: 6.71 | T78: 7.14 | U78: 6.86 | V78: 7.3 | W78: 7.04 | X78: 6.9 | Y78: 7.02
A79: M4A4 | B79: Desolate Space MW | C79: M4A4 | D79: Gamma | E79: 13.77 | F79: 14.43 | G79: 13.96 | H79: 13.19 | I79: 14.41 | J79: 14.08 | K79: 14.66 | L79: 13.65 | M79: 13.29 | N79: 13.64 | O79: 13.24 | P79: 13.22 | Q79: 13.98 | R79: 13.53 | S79: 13.74 | T79: 13.68 | U79: 13.85 | V79: 12.95 | W79: 13.12 | X79: 13.6 | Y79: 13.04
A80: R8 Revolver | B80: Reboot FT | C80: Pistol | D80: Gamma | E80: 0.64 | F80: 0.62 | G80: 0.65 | H80: 0.61 | I80: 0.62 | J80: 0.66 | K80: 0.71 | L80: 0.69 | M80: 0.7 | N80: 0.66 | O80: 0.62 | P80: 0.65 | Q80: 0.63 | R80: 0.63 | S80: 0.6 | T80: 0.6 | U80: 0.55 | V80: 0.6 | W80: 0.6 | X80: 0.6 | Y80: 0.61
A81: G3SG1 | B81: Stinger FN | C81: Other Rifle | D81: Glove | K81: 1.07 | L81: 1.17 | M81: 1.1 | N81: 1.18 | O81: 1.11 | P81: 1.06 | Q81: 1.11 | R81: 1.06 | S81: 1.15 | T81: 1.2 | U81: 1.09 | V81: 1.12 | W81: 1.12 | X81: 1.08 | Y81: 1.01
A82: CZ75-Auto | B82: StatTrak Red Astor MW | C82: Pistol | D82: Chroma 3 | E82: 1.89 | F82: 1.96 | G82: 2.02 | H82: 1.95 | I82: 1.84 | J82: 1.97 | K82: 1.89 | L82: 1.87 | M82: 1.74 | N82: 1.88 | O82: 1.87 | P82: 1.79 | Q82: 1.76 | R82: 1.76 | S82: 1.76 | T82: 1.72 | U82: 1.74 | V82: 1.58 | W82: 1.73 | X82: 1.75 | Y82: 1.62
A83: MP9 | B83: StatTrak Dart MW | C83: SMG | D83: Vanguard | E83: 1.73 | F83: 1.74 | G83: 1.61 | H83: 1.72 | I83: 1.73 | J83: 1.65 | K83: 1.69 | L83: 1.75 | M83: 2.09 | N83: 1.77 | O83: 1.72 | P83: 1.69 | Q83: 1.63 | R83: 1.49 | S83: 1.75 | T83: 1.7 | U83: 1.69 | V83: 1.69 | W83: 1.72 | X83: 1.51 | Y83: 1.76
A84: P2000 | B84: StatTrak Imperial Dragon FT | C84: Pistol | D84: Gamma | E84: 4.22 | F84: 3.94 | G84: 3.84 | H84: 4.15 | I84: 4.06 | J84: 4.2 | K84: 4.14 | L84: 4.19 | M84: 4.07 | N84: 4.06 | O84: 3.93 | P84: 3.99 | Q84: 4.16 | R84: 3.68 | S84: 4.07 | T84: 4.11 | U84: 4.08 | V84: 4.06 | W84: 3.81 | X84: 3.9 | Y84: 4.06
A85: Desert Eagle | B85: Kumicho Dragon MW | C85: Pistol | D85: Wildfire | E85: 16.01 | F85: 16.03 | G85: 16.51 | H85: 16.36 | I85: 15.72 | J85: 15.47 | K85: 15.88 | L85: 16.75 | M85: 16.04 | N85: 16.07 | O85: 14.58 | P85: 15.18 | Q85: 15.49 | R85: 14.85 | S85: 15.68 | T85: 15.71 | U85: 15.94 | V85: 15.37 | W85: 15.2 | X85: 15.91 | Y85: 15.75
A86: FAMAS | B86: StatTrak Valence FT | C86: Other Rifle | D86: Wildfire | K86: 3.71 | L86: 3.54 | M86: 3.52 | N86: 3.61 | O86: 3.58 | P86: 3.65 | Q86: 3.64 | R86: 3.47 | S86: 3.77 | T86: 3.75 | U86: 3.69 | V86: 3.59 | W86: 3.48 | X86: 3.58 | Y86: 3.61
A87: Nova | B87: Hyper Beast FT | C87: Heavy | D87: Wildfire | E87: 7.22 | F87: 7.74 | G87: 6.67 | H87: 6.74 | I87: 6.72 | J87: 6.86 | K87: 6.36 | L87: 7.02 | M87: 7.16 | N87: 7.02 | O87: 7.25 | P87: 7.31 | Q87: 7.05 | R87: 6.58 | S87: 6.44 | T87: 7.54 | U87: 7.54 | V87: 7.63 | W87: 7.36 | X87: 7.63 | Y87: 7.55
A88: SSG 08 | B88: Blood in the Water MW | C88: Other Rifle | D88: Arms Deal 2 | K88: 38.95 | L88: 36.61 | M88: 36.29 | N88: 39.28 | O88: 40.54 | P88: 39.83 | Q88: 38.07 | R88: 40.05 | S88: 41 | T88: 42.59 | U88: 41.24 | V88: 40.45 | W88: 39.5 | X88: 42.38 | Y88: 39.64
A89: Negev | B89: Power Loader MW | C89: Heavy | D89: Revolver
A90: SG 553 | B90: StatTrak Tiger Moth FT | C90: Other Rifle | D90: Revolver | K90: 3.35 | L90: 3.64 | M90: 3.58 | N90: 3.53 | O90: 3.59 | P90: 3.52 | Q90: 3.47 | R90: 3.36 | S90: 3.65 | T90: 3.51 | U90: 3.6 | V90: 3.63 | W90: 3.7 | X90: 3.91 | Y90: 3.46
A91: Tec-9 | B91: StatTrak Avalanche FT | C91: Pistol | D91: Revolver | E91: 2.67 | F91: 2.73 | G91: 2.62 | H91: 2.64 | I91: 2.54 | J91: 2.58 | K91: 2.7 | L91: 2.69 | M91: 2.58 | N91: 2.49 | O91: 2.37 | P91: 2.38 | Q91: 2.46 | R91: 2.36 | S91: 2.39 | T91: 2.31 | U91: 2.31 | V91: 2.33 | W91: 2.43 | X91: 2.49 | Y91: 2.42
A92: P250 | B92: StatTrak Wingshot MW | C92: Pistol | D92: Shadow | E92: 5.4 | F92: 5.52 | G92: 5.41 | H92: 5.54 | I92: 5.48 | J92: 5.47 | K92: 4.96 | L92: 4.8 | M92: 5.32 | N92: 5.24 | O92: 5.22 | P92: 5.29 | Q92: 5.25 | R92: 4.92 | S92: 5.42 | T92: 5.47 | U92: 5.4 | V92: 5.45 | W92: 5.29 | X92: 4.98 | Y92: 5.61
A93: Dual Berettas | B93: StatTrak Dualing Dragons MW | C93: Pistol | D93: Shadow | E93: 1.38 | F93: 1.3 | G93: 1.39 | H93: 1.44 | I93: 1.38 | J93: 1.38 | K93: 1.4 | L93: 1.4 | M93: 1.42 | N93: 1.4 | O93: 1.4 | P93: 1.38 | Q93: 1.35 | R93: 1.34 | S93: 1.34 | T93: 1.32 | U93: 1.38 | V93: 1.29 | W93: 1.27 | X93: 1.35 | Y93: 1.2
A94: AUG | B94: Chameleon MW | C94: Other Rifle | D94: Phoenix | K94: 4.56 | L94: 4.63 | M94: 4.39 | N94: 4.79 | O94: 4.8 | P94: 4.85 | Q94: 4.79 | R94: 4.84 | S94: 4.53 | T94: 4.61 | U94: 4.75 | V94: 4.41 | W94: 4.34 | X94: 4.72 | Y94: 4.56
A95: M4A4 | B95: StatTrak Dragon King MW | C95: M4A4 | D95: Chroma | E95: 37.31 | F95: 36.88 | G95: 38.8 | H95: 37.92 | I95: 39.03 | J95: 38.35 | K95: 37.8 | L95: 36.91 | M95: 35.35 | N95: 38.06 | O95: 35.93 | P95: 36.22 | Q95: 35.09 | R95: 36.14 | S95: 36.81 | T95: 37.95 | U95: 39.41 | V95: 37.04 | W95: 39.44 | X95: 37.85 | Y95: 36.15
A96: Karmabit | B96: Ultraviolet FT | C96: Knife | D96: Original | E96: 380.55 | F96: 383.02 | G96: 361.9 | H96: 361.97 | I96: 372.41 | J96: 365.9 | K96: 334.61 | L96: 355.59 | M96: 350.79 | N96: 385.29 | O96: 391.15 | P96: 391.41 | Q96: 370.36 | R96: 386.6 | S96: 386.45 | T96: 382.76 | U96: 397.01 | V96: 406.58 | W96: 384.98 | X96: 385.96 | Y96: 424.73
A97: XM1014 | B97: Heaven Guard FT | C97: Heavy | D97: Huntsman | E97: 3.12 | F97: 2.89 | G97: 2.5 | H97: 2.6 | I97: 2.8 | J97: 3.02 | K97: 2.69 | L97: 2.81 | M97: 2.8 | N97: 2.84 | O97: 2.82 | P97: 2.83 | Q97: 2.82 | R97: 2.91 | S97: 2.93 | T97: 2.91 | U97: 3 | V97: 2.76 | W97: 3 | X97: 3.77 | Y97: 3.84
A98: USP-S | B98: Kill Confirmed BS | C98: Pistol | D98: Shadow | E98: 46.88 | F98: 48.26 | G98: 46.04 | H98: 44.75 | I98: 44.89 | J98: 46.63 | K98: 46.07 | L98: 41.4 | M98: 44.41 | N98: 43.55 | O98: 43.89 | P98: 43.72 | Q98: 42.45 | R98: 41.71 | S98: 40.94 | T98: 42.79 | U98: 43.88 | V98: 44.86 | W98: 44.24 | X98: 43.33 | Y98: 42.71
A99: Sawed-Off | B99: The Kraken MW | C99: Heavy | D99: Winter Offensive | E99: 5.92 | F99: 5.49 | G99: 5.64 | H99: 5.75 | I99: 5.59 | J99: 5.93 | K99: 5.7 | L99: 5.9 | M99: 5.59 | N99: 5.82 | O99: 5.41 | P99: 5.44 | Q99: 5.83 | R99: 5.8 | S99: 5.9 | T99: 5.9 | U99: 6.17 | V99: 5.99 | W99: 6.35 | X99: 5.54 | Y99: 5.88
A100: P90 | B100: Asiimov FT | C100: SMG | D100: Breakout | E100: 8.36 | F100: 8.05 | G100: 7.84 | H100: 8.07 | I100: 8.7 | J100: 8.58 | K100: 8.42 | L100: 7.84 | M100: 8.1 | N100: 7.68 | O100: 8.07 | P100: 8.23 | Q100: 8.78 | R100: 7.94 | S100: 8.46 | T100: 8.58 | U100: 7.98 | V100: 8.35 | W100: 8.63 | X100: 7.56 | Y100: 7.71
A101: SCAR-20 | B101: Cardiac FT | C101: Other Rifle | D101: Vanguard | K101: 3.05 | L101: 3.02 | M101: 3.19 | N101: 2.91 | O101: 3.04 | P101: 3.11 | Q101: 3.11 | R101: 3.07 | S101: 2.78 | T101: 2.82 | U101: 3.1 | V101: 3.1 | W101: 2.9 | X101: 3.17 | Y101: 3
A102: MAG-7 | B102: StatTrak Heat FT | C102: Heavy | D102: Chroma 2 | E102: 0.88 | F102: 0.93 | G102: 0.94 | H102: 0.89 | I102: 0.92 | J102: 0.93 | K102: 0.93 | L102: 0.96 | M102: 0.97 | N102: 0.97 | O102: 1.03 | P102: 1.04 | Q102: 0.97 | R102: 0.93 | S102: 0.95 | T102: 0.84 | U102: 0.87 | V102: 0.95 | W102: 0.93 | X102: 0.93 | Y102: 0.93
A103: PP-Bizon | B103: StatTrak Osiris FT | C103: SMG | D103: Breakout | E103: 1.46 | F103: 1.44 | G103: 1.44 | H103: 1.39 | I103: 1.47 | J103: 1.44 | K103: 1.43 | L103: 1.39 | M103: 1.43 | N103: 1.53 | O103: 1.54 | P103: 1.57 | Q103: 1.65 | R103: 1.61 | S103: 1.61 | T103: 1.65 | U103: 1.58 | V103: 1.49 | W103: 1.46 | X103: 1.44 | Y103: 1.52
D121: TOTAL | E121: =SUM(E2:E119) -> 3246.34 | F121: =SUM(F2:F119) -> 3251.22 | G121: =SUM(G2:G119) -> 3282.58 | H121: =SUM(H2:H119) -> 3284.44 | I121: =SUM(I2:I119) -> 3312.01 | J121: =SUM(J2:J119) -> 3260.29 | K121: =SUM(K2:K119) -> 3387.28 | L121: =SUM(L2:L119) -> 3418.92 | ... Z121: =SUM(Z2:Z119) -> 0

Sheet Knives
A1: Knives
A3: Weapon | B3: Skin | C3: Type | D3: Collection | E3: =Inventory!E1 -> 44331 | F3: =Inventory!F1 -> 44332 | G3: =Inventory!G1 -> 44334 | H3: =Inventory!H1 -> 44336 | I3: =Inventory!I1 -> 44337 | J3: =Inventory!J1 -> 44338 | K3: =Inventory!K1 -> 44339 | L3: =Inventory!L1 -> 44340 | ... FU3: =Inventory!FU1 -> 44505
A4: {=_xlfn._xlws.FILTER(Inventory!$A$2:$FU$103, (Inventory!C2:C103="Knife"))} -> Bayonet | B4: Rust Coat BS | C4: Knife | D4: Chroma | E4: 196.27 | F4: 201.82 | G4: 197 | H4: 196.88 | I4: 207.18 | J4: 209.46 | K4: 201.89 | L4: 202.48 | M4: 196.23 | N4: 204.01 | O4: 206.61 | P4: 209.15 | Q4: 207.58 | R4: 207.32 | S4: 202.17 | T4: 201.3 | U4: 201.79 | V4: 203.29 | W4: 201.2 | X4: 207 | Y4: 207.01 | Z4: 0 | AA4: 0 | AB4: 0 | AC4: 0 | AD4: 0 | AE4: 0 | AF4: 0 | AG4: 0 | AH4: 0 | AI4: 0 | AJ4: 0 | AK4: 0 | AL4: 0 | AM4: 0 | AN4: 0 | AO4: 0 | AP4: 0 | AQ4: 0 | AR4: 0 | AS4: 0 | AT4: 0 | AU4: 0 | AV4: 0 | AW4: 0 | AX4: 0 | AY4: 0 | AZ4: 0 | BA4: 0 | BB4: 0 | BC4: 0 | BD4: 0 | BE4: 0 | BF4: 0 | BG4: 0 | BH4: 0 | BI4: 0 | BJ4: 0 | BK4: 0 | BL4: 0 | BM4: 0 | BN4: 0 | BO4: 0 | BP4: 0 | BQ4: 0 | BR4: 0 | BS4: 0 | BT4: 0 | BU4: 0 | BV4: 0 | BW4: 0 | BX4: 0 | BY4: 0 | BZ4: 0 | CA4: 0 | CB4: 0 | CC4: 0 | CD4: 0 | CE4: 0 | CF4: 0 | CG4: 0 | CH4: 0 | CI4: 0 | CJ4: 0 | CK4: 0 | CL4: 0 | CM4: 0 | CN4: 0 | CO4: 0 | CP4: 0 | CQ4: 0 | CR4: 0 | CS4: 0 | CT4: 0 | CU4: 0 | CV4: 0 | CW4: 0 | CX4: 0 | CY4: 0 | CZ4: 0 | DA4: 0 | DB4: 0 | DC4: 0 | DD4: 0 | DE4: 0 | DF4: 0 | DG4: 0 | DH4: 0 | DI4: 0 | DJ4: 0 | DK4: 0 | DL4: 0 | DM4: 0 | DN4: 0 | DO4: 0 | DP4: 0 | DQ4: 0 | DR4: 0 | DS4: 0 | DT4: 0 | DU4: 0 | DV4: 0 | DW4: 0 | DX4: 0 | DY4: 0 | DZ4: 0 | EA4: 0 | EB4: 0 | EC4: 0 | ED4: 0 | EE4: 0 | EF4: 0 | EG4: 0 | EH4: 0 | EI4: 0 | EJ4: 0 | EK4: 0 | EL4: 0 | EM4: 0 | EN4: 0 | EO4: 0 | EP4: 0 | EQ4: 0 | ER4: 0 | ES4: 0 | ET4: 0 | EU4: 0 | EV4: 0 | EW4: 0 | EX4: 0 | EY4: 0 | EZ4: 0 | FA4: 0 | FB4: 0 | FC4: 0 | FD4: 0 | FE4: 0 | FF4: 0 | FG4: 0 | FH4: 0 | FI4: 0 | FJ4: 0 | FK4: 0 | FL4: 0 | FM4: 0 | FN4: 0 | FO4: 0 | FP4: 0 | FQ4: 0 | FR4: 0 | FS4: 0 | FT4: 0 | FU4: 0
A5: Butterfly Knife | B5: Tiger Tooth FN | C5: Knife | D5: Spectrum | E5: 1201.6 | F5: 1205.46 | G5: 1261.1 | H5: 1261.06 | I5: 1261.06 | J5: 1230.57 | K5: 1294.36 | L5: 1294.36 | M5: 1290.31 | N5: 1427.45 | O5: 1391 | P5: 1383.65 | Q5: 1363.98 | R5: 1354.05 | S5: 1341.3 | T5: 1341.3 | U5: 1354.94 | V5: 1364.6 | W5: 1349.99 | X5: 1413.09 | Y5: 1484.68 | Z5: 0 | AA5: 0 | AB5: 0 | AC5: 0 | AD5: 0 | AE5: 0 | AF5: 0 | AG5: 0 | AH5: 0 | AI5: 0 | AJ5: 0 | AK5: 0 | AL5: 0 | AM5: 0 | AN5: 0 | AO5: 0 | AP5: 0 | AQ5: 0 | AR5: 0 | AS5: 0 | AT5: 0 | AU5: 0 | AV5: 0 | AW5: 0 | AX5: 0 | AY5: 0 | AZ5: 0 | BA5: 0 | BB5: 0 | BC5: 0 | BD5: 0 | BE5: 0 | BF5: 0 | BG5: 0 | BH5: 0 | BI5: 0 | BJ5: 0 | BK5: 0 | BL5: 0 | BM5: 0 | BN5: 0 | BO5: 0 | BP5: 0 | BQ5: 0 | BR5: 0 | BS5: 0 | BT5: 0 | BU5: 0 | BV5: 0 | BW5: 0 | BX5: 0 | BY5: 0 | BZ5: 0 | CA5: 0 | CB5: 0 | CC5: 0 | CD5: 0 | CE5: 0 | CF5: 0 | CG5: 0 | CH5: 0 | CI5: 0 | CJ5: 0 | CK5: 0 | CL5: 0 | CM5: 0 | CN5: 0 | CO5: 0 | CP5: 0 | CQ5: 0 | CR5: 0 | CS5: 0 | CT5: 0 | CU5: 0 | CV5: 0 | CW5: 0 | CX5: 0 | CY5: 0 | CZ5: 0 | DA5: 0 | DB5: 0 | DC5: 0 | DD5: 0 | DE5: 0 | DF5: 0 | DG5: 0 | DH5: 0 | DI5: 0 | DJ5: 0 | DK5: 0 | DL5: 0 | DM5: 0 | DN5: 0 | DO5: 0 | DP5: 0 | DQ5: 0 | DR5: 0 | DS5: 0 | DT5: 0 | DU5: 0 | DV5: 0 | DW5: 0 | DX5: 0 | DY5: 0 | DZ5: 0 | EA5: 0 | EB5: 0 | EC5: 0 | ED5: 0 | EE5: 0 | EF5: 0 | EG5: 0 | EH5: 0 | EI5: 0 | EJ5: 0 | EK5: 0 | EL5: 0 | EM5: 0 | EN5: 0 | EO5: 0 | EP5: 0 | EQ5: 0 | ER5: 0 | ES5: 0 | ET5: 0 | EU5: 0 | EV5: 0 | EW5: 0 | EX5: 0 | EY5: 0 | EZ5: 0 | FA5: 0 | FB5: 0 | FC5: 0 | FD5: 0 | FE5: 0 | FF5: 0 | FG5: 0 | FH5: 0 | FI5: 0 | FJ5: 0 | FK5: 0 | FL5: 0 | FM5: 0 | FN5: 0 | FO5: 0 | FP5: 0 | FQ5: 0 | FR5: 0 | FS5: 0 | FT5: 0 | FU5: 0
A6: Flip Knife | B6: Freehand FN | C6: Knife | D6: Gamma | E6: 194.62 | F6: 191.6 | G6: 180.11 | H6: 192.42 | I6: 192.42 | J6: 191.29 | K6: 183.02 | L6: 190.84 | M6: 183.2 | N6: 188.79 | O6: 188.98 | P6: 181.09 | Q6: 190.1 | R6: 189.75 | S6: 180.74 | T6: 189.61 | U6: 186.36 | V6: 180.21 | W6: 164.58 | X6: 169.76 | Y6: 185.28 | Z6: 0 | AA6: 0 | AB6: 0 | AC6: 0 | AD6: 0 | AE6: 0 | AF6: 0 | AG6: 0 | AH6: 0 | AI6: 0 | AJ6: 0 | AK6: 0 | AL6: 0 | AM6: 0 | AN6: 0 | AO6: 0 | AP6: 0 | AQ6: 0 | AR6: 0 | AS6: 0 | AT6: 0 | AU6: 0 | AV6: 0 | AW6: 0 | AX6: 0 | AY6: 0 | AZ6: 0 | BA6: 0 | BB6: 0 | BC6: 0 | BD6: 0 | BE6: 0 | BF6: 0 | BG6: 0 | BH6: 0 | BI6: 0 | BJ6: 0 | BK6: 0 | BL6: 0 | BM6: 0 | BN6: 0 | BO6: 0 | BP6: 0 | BQ6: 0 | BR6: 0 | BS6: 0 | BT6: 0 | BU6: 0 | BV6: 0 | BW6: 0 | BX6: 0 | BY6: 0 | BZ6: 0 | CA6: 0 | CB6: 0 | CC6: 0 | CD6: 0 | CE6: 0 | CF6: 0 | CG6: 0 | CH6: 0 | CI6: 0 | CJ6: 0 | CK6: 0 | CL6: 0 | CM6: 0 | CN6: 0 | CO6: 0 | CP6: 0 | CQ6: 0 | CR6: 0 | CS6: 0 | CT6: 0 | CU6: 0 | CV6: 0 | CW6: 0 | CX6: 0 | CY6: 0 | CZ6: 0 | DA6: 0 | DB6: 0 | DC6: 0 | DD6: 0 | DE6: 0 | DF6: 0 | DG6: 0 | DH6: 0 | DI6: 0 | DJ6: 0 | DK6: 0 | DL6: 0 | DM6: 0 | DN6: 0 | DO6: 0 | DP6: 0 | DQ6: 0 | DR6: 0 | DS6: 0 | DT6: 0 | DU6: 0 | DV6: 0 | DW6: 0 | DX6: 0 | DY6: 0 | DZ6: 0 | EA6: 0 | EB6: 0 | EC6: 0 | ED6: 0 | EE6: 0 | EF6: 0 | EG6: 0 | EH6: 0 | EI6: 0 | EJ6: 0 | EK6: 0 | EL6: 0 | EM6: 0 | EN6: 0 | EO6: 0 | EP6: 0 | EQ6: 0 | ER6: 0 | ES6: 0 | ET6: 0 | EU6: 0 | EV6: 0 | EW6: 0 | EX6: 0 | EY6: 0 | EZ6: 0 | FA6: 0 | FB6: 0 | FC6: 0 | FD6: 0 | FE6: 0 | FF6: 0 | FG6: 0 | FH6: 0 | FI6: 0 | FJ6: 0 | FK6: 0 | FL6: 0 | FM6: 0 | FN6: 0 | FO6: 0 | FP6: 0 | FQ6: 0 | FR6: 0 | FS6: 0 | FT6: 0 | FU6: 0
A7: Karmabit | B7: Ultraviolet FT | C7: Knife | D7: Original | E7: 380.55 | F7: 383.02 | G7: 361.9 | H7: 361.97 | I7: 372.41 | J7: 365.9 | K7: 334.61 | L7: 355.59 | M7: 350.79 | N7: 385.29 | O7: 391.15 | P7: 391.41 | Q7: 370.36 | R7: 386.6 | S7: 386.45 | T7: 382.76 | U7: 397.01 | V7: 406.58 | W7: 384.98 | X7: 385.96 | Y7: 424.73 | Z7: 0 | AA7: 0 | AB7: 0 | AC7: 0 | AD7: 0 | AE7: 0 | AF7: 0 | AG7: 0 | AH7: 0 | AI7: 0 | AJ7: 0 | AK7: 0 | AL7: 0 | AM7: 0 | AN7: 0 | AO7: 0 | AP7: 0 | AQ7: 0 | AR7: 0 | AS7: 0 | AT7: 0 | AU7: 0 | AV7: 0 | AW7: 0 | AX7: 0 | AY7: 0 | AZ7: 0 | BA7: 0 | BB7: 0 | BC7: 0 | BD7: 0 | BE7: 0 | BF7: 0 | BG7: 0 | BH7: 0 | BI7: 0 | BJ7: 0 | BK7: 0 | BL7: 0 | BM7: 0 | BN7: 0 | BO7: 0 | BP7: 0 | BQ7: 0 | BR7: 0 | BS7: 0 | BT7: 0 | BU7: 0 | BV7: 0 | BW7: 0 | BX7: 0 | BY7: 0 | BZ7: 0 | CA7: 0 | CB7: 0 | CC7: 0 | CD7: 0 | CE7: 0 | CF7: 0 | CG7: 0 | CH7: 0 | CI7: 0 | CJ7: 0 | CK7: 0 | CL7: 0 | CM7: 0 | CN7: 0 | CO7: 0 | CP7: 0 | CQ7: 0 | CR7: 0 | CS7: 0 | CT7: 0 | CU7: 0 | CV7: 0 | CW7: 0 | CX7: 0 | CY7: 0 | CZ7: 0 | DA7: 0 | DB7: 0 | DC7: 0 | DD7: 0 | DE7: 0 | DF7: 0 | DG7: 0 | DH7: 0 | DI7: 0 | DJ7: 0 | DK7: 0 | DL7: 0 | DM7: 0 | DN7: 0 | DO7: 0 | DP7: 0 | DQ7: 0 | DR7: 0 | DS7: 0 | DT7: 0 | DU7: 0 | DV7: 0 | DW7: 0 | DX7: 0 | DY7: 0 | DZ7: 0 | EA7: 0 | EB7: 0 | EC7: 0 | ED7: 0 | EE7: 0 | EF7: 0 | EG7: 0 | EH7: 0 | EI7: 0 | EJ7: 0 | EK7: 0 | EL7: 0 | EM7: 0 | EN7: 0 | EO7: 0 | EP7: 0 | EQ7: 0 | ER7: 0 | ES7: 0 | ET7: 0 | EU7: 0 | EV7: 0 | EW7: 0 | EX7: 0 | EY7: 0 | EZ7: 0 | FA7: 0 | FB7: 0 | FC7: 0 | FD7: 0 | FE7: 0 | FF7: 0 | FG7: 0 | FH7: 0 | FI7: 0 | FJ7: 0 | FK7: 0 | FL7: 0 | FM7: 0 | FN7: 0 | FO7: 0 | FP7: 0 | FQ7: 0 | FR7: 0 | FS7: 0 | FT7: 0 | FU7: 0
D10: Total | E10: =SUM(E4:E7) -> 1973.04 | F10: =SUM(F4:F7) -> 1981.9 | G10: =SUM(G4:G7) -> 2000.11 | H10: =SUM(H4:H7) -> 2012.33 | I10: =SUM(I4:I7) -> 2033.07 | J10: =SUM(J4:J7) -> 1997.22 | K10: =SUM(K4:K7) -> 2013.88 | L10: =SUM(L4:L7) -> 2043.27 | ... FU10: =SUM(FU4:FU7) -> 0
A20: Weapon | B20: Skin | C20: Type | D20: Collection | E20: =E3 -> 44331 | F20: =F3 -> 44332 | G20: =G3 -> 44334 | H20: =H3 -> 44336 | I20: =I3 -> 44337 | J20: =J3 -> 44338 | K20: =K3 -> 44339 | L20: =L3 -> 44340 | ... FU20: =FU3 -> 44505
A21: =A4 -> Bayonet | B21: =B4 -> Rust Coat BS | C21: =C4 -> Knife | D21: =D4 -> Chroma | E21: =E4-ROUNDUP(E4*0.3,2) -> 137.38 | F21: =F4-ROUNDUP(F4*0.3,2) -> 141.27 | G21: =G4-ROUNDUP(G4*0.3,2) -> 137.9 | H21: =H4-ROUNDUP(H4*0.3,2) -> 137.81 | I21: =I4-ROUNDUP(I4*0.3,2) -> 145.02 | J21: =J4-ROUNDUP(J4*0.3,2) -> 146.62 | K21: =K4-ROUNDUP(K4*0.3,2) -> 141.32 | L21: =L4-ROUNDUP(L4*0.3,2) -> 141.73 | ... FU21: =FU4-ROUNDUP(FU4*0.3,2) -> 0
A22: =A5 -> Butterfly Knife | B22: =B5 -> Tiger Tooth FN | C22: =C5 -> Knife | D22: =D5 -> Spectrum | E22: =E5-ROUNDUP(E5*0.3,2) -> 841.12 | F22: =F5-ROUNDUP(F5*0.3,2) -> 843.82 | G22: =G5-ROUNDUP(G5*0.3,2) -> 882.77 | H22: =H5-ROUNDUP(H5*0.3,2) -> 882.74 | I22: =I5-ROUNDUP(I5*0.3,2) -> 882.74 | J22: =J5-ROUNDUP(J5*0.3,2) -> 861.39 | K22: =K5-ROUNDUP(K5*0.3,2) -> 906.05 | L22: =L5-ROUNDUP(L5*0.3,2) -> 906.05 | ... FU22: =FU5-ROUNDUP(FU5*0.3,2) -> 0
A23: =A6 -> Flip Knife | B23: =B6 -> Freehand FN | C23: =C6 -> Knife | D23: =D6 -> Gamma | E23: =E6-ROUNDUP(E6*0.3,2) -> 136.23 | F23: =F6-ROUNDUP(F6*0.3,2) -> 134.12 | G23: =G6-ROUNDUP(G6*0.3,2) -> 126.07 | H23: =H6-ROUNDUP(H6*0.3,2) -> 134.69 | I23: =I6-ROUNDUP(I6*0.3,2) -> 134.69 | J23: =J6-ROUNDUP(J6*0.3,2) -> 133.9 | K23: =K6-ROUNDUP(K6*0.3,2) -> 128.11 | L23: =L6-ROUNDUP(L6*0.3,2) -> 133.58 | ... FU23: =FU6-ROUNDUP(FU6*0.3,2) -> 0
A24: =A7 -> Karmabit | B24: =B7 -> Ultraviolet FT | C24: =C7 -> Knife | D24: =D7 -> Original | E24: =E7-ROUNDUP(E7*0.3,2) -> 266.38 | F24: =F7-ROUNDUP(F7*0.3,2) -> 268.11 | G24: =G7-ROUNDUP(G7*0.3,2) -> 253.33 | H24: =H7-ROUNDUP(H7*0.3,2) -> 253.37 | I24: =I7-ROUNDUP(I7*0.3,2) -> 260.68 | J24: =J7-ROUNDUP(J7*0.3,2) -> 256.13 | K24: =K7-ROUNDUP(K7*0.3,2) -> 234.22 | L24: =L7-ROUNDUP(L7*0.3,2) -> 248.91 | ... FU24: =FU7-ROUNDUP(FU7*0.3,2) -> 0
D27: Total | E27: =SUM(E21:E24) -> 1381.11 | F27: =SUM(F21:F24) -> 1387.32 | G27: =SUM(G21:G24) -> 1400.07 | H27: =SUM(H21:H24) -> 1408.61 | I27: =SUM(I21:I24) -> 1423.13 | J27: =SUM(J21:J24) -> 1398.04 | K27: =SUM(K21:K24) -> 1409.7 | L27: =SUM(L21:L24) -> 1430.27 | ... FU27: =SUM(FU21:FU24) -> 0

Sheet AWP
B1: AWP
A3: Weapon | B3: Skin | C3: Type | D3: Collection | E3: =Inventory!E1 -> 44331 | F3: =Inventory!F1 -> 44332 | G3: =Inventory!G1 -> 44334 | H3: =Inventory!H1 -> 44336 | I3: =Inventory!I1 -> 44337 | J3: =Inventory!J1 -> 44338 | K3: =Inventory!K1 -> 44339 | L3: =Inventory!L1 -> 44340 | ... FU3: =Inventory!FU1 -> 44505
A4: {=_xlfn._xlws.FILTER(Inventory!$A$2:$FU$103, (Inventory!C2:C103="AWP"))} -> AWP | B4: Atheris MW | C4: AWP | D4: Prisma | E4: 4.31 | F4: 4.54 | G4: 4.37 | H4: 4.41 | I4: 4.16 | J4: 4.4 | K4: 4.73 | L4: 4.69 | M4: 4.54 | N4: 4.53 | O4: 4.55 | P4: 4.22 | Q4: 4.39 | R4: 4.23 | S4: 4.06 | T4: 4.23 | U4: 4.62 | V4: 4.07 | W4: 4.3 | X4: 4.23 | Y4: 4.21 | Z4: 0 | AA4: 0 | AB4: 0 | AC4: 0 | AD4: 0 | AE4: 0 | AF4: 0 | AG4: 0 | AH4: 0 | AI4: 0 | AJ4: 0 | AK4: 0 | AL4: 0 | AM4: 0 | AN4: 0 | AO4: 0 | AP4: 0 | AQ4: 0 | AR4: 0 | AS4: 0 | AT4: 0 | AU4: 0 | AV4: 0 | AW4: 0 | AX4: 0 | AY4: 0 | AZ4: 0 | BA4: 0 | BB4: 0 | BC4: 0 | BD4: 0 | BE4: 0 | BF4: 0 | BG4: 0 | BH4: 0 | BI4: 0 | BJ4: 0 | BK4: 0 | BL4: 0 | BM4: 0 | BN4: 0 | BO4: 0 | BP4: 0 | BQ4: 0 | BR4: 0 | BS4: 0 | BT4: 0 | BU4: 0 | BV4: 0 | BW4: 0 | BX4: 0 | BY4: 0 | BZ4: 0 | CA4: 0 | CB4: 0 | CC4: 0 | CD4: 0 | CE4: 0 | CF4: 0 | CG4: 0 | CH4: 0 | CI4: 0 | CJ4: 0 | CK4: 0 | CL4: 0 | CM4: 0 | CN4: 0 | CO4: 0 | CP4: 0 | CQ4: 0 | CR4: 0 | CS4: 0 | CT4: 0 | CU4: 0 | CV4: 0 | CW4: 0 | CX4: 0 | CY4: 0 | CZ4: 0 | DA4: 0 | DB4: 0 | DC4: 0 | DD4: 0 | DE4: 0 | DF4: 0 | DG4: 0 | DH4: 0 | DI4: 0 | DJ4: 0 | DK4: 0 | DL4: 0 | DM4: 0 | DN4: 0 | DO4: 0 | DP4: 0 | DQ4: 0 | DR4: 0 | DS4: 0 | DT4: 0 | DU4: 0 | DV4: 0 | DW4: 0 | DX4: 0 | DY4: 0 | DZ4: 0 | EA4: 0 | EB4: 0 | EC4: 0 | ED4: 0 | EE4: 0 | EF4: 0 | EG4: 0 | EH4: 0 | EI4: 0 | EJ4: 0 | EK4: 0 | EL4: 0 | EM4: 0 | EN4: 0 | EO4: 0 | EP4: 0 | EQ4: 0 | ER4: 0 | ES4: 0 | ET4: 0 | EU4: 0 | EV4: 0 | EW4: 0 | EX4: 0 | EY4: 0 | EZ4: 0 | FA4: 0 | FB4: 0 | FC4: 0 | FD4: 0 | FE4: 0 | FF4: 0 | FG4: 0 | FH4: 0 | FI4: 0 | FJ4: 0 | FK4: 0 | FL4: 0 | FM4: 0 | FN4: 0 | FO4: 0 | FP4: 0 | FQ4: 0 | FR4: 0 | FS4: 0 | FT4: 0 | FU4: 0
A5: AWP | B5: Neo-Noir FN | C5: AWP | D5: Danger Zone | E5: 47 | F5: 45.93 | G5: 44.54 | H5: 45.51 | I5: 46.05 | J5: 46.08 | K5: 46.57 | L5: 47.69 | M5: 44.11 | N5: 44.01 | O5: 45.22 | P5: 46.55 | Q5: 46.98 | R5: 43.94 | S5: 46.39 | T5: 46.37 | U5: 47.84 | V5: 44.88 | W5: 48.07 | X5: 48.33 | Y5: 47.69 | Z5: 0 | AA5: 0 | AB5: 0 | AC5: 0 | AD5: 0 | AE5: 0 | AF5: 0 | AG5: 0 | AH5: 0 | AI5: 0 | AJ5: 0 | AK5: 0 | AL5: 0 | AM5: 0 | AN5: 0 | AO5: 0 | AP5: 0 | AQ5: 0 | AR5: 0 | AS5: 0 | AT5: 0 | AU5: 0 | AV5: 0 | AW5: 0 | AX5: 0 | AY5: 0 | AZ5: 0 | BA5: 0 | BB5: 0 | BC5: 0 | BD5: 0 | BE5: 0 | BF5: 0 | BG5: 0 | BH5: 0 | BI5: 0 | BJ5: 0 | BK5: 0 | BL5: 0 | BM5: 0 | BN5: 0 | BO5: 0 | BP5: 0 | BQ5: 0 | BR5: 0 | BS5: 0 | BT5: 0 | BU5: 0 | BV5: 0 | BW5: 0 | BX5: 0 | BY5: 0 | BZ5: 0 | CA5: 0 | CB5: 0 | CC5: 0 | CD5: 0 | CE5: 0 | CF5: 0 | CG5: 0 | CH5: 0 | CI5: 0 | CJ5: 0 | CK5: 0 | CL5: 0 | CM5: 0 | CN5: 0 | CO5: 0 | CP5: 0 | CQ5: 0 | CR5: 0 | CS5: 0 | CT5: 0 | CU5: 0 | CV5: 0 | CW5: 0 | CX5: 0 | CY5: 0 | CZ5: 0 | DA5: 0 | DB5: 0 | DC5: 0 | DD5: 0 | DE5: 0 | DF5: 0 | DG5: 0 | DH5: 0 | DI5: 0 | DJ5: 0 | DK5: 0 | DL5: 0 | DM5: 0 | DN5: 0 | DO5: 0 | DP5: 0 | DQ5: 0 | DR5: 0 | DS5: 0 | DT5: 0 | DU5: 0 | DV5: 0 | DW5: 0 | DX5: 0 | DY5: 0 | DZ5: 0 | EA5: 0 | EB5: 0 | EC5: 0 | ED5: 0 | EE5: 0 | EF5: 0 | EG5: 0 | EH5: 0 | EI5: 0 | EJ5: 0 | EK5: 0 | EL5: 0 | EM5: 0 | EN5: 0 | EO5: 0 | EP5: 0 | EQ5: 0 | ER5: 0 | ES5: 0 | ET5: 0 | EU5: 0 | EV5: 0 | EW5: 0 | EX5: 0 | EY5: 0 | EZ5: 0 | FA5: 0 | FB5: 0 | FC5: 0 | FD5: 0 | FE5: 0 | FF5: 0 | FG5: 0 | FH5: 0 | FI5: 0 | FJ5: 0 | FK5: 0 | FL5: 0 | FM5: 0 | FN5: 0 | FO5: 0 | FP5: 0 | FQ5: 0 | FR5: 0 | FS5: 0 | FT5: 0 | FU5: 0
A6: AWP | B6: Boom MW | C6: AWP | D6: eSports 2013 | E6: 52.57 | F6: 50.84 | G6: 61.12 | H6: 54.92 | I6: 54.99 | J6: 52.25 | K6: 56.03 | L6: 55.57 | M6: 54.76 | N6: 54.99 | O6: 54.7 | P6: 52.32 | Q6: 54.62 | R6: 55.38 | S6: 53.77 | T6: 56.08 | U6: 56.08 | V6: 57.36 | W6: 55.4 | X6: 55.27 | Y6: 54.17 | Z6: 0 | AA6: 0 | AB6: 0 | AC6: 0 | AD6: 0 | AE6: 0 | AF6: 0 | AG6: 0 | AH6: 0 | AI6: 0 | AJ6: 0 | AK6: 0 | AL6: 0 | AM6: 0 | AN6: 0 | AO6: 0 | AP6: 0 | AQ6: 0 | AR6: 0 | AS6: 0 | AT6: 0 | AU6: 0 | AV6: 0 | AW6: 0 | AX6: 0 | AY6: 0 | AZ6: 0 | BA6: 0 | BB6: 0 | BC6: 0 | BD6: 0 | BE6: 0 | BF6: 0 | BG6: 0 | BH6: 0 | BI6: 0 | BJ6: 0 | BK6: 0 | BL6: 0 | BM6: 0 | BN6: 0 | BO6: 0 | BP6: 0 | BQ6: 0 | BR6: 0 | BS6: 0 | BT6: 0 | BU6: 0 | BV6: 0 | BW6: 0 | BX6: 0 | BY6: 0 | BZ6: 0 | CA6: 0 | CB6: 0 | CC6: 0 | CD6: 0 | CE6: 0 | CF6: 0 | CG6: 0 | CH6: 0 | CI6: 0 | CJ6: 0 | CK6: 0 | CL6: 0 | CM6: 0 | CN6: 0 | CO6: 0 | CP6: 0 | CQ6: 0 | CR6: 0 | CS6: 0 | CT6: 0 | CU6: 0 | CV6: 0 | CW6: 0 | CX6: 0 | CY6: 0 | CZ6: 0 | DA6: 0 | DB6: 0 | DC6: 0 | DD6: 0 | DE6: 0 | DF6: 0 | DG6: 0 | DH6: 0 | DI6: 0 | DJ6: 0 | DK6: 0 | DL6: 0 | DM6: 0 | DN6: 0 | DO6: 0 | DP6: 0 | DQ6: 0 | DR6: 0 | DS6: 0 | DT6: 0 | DU6: 0 | DV6: 0 | DW6: 0 | DX6: 0 | DY6: 0 | DZ6: 0 | EA6: 0 | EB6: 0 | EC6: 0 | ED6: 0 | EE6: 0 | EF6: 0 | EG6: 0 | EH6: 0 | EI6: 0 | EJ6: 0 | EK6: 0 | EL6: 0 | EM6: 0 | EN6: 0 | EO6: 0 | EP6: 0 | EQ6: 0 | ER6: 0 | ES6: 0 | ET6: 0 | EU6: 0 | EV6: 0 | EW6: 0 | EX6: 0 | EY6: 0 | EZ6: 0 | FA6: 0 | FB6: 0 | FC6: 0 | FD6: 0 | FE6: 0 | FF6: 0 | FG6: 0 | FH6: 0 | FI6: 0 | FJ6: 0 | FK6: 0 | FL6: 0 | FM6: 0 | FN6: 0 | FO6: 0 | FP6: 0 | FQ6: 0 | FR6: 0 | FS6: 0 | FT6: 0 | FU6: 0
A7: AWP | B7: Mortis MW | C7: AWP | D7: Clutch | E7: 3.23 | F7: 3.14 | G7: 3.5 | H7: 3.27 | I7: 3.28 | J7: 3.41 | K7: 3.47 | L7: 3.16 | M7: 3.26 | N7: 3.28 | O7: 3.29 | P7: 3.38 | Q7: 3.25 | R7: 3.26 | S7: 3.19 | T7: 3.39 | U7: 3.14 | V7: 3.14 | W7: 3.13 | X7: 2.92 | Y7: 3.15 | Z7: 0 | AA7: 0 | AB7: 0 | AC7: 0 | AD7: 0 | AE7: 0 | AF7: 0 | AG7: 0 | AH7: 0 | AI7: 0 | AJ7: 0 | AK7: 0 | AL7: 0 | AM7: 0 | AN7: 0 | AO7: 0 | AP7: 0 | AQ7: 0 | AR7: 0 | AS7: 0 | AT7: 0 | AU7: 0 | AV7: 0 | AW7: 0 | AX7: 0 | AY7: 0 | AZ7: 0 | BA7: 0 | BB7: 0 | BC7: 0 | BD7: 0 | BE7: 0 | BF7: 0 | BG7: 0 | BH7: 0 | BI7: 0 | BJ7: 0 | BK7: 0 | BL7: 0 | BM7: 0 | BN7: 0 | BO7: 0 | BP7: 0 | BQ7: 0 | BR7: 0 | BS7: 0 | BT7: 0 | BU7: 0 | BV7: 0 | BW7: 0 | BX7: 0 | BY7: 0 | BZ7: 0 | CA7: 0 | CB7: 0 | CC7: 0 | CD7: 0 | CE7: 0 | CF7: 0 | CG7: 0 | CH7: 0 | CI7: 0 | CJ7: 0 | CK7: 0 | CL7: 0 | CM7: 0 | CN7: 0 | CO7: 0 | CP7: 0 | CQ7: 0 | CR7: 0 | CS7: 0 | CT7: 0 | CU7: 0 | CV7: 0 | CW7: 0 | CX7: 0 | CY7: 0 | CZ7: 0 | DA7: 0 | DB7: 0 | DC7: 0 | DD7: 0 | DE7: 0 | DF7: 0 | DG7: 0 | DH7: 0 | DI7: 0 | DJ7: 0 | DK7: 0 | DL7: 0 | DM7: 0 | DN7: 0 | DO7: 0 | DP7: 0 | DQ7: 0 | DR7: 0 | DS7: 0 | DT7: 0 | DU7: 0 | DV7: 0 | DW7: 0 | DX7: 0 | DY7: 0 | DZ7: 0 | EA7: 0 | EB7: 0 | EC7: 0 | ED7: 0 | EE7: 0 | EF7: 0 | EG7: 0 | EH7: 0 | EI7: 0 | EJ7: 0 | EK7: 0 | EL7: 0 | EM7: 0 | EN7: 0 | EO7: 0 | EP7: 0 | EQ7: 0 | ER7: 0 | ES7: 0 | ET7: 0 | EU7: 0 | EV7: 0 | EW7: 0 | EX7: 0 | EY7: 0 | EZ7: 0 | FA7: 0 | FB7: 0 | FC7: 0 | FD7: 0 | FE7: 0 | FF7: 0 | FG7: 0 | FH7: 0 | FI7: 0 | FJ7: 0 | FK7: 0 | FL7: 0 | FM7: 0 | FN7: 0 | FO7: 0 | FP7: 0 | FQ7: 0 | FR7: 0 | FS7: 0 | FT7: 0 | FU7: 0
A8: AWP | B8: StatTrak Hyper Beast FT | C8: AWP | D8: Falchion | E8: 74.08 | F8: 71.31 | G8: 71.88 | H8: 71.23 | I8: 70.58 | J8: 65.36 | K8: 73.31 | L8: 73.31 | M8: 72.87 | N8: 84.58 | O8: 84.44 | P8: 75.84 | Q8: 76.16 | R8: 69.57 | S8: 74.78 | T8: 75.67 | U8: 83.34 | V8: 78.56 | W8: 78.23 | X8: 78.48 | Y8: 76.79 | Z8: 0 | AA8: 0 | AB8: 0 | AC8: 0 | AD8: 0 | AE8: 0 | AF8: 0 | AG8: 0 | AH8: 0 | AI8: 0 | AJ8: 0 | AK8: 0 | AL8: 0 | AM8: 0 | AN8: 0 | AO8: 0 | AP8: 0 | AQ8: 0 | AR8: 0 | AS8: 0 | AT8: 0 | AU8: 0 | AV8: 0 | AW8: 0 | AX8: 0 | AY8: 0 | AZ8: 0 | BA8: 0 | BB8: 0 | BC8: 0 | BD8: 0 | BE8: 0 | BF8: 0 | BG8: 0 | BH8: 0 | BI8: 0 | BJ8: 0 | BK8: 0 | BL8: 0 | BM8: 0 | BN8: 0 | BO8: 0 | BP8: 0 | BQ8: 0 | BR8: 0 | BS8: 0 | BT8: 0 | BU8: 0 | BV8: 0 | BW8: 0 | BX8: 0 | BY8: 0 | BZ8: 0 | CA8: 0 | CB8: 0 | CC8: 0 | CD8: 0 | CE8: 0 | CF8: 0 | CG8: 0 | CH8: 0 | CI8: 0 | CJ8: 0 | CK8: 0 | CL8: 0 | CM8: 0 | CN8: 0 | CO8: 0 | CP8: 0 | CQ8: 0 | CR8: 0 | CS8: 0 | CT8: 0 | CU8: 0 | CV8: 0 | CW8: 0 | CX8: 0 | CY8: 0 | CZ8: 0 | DA8: 0 | DB8: 0 | DC8: 0 | DD8: 0 | DE8: 0 | DF8: 0 | DG8: 0 | DH8: 0 | DI8: 0 | DJ8: 0 | DK8: 0 | DL8: 0 | DM8: 0 | DN8: 0 | DO8: 0 | DP8: 0 | DQ8: 0 | DR8: 0 | DS8: 0 | DT8: 0 | DU8: 0 | DV8: 0 | DW8: 0 | DX8: 0 | DY8: 0 | DZ8: 0 | EA8: 0 | EB8: 0 | EC8: 0 | ED8: 0 | EE8: 0 | EF8: 0 | EG8: 0 | EH8: 0 | EI8: 0 | EJ8: 0 | EK8: 0 | EL8: 0 | EM8: 0 | EN8: 0 | EO8: 0 | EP8: 0 | EQ8: 0 | ER8: 0 | ES8: 0 | ET8: 0 | EU8: 0 | EV8: 0 | EW8: 0 | EX8: 0 | EY8: 0 | EZ8: 0 | FA8: 0 | FB8: 0 | FC8: 0 | FD8: 0 | FE8: 0 | FF8: 0 | FG8: 0 | FH8: 0 | FI8: 0 | FJ8: 0 | FK8: 0 | FL8: 0 | FM8: 0 | FN8: 0 | FO8: 0 | FP8: 0 | FQ8: 0 | FR8: 0 | FS8: 0 | FT8: 0 | FU8: 0
A9: AWP | B9: Elite Build FT | C9: AWP | D9: Wildfire | E9: 6.81 | F9: 7.26 | G9: 7.22 | H9: 6.73 | I9: 6.71 | J9: 6.73 | K9: 6.97 | L9: 7.34 | M9: 7.18 | N9: 6.93 | O9: 6.5 | P9: 6.4 | Q9: 7.28 | R9: 7.32 | S9: 7.71 | T9: 7.27 | U9: 7.36 | V9: 7.14 | W9: 7.32 | X9: 7.2 | Y9: 7.6 | Z9: 0 | AA9: 0 | AB9: 0 | AC9: 0 | AD9: 0 | AE9: 0 | AF9: 0 | AG9: 0 | AH9: 0 | AI9: 0 | AJ9: 0 | AK9: 0 | AL9: 0 | AM9: 0 | AN9: 0 | AO9: 0 | AP9: 0 | AQ9: 0 | AR9: 0 | AS9: 0 | AT9: 0 | AU9: 0 | AV9: 0 | AW9: 0 | AX9: 0 | AY9: 0 | AZ9: 0 | BA9: 0 | BB9: 0 | BC9: 0 | BD9: 0 | BE9: 0 | BF9: 0 | BG9: 0 | BH9: 0 | BI9: 0 | BJ9: 0 | BK9: 0 | BL9: 0 | BM9: 0 | BN9: 0 | BO9: 0 | BP9: 0 | BQ9: 0 | BR9: 0 | BS9: 0 | BT9: 0 | BU9: 0 | BV9: 0 | BW9: 0 | BX9: 0 | BY9: 0 | BZ9: 0 | CA9: 0 | CB9: 0 | CC9: 0 | CD9: 0 | CE9: 0 | CF9: 0 | CG9: 0 | CH9: 0 | CI9: 0 | CJ9: 0 | CK9: 0 | CL9: 0 | CM9: 0 | CN9: 0 | CO9: 0 | CP9: 0 | CQ9: 0 | CR9: 0 | CS9: 0 | CT9: 0 | CU9: 0 | CV9: 0 | CW9: 0 | CX9: 0 | CY9: 0 | CZ9: 0 | DA9: 0 | DB9: 0 | DC9: 0 | DD9: 0 | DE9: 0 | DF9: 0 | DG9: 0 | DH9: 0 | DI9: 0 | DJ9: 0 | DK9: 0 | DL9: 0 | DM9: 0 | DN9: 0 | DO9: 0 | DP9: 0 | DQ9: 0 | DR9: 0 | DS9: 0 | DT9: 0 | DU9: 0 | DV9: 0 | DW9: 0 | DX9: 0 | DY9: 0 | DZ9: 0 | EA9: 0 | EB9: 0 | EC9: 0 | ED9: 0 | EE9: 0 | EF9: 0 | EG9: 0 | EH9: 0 | EI9: 0 | EJ9: 0 | EK9: 0 | EL9: 0 | EM9: 0 | EN9: 0 | EO9: 0 | EP9: 0 | EQ9: 0 | ER9: 0 | ES9: 0 | ET9: 0 | EU9: 0 | EV9: 0 | EW9: 0 | EX9: 0 | EY9: 0 | EZ9: 0 | FA9: 0 | FB9: 0 | FC9: 0 | FD9: 0 | FE9: 0 | FF9: 0 | FG9: 0 | FH9: 0 | FI9: 0 | FJ9: 0 | FK9: 0 | FL9: 0 | FM9: 0 | FN9: 0 | FO9: 0 | FP9: 0 | FQ9: 0 | FR9: 0 | FS9: 0 | FT9: 0 | FU9: 0
A10: AWP | B10: Fever Dream MW | C10: AWP | D10: Spectrum | E10: 7.47 | F10: 7.52 | G10: 7.36 | H10: 7.24 | I10: 7.42 | J10: 7.21 | K10: 7.03 | L10: 7.44 | M10: 7.33 | N10: 6.98 | O10: 6.95 | P10: 6.92 | Q10: 7.05 | R10: 6.62 | S10: 6.71 | T10: 7.14 | U10: 6.86 | V10: 7.3 | W10: 7.04 | X10: 6.9 | Y10: 7.02 | Z10: 0 | AA10: 0 | AB10: 0 | AC10: 0 | AD10: 0 | AE10: 0 | AF10: 0 | AG10: 0 | AH10: 0 | AI10: 0 | AJ10: 0 | AK10: 0 | AL10: 0 | AM10: 0 | AN10: 0 | AO10: 0 | AP10: 0 | AQ10: 0 | AR10: 0 | AS10: 0 | AT10: 0 | AU10: 0 | AV10: 0 | AW10: 0 | AX10: 0 | AY10: 0 | AZ10: 0 | BA10: 0 | BB10: 0 | BC10: 0 | BD10: 0 | BE10: 0 | BF10: 0 | BG10: 0 | BH10: 0 | BI10: 0 | BJ10: 0 | BK10: 0 | BL10: 0 | BM10: 0 | BN10: 0 | BO10: 0 | BP10: 0 | BQ10: 0 | BR10: 0 | BS10: 0 | BT10: 0 | BU10: 0 | BV10: 0 | BW10: 0 | BX10: 0 | BY10: 0 | BZ10: 0 | CA10: 0 | CB10: 0 | CC10: 0 | CD10: 0 | CE10: 0 | CF10: 0 | CG10: 0 | CH10: 0 | CI10: 0 | CJ10: 0 | CK10: 0 | CL10: 0 | CM10: 0 | CN10: 0 | CO10: 0 | CP10: 0 | CQ10: 0 | CR10: 0 | CS10: 0 | CT10: 0 | CU10: 0 | CV10: 0 | CW10: 0 | CX10: 0 | CY10: 0 | CZ10: 0 | DA10: 0 | DB10: 0 | DC10: 0 | DD10: 0 | DE10: 0 | DF10: 0 | DG10: 0 | DH10: 0 | DI10: 0 | DJ10: 0 | DK10: 0 | DL10: 0 | DM10: 0 | DN10: 0 | DO10: 0 | DP10: 0 | DQ10: 0 | DR10: 0 | DS10: 0 | DT10: 0 | DU10: 0 | DV10: 0 | DW10: 0 | DX10: 0 | DY10: 0 | DZ10: 0 | EA10: 0 | EB10: 0 | EC10: 0 | ED10: 0 | EE10: 0 | EF10: 0 | EG10: 0 | EH10: 0 | EI10: 0 | EJ10: 0 | EK10: 0 | EL10: 0 | EM10: 0 | EN10: 0 | EO10: 0 | EP10: 0 | EQ10: 0 | ER10: 0 | ES10: 0 | ET10: 0 | EU10: 0 | EV10: 0 | EW10: 0 | EX10: 0 | EY10: 0 | EZ10: 0 | FA10: 0 | FB10: 0 | FC10: 0 | FD10: 0 | FE10: 0 | FF10: 0 | FG10: 0 | FH10: 0 | FI10: 0 | FJ10: 0 | FK10: 0 | FL10: 0 | FM10: 0 | FN10: 0 | FO10: 0 | FP10: 0 | FQ10: 0 | FR10: 0 | FS10: 0 | FT10: 0 | FU10: 0
D13: Total | E13: =SUM(E4:E10) -> 195.47 | F13: =SUM(F4:F10) -> 190.54 | G13: =SUM(G4:G10) -> 199.99 | H13: =SUM(H4:H10) -> 193.31 | I13: =SUM(I4:I10) -> 193.19 | J13: =SUM(J4:J10) -> 185.44 | K13: =SUM(K4:K10) -> 198.11 | L13: =SUM(L4:L10) -> 199.2 | ... FU13: =SUM(FU4:FU10) -> 0
A18: =A3 -> Weapon | B18: =B3 -> Skin | C18: =C3 -> Type | D18: =D3 -> Collection | E18: =E3 -> 44331 | F18: =F3 -> 44332 | G18: =G3 -> 44334 | H18: =H3 -> 44336 | ... FU18: =FU3 -> 44505
A19: =A4 -> AWP | B19: =B4 -> Atheris MW | C19: =C4 -> AWP | D19: =D4 -> Prisma | E19: =E4-ROUNDUP(E4*0.3,2) -> 3.01 | F19: =F4-ROUNDUP(F4*0.3,2) -> 3.17 | G19: =G4-ROUNDUP(G4*0.3,2) -> 3.05 | H19: =H4-ROUNDUP(H4*0.3,2) -> 3.08 | I19: =I4-ROUNDUP(I4*0.3,2) -> 2.91 | J19: =J4-ROUNDUP(J4*0.3,2) -> 3.08 | K19: =K4-ROUNDUP(K4*0.3,2) -> 3.31 | L19: =L4-ROUNDUP(L4*0.3,2) -> 3.28 | ... FU19: =FU4-ROUNDUP(FU4*0.3,2) -> 0
A20: =A5 -> AWP | B20: =B5 -> Neo-Noir FN | C20: =C5 -> AWP | D20: =D5 -> Danger Zone | E20: =E5-ROUNDUP(E5*0.3,2) -> 32.9 | F20: =F5-ROUNDUP(F5*0.3,2) -> 32.15 | G20: =G5-ROUNDUP(G5*0.3,2) -> 31.17 | H20: =H5-ROUNDUP(H5*0.3,2) -> 31.85 | I20: =I5-ROUNDUP(I5*0.3,2) -> 32.23 | J20: =J5-ROUNDUP(J5*0.3,2) -> 32.25 | K20: =K5-ROUNDUP(K5*0.3,2) -> 32.59 | L20: =L5-ROUNDUP(L5*0.3,2) -> 33.38 | ... FU20: =FU5-ROUNDUP(FU5*0.3,2) -> 0
A21: =A6 -> AWP | B21: =B6 -> Boom MW | C21: =C6 -> AWP | D21: =D6 -> eSports 2013 | E21: =E6-ROUNDUP(E6*0.3,2) -> 36.79 | F21: =F6-ROUNDUP(F6*0.3,2) -> 35.58 | G21: =G6-ROUNDUP(G6*0.3,2) -> 42.78 | H21: =H6-ROUNDUP(H6*0.3,2) -> 38.44 | I21: =I6-ROUNDUP(I6*0.3,2) -> 38.49 | J21: =J6-ROUNDUP(J6*0.3,2) -> 36.57 | K21: =K6-ROUNDUP(K6*0.3,2) -> 39.22 | L21: =L6-ROUNDUP(L6*0.3,2) -> 38.89 | ... FU21: =FU6-ROUNDUP(FU6*0.3,2) -> 0
A22: =A7 -> AWP | B22: =B7 -> Mortis MW | C22: =C7 -> AWP | D22: =D7 -> Clutch | E22: =E7-ROUNDUP(E7*0.3,2) -> 2.26 | F22: =F7-ROUNDUP(F7*0.3,2) -> 2.19 | G22: =G7-ROUNDUP(G7*0.3,2) -> 2.45 | H22: =H7-ROUNDUP(H7*0.3,2) -> 2.28 | I22: =I7-ROUNDUP(I7*0.3,2) -> 2.29 | J22: =J7-ROUNDUP(J7*0.3,2) -> 2.38 | K22: =K7-ROUNDUP(K7*0.3,2) -> 2.42 | L22: =L7-ROUNDUP(L7*0.3,2) -> 2.21 | ... FU22: =FU7-ROUNDUP(FU7*0.3,2) -> 0
A23: =A8 -> AWP | B23: =B8 -> StatTrak Hyper Beast FT | C23: =C8 -> AWP | D23: =D8 -> Falchion | E23: =E8-ROUNDUP(E8*0.3,2) -> 51.85 | F23: =F8-ROUNDUP(F8*0.3,2) -> 49.91 | G23: =G8-ROUNDUP(G8*0.3,2) -> 50.31 | H23: =H8-ROUNDUP(H8*0.3,2) -> 49.86 | I23: =I8-ROUNDUP(I8*0.3,2) -> 49.4 | J23: =J8-ROUNDUP(J8*0.3,2) -> 45.75 | K23: =K8-ROUNDUP(K8*0.3,2) -> 51.31 | L23: =L8-ROUNDUP(L8*0.3,2) -> 51.31 | ... FU23: =FU8-ROUNDUP(FU8*0.3,2) -> 0
A24: =A9 -> AWP | B24: =B9 -> Elite Build FT | C24: =C9 -> AWP | D24: =D9 -> Wildfire | E24: =E9-ROUNDUP(E9*0.3,2) -> 4.76 | F24: =F9-ROUNDUP(F9*0.3,2) -> 5.08 | G24: =G9-ROUNDUP(G9*0.3,2) -> 5.05 | H24: =H9-ROUNDUP(H9*0.3,2) -> 4.71 | I24: =I9-ROUNDUP(I9*0.3,2) -> 4.69 | J24: =J9-ROUNDUP(J9*0.3,2) -> 4.71 | K24: =K9-ROUNDUP(K9*0.3,2) -> 4.87 | L24: =L9-ROUNDUP(L9*0.3,2) -> 5.13 | ... FU24: =FU9-ROUNDUP(FU9*0.3,2) -> 0
A25: =A10 -> AWP | B25: =B10 -> Fever Dream MW | C25: =C10 -> AWP | D25: =D10 -> Spectrum | E25: =E10-ROUNDUP(E10*0.3,2) -> 5.22 | F25: =F10-ROUNDUP(F10*0.3,2) -> 5.26 | G25: =G10-ROUNDUP(G10*0.3,2) -> 5.15 | H25: =H10-ROUNDUP(H10*0.3,2) -> 5.06 | I25: =I10-ROUNDUP(I10*0.3,2) -> 5.19 | J25: =J10-ROUNDUP(J10*0.3,2) -> 5.04 | K25: =K10-ROUNDUP(K10*0.3,2) -> 4.92 | L25: =L10-ROUNDUP(L10*0.3,2) -> 5.2 | ... FU25: =FU10-ROUNDUP(FU10*0.3,2) -> 0
D28: Total | E28: =SUM(E19:E25) -> 136.79 | F28: =SUM(F19:F25) -> 133.34 | G28: =SUM(G19:G25) -> 139.96 | H28: =SUM(H19:H25) -> 135.28 | I28: =SUM(I19:I25) -> 135.2 | J28: =SUM(J19:J25) -> 129.78 | K28: =SUM(K19:K25) -> 138.64 | L28: =SUM(L19:L25) -> 139.4 | ... FU28: =SUM(FU19:FU25) -> 0

Sheet AK-47
B1: AK-47
A3: Weapon | B3: Skin | C3: Type | D3: Collection | E3: =Inventory!E1 -> 44331 | F3: =Inventory!F1 -> 44332 | G3: =Inventory!G1 -> 44334 | H3: =Inventory!H1 -> 44336 | I3: =Inventory!I1 -> 44337 | J3: =Inventory!J1 -> 44338 | K3: =Inventory!K1 -> 44339 | L3: =Inventory!L1 -> 44340 | ... FU3: =Inventory!FU1 -> 44505
A4: {=_xlfn._xlws.FILTER(Inventory!$A$2:$FU$103, (Inventory!C2:C103="AK-47"))} -> AK-47 | B4: Aquamarine Revenge MW | C4: AK-47 | D4: Falchion | E4: 47.51 | F4: 47.17 | G4: 49.37 | H4: 48.37 | I4: 46.08 | J4: 44.96 | K4: 46.07 | L4: 45.89 | M4: 44.94 | N4: 45.49 | O4: 46.09 | P4: 45.74 | Q4: 45.73 | R4: 44.74 | S4: 44.91 | T4: 46.13 | U4: 46.46 | V4: 45.58 | W4: 45.39 | X4: 43.55 | Y4: 46.01 | Z4: 0 | AA4: 0 | AB4: 0 | AC4: 0 | AD4: 0 | AE4: 0 | AF4: 0 | AG4: 0 | AH4: 0 | AI4: 0 | AJ4: 0 | AK4: 0 | AL4: 0 | AM4: 0 | AN4: 0 | AO4: 0 | AP4: 0 | AQ4: 0 | AR4: 0 | AS4: 0 | AT4: 0 | AU4: 0 | AV4: 0 | AW4: 0 | AX4: 0 | AY4: 0 | AZ4: 0 | BA4: 0 | BB4: 0 | BC4: 0 | BD4: 0 | BE4: 0 | BF4: 0 | BG4: 0 | BH4: 0 | BI4: 0 | BJ4: 0 | BK4: 0 | BL4: 0 | BM4: 0 | BN4: 0 | BO4: 0 | BP4: 0 | BQ4: 0 | BR4: 0 | BS4: 0 | BT4: 0 | BU4: 0 | BV4: 0 | BW4: 0 | BX4: 0 | BY4: 0 | BZ4: 0 | CA4: 0 | CB4: 0 | CC4: 0 | CD4: 0 | CE4: 0 | CF4: 0 | CG4: 0 | CH4: 0 | CI4: 0 | CJ4: 0 | CK4: 0 | CL4: 0 | CM4: 0 | CN4: 0 | CO4: 0 | CP4: 0 | CQ4: 0 | CR4: 0 | CS4: 0 | CT4: 0 | CU4: 0 | CV4: 0 | CW4: 0 | CX4: 0 | CY4: 0 | CZ4: 0 | DA4: 0 | DB4: 0 | DC4: 0 | DD4: 0 | DE4: 0 | DF4: 0 | DG4: 0 | DH4: 0 | DI4: 0 | DJ4: 0 | DK4: 0 | DL4: 0 | DM4: 0 | DN4: 0 | DO4: 0 | DP4: 0 | DQ4: 0 | DR4: 0 | DS4: 0 | DT4: 0 | DU4: 0 | DV4: 0 | DW4: 0 | DX4: 0 | DY4: 0 | DZ4: 0 | EA4: 0 | EB4: 0 | EC4: 0 | ED4: 0 | EE4: 0 | EF4: 0 | EG4: 0 | EH4: 0 | EI4: 0 | EJ4: 0 | EK4: 0 | EL4: 0 | EM4: 0 | EN4: 0 | EO4: 0 | EP4: 0 | EQ4: 0 | ER4: 0 | ES4: 0 | ET4: 0 | EU4: 0 | EV4: 0 | EW4: 0 | EX4: 0 | EY4: 0 | EZ4: 0 | FA4: 0 | FB4: 0 | FC4: 0 | FD4: 0 | FE4: 0 | FF4: 0 | FG4: 0 | FH4: 0 | FI4: 0 | FJ4: 0 | FK4: 0 | FL4: 0 | FM4: 0 | FN4: 0 | FO4: 0 | FP4: 0 | FQ4: 0 | FR4: 0 | FS4: 0 | FT4: 0 | FU4: 0
A5: AK-47 | B5: Frontside Misty MW | C5: AK-47 | D5: Shadow | E5: 26.57 | F5: 27.42 | G5: 27.83 | H5: 27.26 | I5: 25.67 | J5: 25.26 | K5: 25.26 | L5: 25.88 | M5: 26.82 | N5: 25.54 | O5: 24.7 | P5: 25.46 | Q5: 25.22 | R5: 25.89 | S5: 25.22 | T5: 27.19 | U5: 26.35 | V5: 26 | W5: 25.71 | X5: 26.46 | Y5: 26.13 | Z5: 0 | AA5: 0 | AB5: 0 | AC5: 0 | AD5: 0 | AE5: 0 | AF5: 0 | AG5: 0 | AH5: 0 | AI5: 0 | AJ5: 0 | AK5: 0 | AL5: 0 | AM5: 0 | AN5: 0 | AO5: 0 | AP5: 0 | AQ5: 0 | AR5: 0 | AS5: 0 | AT5: 0 | AU5: 0 | AV5: 0 | AW5: 0 | AX5: 0 | AY5: 0 | AZ5: 0 | BA5: 0 | BB5: 0 | BC5: 0 | BD5: 0 | BE5: 0 | BF5: 0 | BG5: 0 | BH5: 0 | BI5: 0 | BJ5: 0 | BK5: 0 | BL5: 0 | BM5: 0 | BN5: 0 | BO5: 0 | BP5: 0 | BQ5: 0 | BR5: 0 | BS5: 0 | BT5: 0 | BU5: 0 | BV5: 0 | BW5: 0 | BX5: 0 | BY5: 0 | BZ5: 0 | CA5: 0 | CB5: 0 | CC5: 0 | CD5: 0 | CE5: 0 | CF5: 0 | CG5: 0 | CH5: 0 | CI5: 0 | CJ5: 0 | CK5: 0 | CL5: 0 | CM5: 0 | CN5: 0 | CO5: 0 | CP5: 0 | CQ5: 0 | CR5: 0 | CS5: 0 | CT5: 0 | CU5: 0 | CV5: 0 | CW5: 0 | CX5: 0 | CY5: 0 | CZ5: 0 | DA5: 0 | DB5: 0 | DC5: 0 | DD5: 0 | DE5: 0 | DF5: 0 | DG5: 0 | DH5: 0 | DI5: 0 | DJ5: 0 | DK5: 0 | DL5: 0 | DM5: 0 | DN5: 0 | DO5: 0 | DP5: 0 | DQ5: 0 | DR5: 0 | DS5: 0 | DT5: 0 | DU5: 0 | DV5: 0 | DW5: 0 | DX5: 0 | DY5: 0 | DZ5: 0 | EA5: 0 | EB5: 0 | EC5: 0 | ED5: 0 | EE5: 0 | EF5: 0 | EG5: 0 | EH5: 0 | EI5: 0 | EJ5: 0 | EK5: 0 | EL5: 0 | EM5: 0 | EN5: 0 | EO5: 0 | EP5: 0 | EQ5: 0 | ER5: 0 | ES5: 0 | ET5: 0 | EU5: 0 | EV5: 0 | EW5: 0 | EX5: 0 | EY5: 0 | EZ5: 0 | FA5: 0 | FB5: 0 | FC5: 0 | FD5: 0 | FE5: 0 | FF5: 0 | FG5: 0 | FH5: 0 | FI5: 0 | FJ5: 0 | FK5: 0 | FL5: 0 | FM5: 0 | FN5: 0 | FO5: 0 | FP5: 0 | FQ5: 0 | FR5: 0 | FS5: 0 | FT5: 0 | FU5: 0
A6: AK-47 | B6: StatTrak Point Disarray FT | C6: AK-47 | D6: Revolver | E6: 37.77 | F6: 40.4 | G6: 39.34 | H6: 38.5 | I6: 40.05 | J6: 39.93 | K6: 38.41 | L6: 38.11 | M6: 37.81 | N6: 37.83 | O6: 39.6 | P6: 39.72 | Q6: 39.45 | R6: 35.37 | S6: 38.56 | T6: 37.05 | U6: 38.83 | V6: 39.65 | W6: 35.33 | X6: 34.11 | Y6: 35.04 | Z6: 0 | AA6: 0 | AB6: 0 | AC6: 0 | AD6: 0 | AE6: 0 | AF6: 0 | AG6: 0 | AH6: 0 | AI6: 0 | AJ6: 0 | AK6: 0 | AL6: 0 | AM6: 0 | AN6: 0 | AO6: 0 | AP6: 0 | AQ6: 0 | AR6: 0 | AS6: 0 | AT6: 0 | AU6: 0 | AV6: 0 | AW6: 0 | AX6: 0 | AY6: 0 | AZ6: 0 | BA6: 0 | BB6: 0 | BC6: 0 | BD6: 0 | BE6: 0 | BF6: 0 | BG6: 0 | BH6: 0 | BI6: 0 | BJ6: 0 | BK6: 0 | BL6: 0 | BM6: 0 | BN6: 0 | BO6: 0 | BP6: 0 | BQ6: 0 | BR6: 0 | BS6: 0 | BT6: 0 | BU6: 0 | BV6: 0 | BW6: 0 | BX6: 0 | BY6: 0 | BZ6: 0 | CA6: 0 | CB6: 0 | CC6: 0 | CD6: 0 | CE6: 0 | CF6: 0 | CG6: 0 | CH6: 0 | CI6: 0 | CJ6: 0 | CK6: 0 | CL6: 0 | CM6: 0 | CN6: 0 | CO6: 0 | CP6: 0 | CQ6: 0 | CR6: 0 | CS6: 0 | CT6: 0 | CU6: 0 | CV6: 0 | CW6: 0 | CX6: 0 | CY6: 0 | CZ6: 0 | DA6: 0 | DB6: 0 | DC6: 0 | DD6: 0 | DE6: 0 | DF6: 0 | DG6: 0 | DH6: 0 | DI6: 0 | DJ6: 0 | DK6: 0 | DL6: 0 | DM6: 0 | DN6: 0 | DO6: 0 | DP6: 0 | DQ6: 0 | DR6: 0 | DS6: 0 | DT6: 0 | DU6: 0 | DV6: 0 | DW6: 0 | DX6: 0 | DY6: 0 | DZ6: 0 | EA6: 0 | EB6: 0 | EC6: 0 | ED6: 0 | EE6: 0 | EF6: 0 | EG6: 0 | EH6: 0 | EI6: 0 | EJ6: 0 | EK6: 0 | EL6: 0 | EM6: 0 | EN6: 0 | EO6: 0 | EP6: 0 | EQ6: 0 | ER6: 0 | ES6: 0 | ET6: 0 | EU6: 0 | EV6: 0 | EW6: 0 | EX6: 0 | EY6: 0 | EZ6: 0 | FA6: 0 | FB6: 0 | FC6: 0 | FD6: 0 | FE6: 0 | FF6: 0 | FG6: 0 | FH6: 0 | FI6: 0 | FJ6: 0 | FK6: 0 | FL6: 0 | FM6: 0 | FN6: 0 | FO6: 0 | FP6: 0 | FQ6: 0 | FR6: 0 | FS6: 0 | FT6: 0 | FU6: 0
A7: AK-47 | B7: Bloodsport MW | C7: AK-47 | D7: Spectrum | E7: 62.15 | F7: 61.77 | G7: 62.83 | H7: 62.69 | I7: 59.41 | J7: 62.97 | K7: 61.22 | L7: 59.28 | M7: 60 | N7: 61.12 | O7: 60.26 | P7: 60.03 | Q7: 60.1 | R7: 61.83 | S7: 63.61 | T7: 59.98 | U7: 60.1 | V7: 61.21 | W7: 60.3 | X7: 60 | Y7: 61.55 | Z7: 0 | AA7: 0 | AB7: 0 | AC7: 0 | AD7: 0 | AE7: 0 | AF7: 0 | AG7: 0 | AH7: 0 | AI7: 0 | AJ7: 0 | AK7: 0 | AL7: 0 | AM7: 0 | AN7: 0 | AO7: 0 | AP7: 0 | AQ7: 0 | AR7: 0 | AS7: 0 | AT7: 0 | AU7: 0 | AV7: 0 | AW7: 0 | AX7: 0 | AY7: 0 | AZ7: 0 | BA7: 0 | BB7: 0 | BC7: 0 | BD7: 0 | BE7: 0 | BF7: 0 | BG7: 0 | BH7: 0 | BI7: 0 | BJ7: 0 | BK7: 0 | BL7: 0 | BM7: 0 | BN7: 0 | BO7: 0 | BP7: 0 | BQ7: 0 | BR7: 0 | BS7: 0 | BT7: 0 | BU7: 0 | BV7: 0 | BW7: 0 | BX7: 0 | BY7: 0 | BZ7: 0 | CA7: 0 | CB7: 0 | CC7: 0 | CD7: 0 | CE7: 0 | CF7: 0 | CG7: 0 | CH7: 0 | CI7: 0 | CJ7: 0 | CK7: 0 | CL7: 0 | CM7: 0 | CN7: 0 | CO7: 0 | CP7: 0 | CQ7: 0 | CR7: 0 | CS7: 0 | CT7: 0 | CU7: 0 | CV7: 0 | CW7: 0 | CX7: 0 | CY7: 0 | CZ7: 0 | DA7: 0 | DB7: 0 | DC7: 0 | DD7: 0 | DE7: 0 | DF7: 0 | DG7: 0 | DH7: 0 | DI7: 0 | DJ7: 0 | DK7: 0 | DL7: 0 | DM7: 0 | DN7: 0 | DO7: 0 | DP7: 0 | DQ7: 0 | DR7: 0 | DS7: 0 | DT7: 0 | DU7: 0 | DV7: 0 | DW7: 0 | DX7: 0 | DY7: 0 | DZ7: 0 | EA7: 0 | EB7: 0 | EC7: 0 | ED7: 0 | EE7: 0 | EF7: 0 | EG7: 0 | EH7: 0 | EI7: 0 | EJ7: 0 | EK7: 0 | EL7: 0 | EM7: 0 | EN7: 0 | EO7: 0 | EP7: 0 | EQ7: 0 | ER7: 0 | ES7: 0 | ET7: 0 | EU7: 0 | EV7: 0 | EW7: 0 | EX7: 0 | EY7: 0 | EZ7: 0 | FA7: 0 | FB7: 0 | FC7: 0 | FD7: 0 | FE7: 0 | FF7: 0 | FG7: 0 | FH7: 0 | FI7: 0 | FJ7: 0 | FK7: 0 | FL7: 0 | FM7: 0 | FN7: 0 | FO7: 0 | FP7: 0 | FQ7: 0 | FR7: 0 | FS7: 0 | FT7: 0 | FU7: 0
A8: AK-47 | B8: Vulcan MW | C8: AK-47 | D8: Huntsman | E8: 192.99 | F8: 203.36 | G8: 210.82 | H8: 201.42 | I8: 212.4 | J8: 197.46 | K8: 200.73 | L8: 207.88 | M8: 194.84 | N8: 215.86 | O8: 215.62 | P8: 213.15 | Q8: 195.27 | R8: 206.84 | S8: 206.2 | T8: 217.85 | U8: 214.41 | V8: 219.34 | W8: 226.95 | X8: 265.85 | Y8: 250.41 | Z8: 0 | AA8: 0 | AB8: 0 | AC8: 0 | AD8: 0 | AE8: 0 | AF8: 0 | AG8: 0 | AH8: 0 | AI8: 0 | AJ8: 0 | AK8: 0 | AL8: 0 | AM8: 0 | AN8: 0 | AO8: 0 | AP8: 0 | AQ8: 0 | AR8: 0 | AS8: 0 | AT8: 0 | AU8: 0 | AV8: 0 | AW8: 0 | AX8: 0 | AY8: 0 | AZ8: 0 | BA8: 0 | BB8: 0 | BC8: 0 | BD8: 0 | BE8: 0 | BF8: 0 | BG8: 0 | BH8: 0 | BI8: 0 | BJ8: 0 | BK8: 0 | BL8: 0 | BM8: 0 | BN8: 0 | BO8: 0 | BP8: 0 | BQ8: 0 | BR8: 0 | BS8: 0 | BT8: 0 | BU8: 0 | BV8: 0 | BW8: 0 | BX8: 0 | BY8: 0 | BZ8: 0 | CA8: 0 | CB8: 0 | CC8: 0 | CD8: 0 | CE8: 0 | CF8: 0 | CG8: 0 | CH8: 0 | CI8: 0 | CJ8: 0 | CK8: 0 | CL8: 0 | CM8: 0 | CN8: 0 | CO8: 0 | CP8: 0 | CQ8: 0 | CR8: 0 | CS8: 0 | CT8: 0 | CU8: 0 | CV8: 0 | CW8: 0 | CX8: 0 | CY8: 0 | CZ8: 0 | DA8: 0 | DB8: 0 | DC8: 0 | DD8: 0 | DE8: 0 | DF8: 0 | DG8: 0 | DH8: 0 | DI8: 0 | DJ8: 0 | DK8: 0 | DL8: 0 | DM8: 0 | DN8: 0 | DO8: 0 | DP8: 0 | DQ8: 0 | DR8: 0 | DS8: 0 | DT8: 0 | DU8: 0 | DV8: 0 | DW8: 0 | DX8: 0 | DY8: 0 | DZ8: 0 | EA8: 0 | EB8: 0 | EC8: 0 | ED8: 0 | EE8: 0 | EF8: 0 | EG8: 0 | EH8: 0 | EI8: 0 | EJ8: 0 | EK8: 0 | EL8: 0 | EM8: 0 | EN8: 0 | EO8: 0 | EP8: 0 | EQ8: 0 | ER8: 0 | ES8: 0 | ET8: 0 | EU8: 0 | EV8: 0 | EW8: 0 | EX8: 0 | EY8: 0 | EZ8: 0 | FA8: 0 | FB8: 0 | FC8: 0 | FD8: 0 | FE8: 0 | FF8: 0 | FG8: 0 | FH8: 0 | FI8: 0 | FJ8: 0 | FK8: 0 | FL8: 0 | FM8: 0 | FN8: 0 | FO8: 0 | FP8: 0 | FQ8: 0 | FR8: 0 | FS8: 0 | FT8: 0 | FU8: 0
A9: AK-47 | B9: Redline FT | C9: AK-47 | D9: Phoenix | E9: 18.21 | F9: 18.21 | G9: 18.36 | H9: 18.21 | I9: 18.2 | J9: 18.9 | K9: 17.9 | L9: 18.01 | M9: 18.05 | N9: 18.1 | O9: 18.11 | P9: 17.56 | Q9: 18.05 | R9: 17.83 | S9: 17.53 | T9: 17.33 | U9: 17.55 | V9: 17.43 | W9: 17.56 | X9: 17.63 | Y9: 17.88 | Z9: 0 | AA9: 0 | AB9: 0 | AC9: 0 | AD9: 0 | AE9: 0 | AF9: 0 | AG9: 0 | AH9: 0 | AI9: 0 | AJ9: 0 | AK9: 0 | AL9: 0 | AM9: 0 | AN9: 0 | AO9: 0 | AP9: 0 | AQ9: 0 | AR9: 0 | AS9: 0 | AT9: 0 | AU9: 0 | AV9: 0 | AW9: 0 | AX9: 0 | AY9: 0 | AZ9: 0 | BA9: 0 | BB9: 0 | BC9: 0 | BD9: 0 | BE9: 0 | BF9: 0 | BG9: 0 | BH9: 0 | BI9: 0 | BJ9: 0 | BK9: 0 | BL9: 0 | BM9: 0 | BN9: 0 | BO9: 0 | BP9: 0 | BQ9: 0 | BR9: 0 | BS9: 0 | BT9: 0 | BU9: 0 | BV9: 0 | BW9: 0 | BX9: 0 | BY9: 0 | BZ9: 0 | CA9: 0 | CB9: 0 | CC9: 0 | CD9: 0 | CE9: 0 | CF9: 0 | CG9: 0 | CH9: 0 | CI9: 0 | CJ9: 0 | CK9: 0 | CL9: 0 | CM9: 0 | CN9: 0 | CO9: 0 | CP9: 0 | CQ9: 0 | CR9: 0 | CS9: 0 | CT9: 0 | CU9: 0 | CV9: 0 | CW9: 0 | CX9: 0 | CY9: 0 | CZ9: 0 | DA9: 0 | DB9: 0 | DC9: 0 | DD9: 0 | DE9: 0 | DF9: 0 | DG9: 0 | DH9: 0 | DI9: 0 | DJ9: 0 | DK9: 0 | DL9: 0 | DM9: 0 | DN9: 0 | DO9: 0 | DP9: 0 | DQ9: 0 | DR9: 0 | DS9: 0 | DT9: 0 | DU9: 0 | DV9: 0 | DW9: 0 | DX9: 0 | DY9: 0 | DZ9: 0 | EA9: 0 | EB9: 0 | EC9: 0 | ED9: 0 | EE9: 0 | EF9: 0 | EG9: 0 | EH9: 0 | EI9: 0 | EJ9: 0 | EK9: 0 | EL9: 0 | EM9: 0 | EN9: 0 | EO9: 0 | EP9: 0 | EQ9: 0 | ER9: 0 | ES9: 0 | ET9: 0 | EU9: 0 | EV9: 0 | EW9: 0 | EX9: 0 | EY9: 0 | EZ9: 0 | FA9: 0 | FB9: 0 | FC9: 0 | FD9: 0 | FE9: 0 | FF9: 0 | FG9: 0 | FH9: 0 | FI9: 0 | FJ9: 0 | FK9: 0 | FL9: 0 | FM9: 0 | FN9: 0 | FO9: 0 | FP9: 0 | FQ9: 0 | FR9: 0 | FS9: 0 | FT9: 0 | FU9: 0
D12: Total | E12: =SUM(E4:E9) -> 385.2 | F12: =SUM(F4:F9) -> 398.33 | G12: =SUM(G4:G9) -> 408.55 | H12: =SUM(H4:H9) -> 396.45 | I12: =SUM(I4:I9) -> 401.81 | J12: =SUM(J4:J9) -> 389.48 | K12: =SUM(K4:K9) -> 389.59 | L12: =SUM(L4:L9) -> 395.05 | ... FU12: =SUM(FU4:FU9) -> 0
A17: =A3 -> Weapon | B17: =B3 -> Skin | C17: =C3 -> Type | D17: =D3 -> Collection | E17: =E3 -> 44331 | F17: =F3 -> 44332 | G17: =G3 -> 44334 | H17: =H3 -> 44336 | ... FU17: =FU3 -> 44505
A18: =A4 -> AK-47 | B18: =B4 -> Aquamarine Revenge MW | C18: =C4 -> AK-47 | D18: =D4 -> Falchion | E18: =E4-ROUNDUP(E4*0.3,2) -> 33.25 | F18: =F4-ROUNDUP(F4*0.3,2) -> 33.01 | G18: =G4-ROUNDUP(G4*0.3,2) -> 34.55 | H18: =H4-ROUNDUP(H4*0.3,2) -> 33.85 | I18: =I4-ROUNDUP(I4*0.3,2) -> 32.25 | J18: =J4-ROUNDUP(J4*0.3,2) -> 31.47 | K18: =K4-ROUNDUP(K4*0.3,2) -> 32.24 | L18: =L4-ROUNDUP(L4*0.3,2) -> 32.12 | ... FU18: =FU4-ROUNDUP(FU4*0.3,2) -> 0
A19: =A5 -> AK-47 | B19: =B5 -> Frontside Misty MW | C19: =C5 -> AK-47 | D19: =D5 -> Shadow | E19: =E5-ROUNDUP(E5*0.3,2) -> 18.59 | F19: =F5-ROUNDUP(F5*0.3,2) -> 19.19 | G19: =G5-ROUNDUP(G5*0.3,2) -> 19.48 | H19: =H5-ROUNDUP(H5*0.3,2) -> 19.08 | I19: =I5-ROUNDUP(I5*0.3,2) -> 17.96 | J19: =J5-ROUNDUP(J5*0.3,2) -> 17.68 | K19: =K5-ROUNDUP(K5*0.3,2) -> 17.68 | L19: =L5-ROUNDUP(L5*0.3,2) -> 18.11 | ... FU19: =FU5-ROUNDUP(FU5*0.3,2) -> 0
A20: =A6 -> AK-47 | B20: =B6 -> StatTrak Point Disarray FT | C20: =C6 -> AK-47 | D20: =D6 -> Revolver | E20: =E6-ROUNDUP(E6*0.3,2) -> 26.43 | F20: =F6-ROUNDUP(F6*0.3,2) -> 28.28 | G20: =G6-ROUNDUP(G6*0.3,2) -> 27.53 | H20: =H6-ROUNDUP(H6*0.3,2) -> 26.95 | I20: =I6-ROUNDUP(I6*0.3,2) -> 28.03 | J20: =J6-ROUNDUP(J6*0.3,2) -> 27.95 | K20: =K6-ROUNDUP(K6*0.3,2) -> 26.88 | L20: =L6-ROUNDUP(L6*0.3,2) -> 26.67 | ... FU20: =FU6-ROUNDUP(FU6*0.3,2) -> 0
A21: =A7 -> AK-47 | B21: =B7 -> Bloodsport MW | C21: =C7 -> AK-47 | D21: =D7 -> Spectrum | E21: =E7-ROUNDUP(E7*0.3,2) -> 43.5 | F21: =F7-ROUNDUP(F7*0.3,2) -> 43.23 | G21: =G7-ROUNDUP(G7*0.3,2) -> 43.98 | H21: =H7-ROUNDUP(H7*0.3,2) -> 43.88 | I21: =I7-ROUNDUP(I7*0.3,2) -> 41.58 | J21: =J7-ROUNDUP(J7*0.3,2) -> 44.07 | K21: =K7-ROUNDUP(K7*0.3,2) -> 42.85 | L21: =L7-ROUNDUP(L7*0.3,2) -> 41.49 | ... FU21: =FU7-ROUNDUP(FU7*0.3,2) -> 0
A22: =A8 -> AK-47 | B22: =B8 -> Vulcan MW | C22: =C8 -> AK-47 | D22: =D8 -> Huntsman | E22: =E8-ROUNDUP(E8*0.3,2) -> 135.09 | F22: =F8-ROUNDUP(F8*0.3,2) -> 142.35 | G22: =G8-ROUNDUP(G8*0.3,2) -> 147.57 | H22: =H8-ROUNDUP(H8*0.3,2) -> 140.99 | I22: =I8-ROUNDUP(I8*0.3,2) -> 148.68 | J22: =J8-ROUNDUP(J8*0.3,2) -> 138.22 | K22: =K8-ROUNDUP(K8*0.3,2) -> 140.51 | L22: =L8-ROUNDUP(L8*0.3,2) -> 145.51 | ... FU22: =FU8-ROUNDUP(FU8*0.3,2) -> 0
A23: =A9 -> AK-47 | B23: =B9 -> Redline FT | C23: =C9 -> AK-47 | D23: =D9 -> Phoenix | E23: =E9-ROUNDUP(E9*0.3,2) -> 12.74 | F23: =F9-ROUNDUP(F9*0.3,2) -> 12.74 | G23: =G9-ROUNDUP(G9*0.3,2) -> 12.85 | H23: =H9-ROUNDUP(H9*0.3,2) -> 12.74 | I23: =I9-ROUNDUP(I9*0.3,2) -> 12.74 | J23: =J9-ROUNDUP(J9*0.3,2) -> 13.23 | K23: =K9-ROUNDUP(K9*0.3,2) -> 12.53 | L23: =L9-ROUNDUP(L9*0.3,2) -> 12.6 | ... FU23: =FU9-ROUNDUP(FU9*0.3,2) -> 0
D26: Total | E26: =SUM(E18:E23) -> 269.6 | F26: =SUM(F18:F23) -> 278.8 | G26: =SUM(G18:G23) -> 285.96 | H26: =SUM(H18:H23) -> 277.49 | I26: =SUM(I18:I23) -> 281.24 | J26: =SUM(J18:J23) -> 272.62 | K26: =SUM(K18:K23) -> 272.69 | L26: =SUM(L18:L23) -> 276.5 | ... FU26: =SUM(FU18:FU23) -> 0

Sheet M4A4
B1: M4A4
A3: Weapon | B3: Skin | C3: Type | D3: Collection | E3: =Inventory!E1 -> 44331 | F3: =Inventory!F1 -> 44332 | G3: =Inventory!G1 -> 44334 | H3: =Inventory!H1 -> 44336 | I3: =Inventory!I1 -> 44337 | J3: =Inventory!J1 -> 44338 | K3: =Inventory!K1 -> 44339 | L3: =Inventory!L1 -> 44340 | ... FU3: =Inventory!FU1 -> 44505
A4: {=_xlfn._xlws.FILTER(Inventory!$A$2:$FU$103, (Inventory!C2:C103="M4A4"))} -> M4A4 | B4: StatTrak Cyber Security MW | C4: M4A4 | D4: Broken Fang | E4: 33.21 | F4: 31.65 | G4: 29.18 | H4: 31.74 | I4: 29.35 | J4: 30.3 | K4: 30.75 | L4: 28.8 | M4: 30.22 | N4: 28.81 | O4: 28.69 | P4: 27.92 | Q4: 28.87 | R4: 29.99 | S4: 28.9 | T4: 29.12 | U4: 29.62 | V4: 28.55 | W4: 29.16 | X4: 29.07 | Y4: 29.04 | Z4: 0 | AA4: 0 | AB4: 0 | AC4: 0 | AD4: 0 | AE4: 0 | AF4: 0 | AG4: 0 | AH4: 0 | AI4: 0 | AJ4: 0 | AK4: 0 | AL4: 0 | AM4: 0 | AN4: 0 | AO4: 0 | AP4: 0 | AQ4: 0 | AR4: 0 | AS4: 0 | AT4: 0 | AU4: 0 | AV4: 0 | AW4: 0 | AX4: 0 | AY4: 0 | AZ4: 0 | BA4: 0 | BB4: 0 | BC4: 0 | BD4: 0 | BE4: 0 | BF4: 0 | BG4: 0 | BH4: 0 | BI4: 0 | BJ4: 0 | BK4: 0 | BL4: 0 | BM4: 0 | BN4: 0 | BO4: 0 | BP4: 0 | BQ4: 0 | BR4: 0 | BS4: 0 | BT4: 0 | BU4: 0 | BV4: 0 | BW4: 0 | BX4: 0 | BY4: 0 | BZ4: 0 | CA4: 0 | CB4: 0 | CC4: 0 | CD4: 0 | CE4: 0 | CF4: 0 | CG4: 0 | CH4: 0 | CI4: 0 | CJ4: 0 | CK4: 0 | CL4: 0 | CM4: 0 | CN4: 0 | CO4: 0 | CP4: 0 | CQ4: 0 | CR4: 0 | CS4: 0 | CT4: 0 | CU4: 0 | CV4: 0 | CW4: 0 | CX4: 0 | CY4: 0 | CZ4: 0 | DA4: 0 | DB4: 0 | DC4: 0 | DD4: 0 | DE4: 0 | DF4: 0 | DG4: 0 | DH4: 0 | DI4: 0 | DJ4: 0 | DK4: 0 | DL4: 0 | DM4: 0 | DN4: 0 | DO4: 0 | DP4: 0 | DQ4: 0 | DR4: 0 | DS4: 0 | DT4: 0 | DU4: 0 | DV4: 0 | DW4: 0 | DX4: 0 | DY4: 0 | DZ4: 0 | EA4: 0 | EB4: 0 | EC4: 0 | ED4: 0 | EE4: 0 | EF4: 0 | EG4: 0 | EH4: 0 | EI4: 0 | EJ4: 0 | EK4: 0 | EL4: 0 | EM4: 0 | EN4: 0 | EO4: 0 | EP4: 0 | EQ4: 0 | ER4: 0 | ES4: 0 | ET4: 0 | EU4: 0 | EV4: 0 | EW4: 0 | EX4: 0 | EY4: 0 | EZ4: 0 | FA4: 0 | FB4: 0 | FC4: 0 | FD4: 0 | FE4: 0 | FF4: 0 | FG4: 0 | FH4: 0 | FI4: 0 | FJ4: 0 | FK4: 0 | FL4: 0 | FM4: 0 | FN4: 0 | FO4: 0 | FP4: 0 | FQ4: 0 | FR4: 0 | FS4: 0 | FT4: 0 | FU4: 0
A5: M4A4 | B5: The Battlestar FN | C5: M4A4 | D5: Wildfire | E5: 14.52 | F5: 13.27 | G5: 13.26 | H5: 14.11 | I5: 14.06 | J5: 14.27 | K5: 13.84 | L5: 13.34 | M5: 12.49 | N5: 12.85 | O5: 12.48 | P5: 13.5 | Q5: 13.54 | R5: 13.54 | S5: 14.22 | T5: 13.54 | U5: 13.19 | V5: 13.66 | W5: 12.69 | X5: 13.66 | Y5: 13.27 | Z5: 0 | AA5: 0 | AB5: 0 | AC5: 0 | AD5: 0 | AE5: 0 | AF5: 0 | AG5: 0 | AH5: 0 | AI5: 0 | AJ5: 0 | AK5: 0 | AL5: 0 | AM5: 0 | AN5: 0 | AO5: 0 | AP5: 0 | AQ5: 0 | AR5: 0 | AS5: 0 | AT5: 0 | AU5: 0 | AV5: 0 | AW5: 0 | AX5: 0 | AY5: 0 | AZ5: 0 | BA5: 0 | BB5: 0 | BC5: 0 | BD5: 0 | BE5: 0 | BF5: 0 | BG5: 0 | BH5: 0 | BI5: 0 | BJ5: 0 | BK5: 0 | BL5: 0 | BM5: 0 | BN5: 0 | BO5: 0 | BP5: 0 | BQ5: 0 | BR5: 0 | BS5: 0 | BT5: 0 | BU5: 0 | BV5: 0 | BW5: 0 | BX5: 0 | BY5: 0 | BZ5: 0 | CA5: 0 | CB5: 0 | CC5: 0 | CD5: 0 | CE5: 0 | CF5: 0 | CG5: 0 | CH5: 0 | CI5: 0 | CJ5: 0 | CK5: 0 | CL5: 0 | CM5: 0 | CN5: 0 | CO5: 0 | CP5: 0 | CQ5: 0 | CR5: 0 | CS5: 0 | CT5: 0 | CU5: 0 | CV5: 0 | CW5: 0 | CX5: 0 | CY5: 0 | CZ5: 0 | DA5: 0 | DB5: 0 | DC5: 0 | DD5: 0 | DE5: 0 | DF5: 0 | DG5: 0 | DH5: 0 | DI5: 0 | DJ5: 0 | DK5: 0 | DL5: 0 | DM5: 0 | DN5: 0 | DO5: 0 | DP5: 0 | DQ5: 0 | DR5: 0 | DS5: 0 | DT5: 0 | DU5: 0 | DV5: 0 | DW5: 0 | DX5: 0 | DY5: 0 | DZ5: 0 | EA5: 0 | EB5: 0 | EC5: 0 | ED5: 0 | EE5: 0 | EF5: 0 | EG5: 0 | EH5: 0 | EI5: 0 | EJ5: 0 | EK5: 0 | EL5: 0 | EM5: 0 | EN5: 0 | EO5: 0 | EP5: 0 | EQ5: 0 | ER5: 0 | ES5: 0 | ET5: 0 | EU5: 0 | EV5: 0 | EW5: 0 | EX5: 0 | EY5: 0 | EZ5: 0 | FA5: 0 | FB5: 0 | FC5: 0 | FD5: 0 | FE5: 0 | FF5: 0 | FG5: 0 | FH5: 0 | FI5: 0 | FJ5: 0 | FK5: 0 | FL5: 0 | FM5: 0 | FN5: 0 | FO5: 0 | FP5: 0 | FQ5: 0 | FR5: 0 | FS5: 0 | FT5: 0 | FU5: 0
A6: M4A4 | B6: Neo-Noir MW | C6: M4A4 | D6: Clutch | E6: 29.07 | F6: 29.37 | G6: 26.79 | H6: 27.5 | I6: 27.26 | J6: 28.86 | K6: 27.29 | L6: 25.83 | M6: 26.17 | N6: 25.72 | O6: 27.42 | P6: 25.94 | Q6: 26.04 | R6: 25.26 | S6: 27.4 | T6: 27.17 | U6: 26.02 | V6: 26.27 | W6: 27.83 | X6: 26.99 | Y6: 25.85 | Z6: 0 | AA6: 0 | AB6: 0 | AC6: 0 | AD6: 0 | AE6: 0 | AF6: 0 | AG6: 0 | AH6: 0 | AI6: 0 | AJ6: 0 | AK6: 0 | AL6: 0 | AM6: 0 | AN6: 0 | AO6: 0 | AP6: 0 | AQ6: 0 | AR6: 0 | AS6: 0 | AT6: 0 | AU6: 0 | AV6: 0 | AW6: 0 | AX6: 0 | AY6: 0 | AZ6: 0 | BA6: 0 | BB6: 0 | BC6: 0 | BD6: 0 | BE6: 0 | BF6: 0 | BG6: 0 | BH6: 0 | BI6: 0 | BJ6: 0 | BK6: 0 | BL6: 0 | BM6: 0 | BN6: 0 | BO6: 0 | BP6: 0 | BQ6: 0 | BR6: 0 | BS6: 0 | BT6: 0 | BU6: 0 | BV6: 0 | BW6: 0 | BX6: 0 | BY6: 0 | BZ6: 0 | CA6: 0 | CB6: 0 | CC6: 0 | CD6: 0 | CE6: 0 | CF6: 0 | CG6: 0 | CH6: 0 | CI6: 0 | CJ6: 0 | CK6: 0 | CL6: 0 | CM6: 0 | CN6: 0 | CO6: 0 | CP6: 0 | CQ6: 0 | CR6: 0 | CS6: 0 | CT6: 0 | CU6: 0 | CV6: 0 | CW6: 0 | CX6: 0 | CY6: 0 | CZ6: 0 | DA6: 0 | DB6: 0 | DC6: 0 | DD6: 0 | DE6: 0 | DF6: 0 | DG6: 0 | DH6: 0 | DI6: 0 | DJ6: 0 | DK6: 0 | DL6: 0 | DM6: 0 | DN6: 0 | DO6: 0 | DP6: 0 | DQ6: 0 | DR6: 0 | DS6: 0 | DT6: 0 | DU6: 0 | DV6: 0 | DW6: 0 | DX6: 0 | DY6: 0 | DZ6: 0 | EA6: 0 | EB6: 0 | EC6: 0 | ED6: 0 | EE6: 0 | EF6: 0 | EG6: 0 | EH6: 0 | EI6: 0 | EJ6: 0 | EK6: 0 | EL6: 0 | EM6: 0 | EN6: 0 | EO6: 0 | EP6: 0 | EQ6: 0 | ER6: 0 | ES6: 0 | ET6: 0 | EU6: 0 | EV6: 0 | EW6: 0 | EX6: 0 | EY6: 0 | EZ6: 0 | FA6: 0 | FB6: 0 | FC6: 0 | FD6: 0 | FE6: 0 | FF6: 0 | FG6: 0 | FH6: 0 | FI6: 0 | FJ6: 0 | FK6: 0 | FL6: 0 | FM6: 0 | FN6: 0 | FO6: 0 | FP6: 0 | FQ6: 0 | FR6: 0 | FS6: 0 | FT6: 0 | FU6: 0
A7: M4A4 | B7: Hellfire MW | C7: M4A4 | D7: Hydra | E7: 26.86 | F7: 25.93 | G7: 25.2 | H7: 26.25 | I7: 26.3 | J7: 26.9 | K7: 24.86 | L7: 27.3 | M7: 25.21 | N7: 26.11 | O7: 27.42 | P7: 27.34 | Q7: 27.33 | R7: 28.52 | S7: 28.58 | T7: 29.09 | U7: 29.49 | V7: 28.06 | W7: 32.92 | X7: 38.33 | Y7: 35.7 | Z7: 0 | AA7: 0 | AB7: 0 | AC7: 0 | AD7: 0 | AE7: 0 | AF7: 0 | AG7: 0 | AH7: 0 | AI7: 0 | AJ7: 0 | AK7: 0 | AL7: 0 | AM7: 0 | AN7: 0 | AO7: 0 | AP7: 0 | AQ7: 0 | AR7: 0 | AS7: 0 | AT7: 0 | AU7: 0 | AV7: 0 | AW7: 0 | AX7: 0 | AY7: 0 | AZ7: 0 | BA7: 0 | BB7: 0 | BC7: 0 | BD7: 0 | BE7: 0 | BF7: 0 | BG7: 0 | BH7: 0 | BI7: 0 | BJ7: 0 | BK7: 0 | BL7: 0 | BM7: 0 | BN7: 0 | BO7: 0 | BP7: 0 | BQ7: 0 | BR7: 0 | BS7: 0 | BT7: 0 | BU7: 0 | BV7: 0 | BW7: 0 | BX7: 0 | BY7: 0 | BZ7: 0 | CA7: 0 | CB7: 0 | CC7: 0 | CD7: 0 | CE7: 0 | CF7: 0 | CG7: 0 | CH7: 0 | CI7: 0 | CJ7: 0 | CK7: 0 | CL7: 0 | CM7: 0 | CN7: 0 | CO7: 0 | CP7: 0 | CQ7: 0 | CR7: 0 | CS7: 0 | CT7: 0 | CU7: 0 | CV7: 0 | CW7: 0 | CX7: 0 | CY7: 0 | CZ7: 0 | DA7: 0 | DB7: 0 | DC7: 0 | DD7: 0 | DE7: 0 | DF7: 0 | DG7: 0 | DH7: 0 | DI7: 0 | DJ7: 0 | DK7: 0 | DL7: 0 | DM7: 0 | DN7: 0 | DO7: 0 | DP7: 0 | DQ7: 0 | DR7: 0 | DS7: 0 | DT7: 0 | DU7: 0 | DV7: 0 | DW7: 0 | DX7: 0 | DY7: 0 | DZ7: 0 | EA7: 0 | EB7: 0 | EC7: 0 | ED7: 0 | EE7: 0 | EF7: 0 | EG7: 0 | EH7: 0 | EI7: 0 | EJ7: 0 | EK7: 0 | EL7: 0 | EM7: 0 | EN7: 0 | EO7: 0 | EP7: 0 | EQ7: 0 | ER7: 0 | ES7: 0 | ET7: 0 | EU7: 0 | EV7: 0 | EW7: 0 | EX7: 0 | EY7: 0 | EZ7: 0 | FA7: 0 | FB7: 0 | FC7: 0 | FD7: 0 | FE7: 0 | FF7: 0 | FG7: 0 | FH7: 0 | FI7: 0 | FJ7: 0 | FK7: 0 | FL7: 0 | FM7: 0 | FN7: 0 | FO7: 0 | FP7: 0 | FQ7: 0 | FR7: 0 | FS7: 0 | FT7: 0 | FU7: 0
A8: M4A4 | B8: Evil Daimyo FN | C8: M4A4 | D8: Falchion | E8: 6.9 | F8: 7.37 | G8: 6.99 | H8: 6.87 | I8: 6.82 | J8: 7.06 | K8: 6.74 | L8: 7.04 | M8: 6.99 | N8: 7.14 | O8: 6.68 | P8: 6.85 | Q8: 6.98 | R8: 7.03 | S8: 6.48 | T8: 6.63 | U8: 6.64 | V8: 7.06 | W8: 6.58 | X8: 6.51 | Y8: 6.59 | Z8: 0 | AA8: 0 | AB8: 0 | AC8: 0 | AD8: 0 | AE8: 0 | AF8: 0 | AG8: 0 | AH8: 0 | AI8: 0 | AJ8: 0 | AK8: 0 | AL8: 0 | AM8: 0 | AN8: 0 | AO8: 0 | AP8: 0 | AQ8: 0 | AR8: 0 | AS8: 0 | AT8: 0 | AU8: 0 | AV8: 0 | AW8: 0 | AX8: 0 | AY8: 0 | AZ8: 0 | BA8: 0 | BB8: 0 | BC8: 0 | BD8: 0 | BE8: 0 | BF8: 0 | BG8: 0 | BH8: 0 | BI8: 0 | BJ8: 0 | BK8: 0 | BL8: 0 | BM8: 0 | BN8: 0 | BO8: 0 | BP8: 0 | BQ8: 0 | BR8: 0 | BS8: 0 | BT8: 0 | BU8: 0 | BV8: 0 | BW8: 0 | BX8: 0 | BY8: 0 | BZ8: 0 | CA8: 0 | CB8: 0 | CC8: 0 | CD8: 0 | CE8: 0 | CF8: 0 | CG8: 0 | CH8: 0 | CI8: 0 | CJ8: 0 | CK8: 0 | CL8: 0 | CM8: 0 | CN8: 0 | CO8: 0 | CP8: 0 | CQ8: 0 | CR8: 0 | CS8: 0 | CT8: 0 | CU8: 0 | CV8: 0 | CW8: 0 | CX8: 0 | CY8: 0 | CZ8: 0 | DA8: 0 | DB8: 0 | DC8: 0 | DD8: 0 | DE8: 0 | DF8: 0 | DG8: 0 | DH8: 0 | DI8: 0 | DJ8: 0 | DK8: 0 | DL8: 0 | DM8: 0 | DN8: 0 | DO8: 0 | DP8: 0 | DQ8: 0 | DR8: 0 | DS8: 0 | DT8: 0 | DU8: 0 | DV8: 0 | DW8: 0 | DX8: 0 | DY8: 0 | DZ8: 0 | EA8: 0 | EB8: 0 | EC8: 0 | ED8: 0 | EE8: 0 | EF8: 0 | EG8: 0 | EH8: 0 | EI8: 0 | EJ8: 0 | EK8: 0 | EL8: 0 | EM8: 0 | EN8: 0 | EO8: 0 | EP8: 0 | EQ8: 0 | ER8: 0 | ES8: 0 | ET8: 0 | EU8: 0 | EV8: 0 | EW8: 0 | EX8: 0 | EY8: 0 | EZ8: 0 | FA8: 0 | FB8: 0 | FC8: 0 | FD8: 0 | FE8: 0 | FF8: 0 | FG8: 0 | FH8: 0 | FI8: 0 | FJ8: 0 | FK8: 0 | FL8: 0 | FM8: 0 | FN8: 0 | FO8: 0 | FP8: 0 | FQ8: 0 | FR8: 0 | FS8: 0 | FT8: 0 | FU8: 0
A9: M4A4 | B9: Bullet Rain MW | C9: M4A4 | D9: eSports 2014 | E9: 17.31 | F9: 16.39 | G9: 18.76 | H9: 18.24 | I9: 18.28 | J9: 17.51 | K9: 17.17 | L9: 18.43 | M9: 17.95 | N9: 18.69 | O9: 17.26 | P9: 18.41 | Q9: 18.35 | R9: 18.91 | S9: 17.68 | T9: 18.25 | U9: 18.32 | V9: 18.26 | W9: 17.87 | X9: 18.21 | Y9: 18.78 | Z9: 0 | AA9: 0 | AB9: 0 | AC9: 0 | AD9: 0 | AE9: 0 | AF9: 0 | AG9: 0 | AH9: 0 | AI9: 0 | AJ9: 0 | AK9: 0 | AL9: 0 | AM9: 0 | AN9: 0 | AO9: 0 | AP9: 0 | AQ9: 0 | AR9: 0 | AS9: 0 | AT9: 0 | AU9: 0 | AV9: 0 | AW9: 0 | AX9: 0 | AY9: 0 | AZ9: 0 | BA9: 0 | BB9: 0 | BC9: 0 | BD9: 0 | BE9: 0 | BF9: 0 | BG9: 0 | BH9: 0 | BI9: 0 | BJ9: 0 | BK9: 0 | BL9: 0 | BM9: 0 | BN9: 0 | BO9: 0 | BP9: 0 | BQ9: 0 | BR9: 0 | BS9: 0 | BT9: 0 | BU9: 0 | BV9: 0 | BW9: 0 | BX9: 0 | BY9: 0 | BZ9: 0 | CA9: 0 | CB9: 0 | CC9: 0 | CD9: 0 | CE9: 0 | CF9: 0 | CG9: 0 | CH9: 0 | CI9: 0 | CJ9: 0 | CK9: 0 | CL9: 0 | CM9: 0 | CN9: 0 | CO9: 0 | CP9: 0 | CQ9: 0 | CR9: 0 | CS9: 0 | CT9: 0 | CU9: 0 | CV9: 0 | CW9: 0 | CX9: 0 | CY9: 0 | CZ9: 0 | DA9: 0 | DB9: 0 | DC9: 0 | DD9: 0 | DE9: 0 | DF9: 0 | DG9: 0 | DH9: 0 | DI9: 0 | DJ9: 0 | DK9: 0 | DL9: 0 | DM9: 0 | DN9: 0 | DO9: 0 | DP9: 0 | DQ9: 0 | DR9: 0 | DS9: 0 | DT9: 0 | DU9: 0 | DV9: 0 | DW9: 0 | DX9: 0 | DY9: 0 | DZ9: 0 | EA9: 0 | EB9: 0 | EC9: 0 | ED9: 0 | EE9: 0 | EF9: 0 | EG9: 0 | EH9: 0 | EI9: 0 | EJ9: 0 | EK9: 0 | EL9: 0 | EM9: 0 | EN9: 0 | EO9: 0 | EP9: 0 | EQ9: 0 | ER9: 0 | ES9: 0 | ET9: 0 | EU9: 0 | EV9: 0 | EW9: 0 | EX9: 0 | EY9: 0 | EZ9: 0 | FA9: 0 | FB9: 0 | FC9: 0 | FD9: 0 | FE9: 0 | FF9: 0 | FG9: 0 | FH9: 0 | FI9: 0 | FJ9: 0 | FK9: 0 | FL9: 0 | FM9: 0 | FN9: 0 | FO9: 0 | FP9: 0 | FQ9: 0 | FR9: 0 | FS9: 0 | FT9: 0 | FU9: 0
A10: M4A4 | B10: Desolate Space MW | C10: M4A4 | D10: Gamma | E10: 13.77 | F10: 14.43 | G10: 13.96 | H10: 13.19 | I10: 14.41 | J10: 14.08 | K10: 14.66 | L10: 13.65 | M10: 13.29 | N10: 13.64 | O10: 13.24 | P10: 13.22 | Q10: 13.98 | R10: 13.53 | S10: 13.74 | T10: 13.68 | U10: 13.85 | V10: 12.95 | W10: 13.12 | X10: 13.6 | Y10: 13.04 | Z10: 0 | AA10: 0 | AB10: 0 | AC10: 0 | AD10: 0 | AE10: 0 | AF10: 0 | AG10: 0 | AH10: 0 | AI10: 0 | AJ10: 0 | AK10: 0 | AL10: 0 | AM10: 0 | AN10: 0 | AO10: 0 | AP10: 0 | AQ10: 0 | AR10: 0 | AS10: 0 | AT10: 0 | AU10: 0 | AV10: 0 | AW10: 0 | AX10: 0 | AY10: 0 | AZ10: 0 | BA10: 0 | BB10: 0 | BC10: 0 | BD10: 0 | BE10: 0 | BF10: 0 | BG10: 0 | BH10: 0 | BI10: 0 | BJ10: 0 | BK10: 0 | BL10: 0 | BM10: 0 | BN10: 0 | BO10: 0 | BP10: 0 | BQ10: 0 | BR10: 0 | BS10: 0 | BT10: 0 | BU10: 0 | BV10: 0 | BW10: 0 | BX10: 0 | BY10: 0 | BZ10: 0 | CA10: 0 | CB10: 0 | CC10: 0 | CD10: 0 | CE10: 0 | CF10: 0 | CG10: 0 | CH10: 0 | CI10: 0 | CJ10: 0 | CK10: 0 | CL10: 0 | CM10: 0 | CN10: 0 | CO10: 0 | CP10: 0 | CQ10: 0 | CR10: 0 | CS10: 0 | CT10: 0 | CU10: 0 | CV10: 0 | CW10: 0 | CX10: 0 | CY10: 0 | CZ10: 0 | DA10: 0 | DB10: 0 | DC10: 0 | DD10: 0 | DE10: 0 | DF10: 0 | DG10: 0 | DH10: 0 | DI10: 0 | DJ10: 0 | DK10: 0 | DL10: 0 | DM10: 0 | DN10: 0 | DO10: 0 | DP10: 0 | DQ10: 0 | DR10: 0 | DS10: 0 | DT10: 0 | DU10: 0 | DV10: 0 | DW10: 0 | DX10: 0 | DY10: 0 | DZ10: 0 | EA10: 0 | EB10: 0 | EC10: 0 | ED10: 0 | EE10: 0 | EF10: 0 | EG10: 0 | EH10: 0 | EI10: 0 | EJ10: 0 | EK10: 0 | EL10: 0 | EM10: 0 | EN10: 0 | EO10: 0 | EP10: 0 | EQ10: 0 | ER10: 0 | ES10: 0 | ET10: 0 | EU10: 0 | EV10: 0 | EW10: 0 | EX10: 0 | EY10: 0 | EZ10: 0 | FA10: 0 | FB10: 0 | FC10: 0 | FD10: 0 | FE10: 0 | FF10: 0 | FG10: 0 | FH10: 0 | FI10: 0 | FJ10: 0 | FK10: 0 | FL10: 0 | FM10: 0 | FN10: 0 | FO10: 0 | FP10: 0 | FQ10: 0 | FR10: 0 | FS10: 0 | FT10: 0 | FU10: 0
A11: M4A4 | B11: StatTrak Dragon King MW | C11: M4A4 | D11: Chroma | E11: 37.31 | F11: 36.88 | G11: 38.8 | H11: 37.92 | I11: 39.03 | J11: 38.35 | K11: 37.8 | L11: 36.91 | M11: 35.35 | N11: 38.06 | O11: 35.93 | P11: 36.22 | Q11: 35.09 | R11: 36.14 | S11: 36.81 | T11: 37.95 | U11: 39.41 | V11: 37.04 | W11: 39.44 | X11: 37.85 | Y11: 36.15 | Z11: 0 | AA11: 0 | AB11: 0 | AC11: 0 | AD11: 0 | AE11: 0 | AF11: 0 | AG11: 0 | AH11: 0 | AI11: 0 | AJ11: 0 | AK11: 0 | AL11: 0 | AM11: 0 | AN11: 0 | AO11: 0 | AP11: 0 | AQ11: 0 | AR11: 0 | AS11: 0 | AT11: 0 | AU11: 0 | AV11: 0 | AW11: 0 | AX11: 0 | AY11: 0 | AZ11: 0 | BA11: 0 | BB11: 0 | BC11: 0 | BD11: 0 | BE11: 0 | BF11: 0 | BG11: 0 | BH11: 0 | BI11: 0 | BJ11: 0 | BK11: 0 | BL11: 0 | BM11: 0 | BN11: 0 | BO11: 0 | BP11: 0 | BQ11: 0 | BR11: 0 | BS11: 0 | BT11: 0 | BU11: 0 | BV11: 0 | BW11: 0 | BX11: 0 | BY11: 0 | BZ11: 0 | CA11: 0 | CB11: 0 | CC11: 0 | CD11: 0 | CE11: 0 | CF11: 0 | CG11: 0 | CH11: 0 | CI11: 0 | CJ11: 0 | CK11: 0 | CL11: 0 | CM11: 0 | CN11: 0 | CO11: 0 | CP11: 0 | CQ11: 0 | CR11: 0 | CS11: 0 | CT11: 0 | CU11: 0 | CV11: 0 | CW11: 0 | CX11: 0 | CY11: 0 | CZ11: 0 | DA11: 0 | DB11: 0 | DC11: 0 | DD11: 0 | DE11: 0 | DF11: 0 | DG11: 0 | DH11: 0 | DI11: 0 | DJ11: 0 | DK11: 0 | DL11: 0 | DM11: 0 | DN11: 0 | DO11: 0 | DP11: 0 | DQ11: 0 | DR11: 0 | DS11: 0 | DT11: 0 | DU11: 0 | DV11: 0 | DW11: 0 | DX11: 0 | DY11: 0 | DZ11: 0 | EA11: 0 | EB11: 0 | EC11: 0 | ED11: 0 | EE11: 0 | EF11: 0 | EG11: 0 | EH11: 0 | EI11: 0 | EJ11: 0 | EK11: 0 | EL11: 0 | EM11: 0 | EN11: 0 | EO11: 0 | EP11: 0 | EQ11: 0 | ER11: 0 | ES11: 0 | ET11: 0 | EU11: 0 | EV11: 0 | EW11: 0 | EX11: 0 | EY11: 0 | EZ11: 0 | FA11: 0 | FB11: 0 | FC11: 0 | FD11: 0 | FE11: 0 | FF11: 0 | FG11: 0 | FH11: 0 | FI11: 0 | FJ11: 0 | FK11: 0 | FL11: 0 | FM11: 0 | FN11: 0 | FO11: 0 | FP11: 0 | FQ11: 0 | FR11: 0 | FS11: 0 | FT11: 0 | FU11: 0
D14: Total | E14: =SUM(E4:E11) -> 178.95 | F14: =SUM(F4:F11) -> 175.29 | G14: =SUM(G4:G11) -> 172.94 | H14: =SUM(H4:H11) -> 175.82 | I14: =SUM(I4:I11) -> 175.51 | J14: =SUM(J4:J11) -> 177.33 | K14: =SUM(K4:K11) -> 173.11 | L14: =SUM(L4:L11) -> 171.3 | ... FU14: =SUM(FU4:FU11) -> 0
A19: Weapon | B19: Skin | C19: Type | D19: Collection | E19: =E3 -> 44331 | F19: =F3 -> 44332 | G19: =G3 -> 44334 | H19: =H3 -> 44336 | I19: =I3 -> 44337 | J19: =J3 -> 44338 | K19: =K3 -> 44339 | L19: =L3 -> 44340 | ... FU19: =FU3 -> 44505
A20: =A4 -> M4A4 | B20: =B4 -> StatTrak Cyber Security MW | C20: =C4 -> M4A4 | D20: =D4 -> Broken Fang | E20: =E4-ROUNDUP(E4*0.3,2) -> 23.24 | F20: =F4-ROUNDUP(F4*0.3,2) -> 22.15 | G20: =G4-ROUNDUP(G4*0.3,2) -> 20.42 | H20: =H4-ROUNDUP(H4*0.3,2) -> 22.21 | I20: =I4-ROUNDUP(I4*0.3,2) -> 20.54 | J20: =J4-ROUNDUP(J4*0.3,2) -> 21.21 | K20: =K4-ROUNDUP(K4*0.3,2) -> 21.52 | L20: =L4-ROUNDUP(L4*0.3,2) -> 20.16 | ... FU20: =FU4-ROUNDUP(FU4*0.3,2) -> 0
A21: =A5 -> M4A4 | B21: =B5 -> The Battlestar FN | C21: =C5 -> M4A4 | D21: =D5 -> Wildfire | E21: =E5-ROUNDUP(E5*0.3,2) -> 10.16 | F21: =F5-ROUNDUP(F5*0.3,2) -> 9.28 | G21: =G5-ROUNDUP(G5*0.3,2) -> 9.28 | H21: =H5-ROUNDUP(H5*0.3,2) -> 9.87 | I21: =I5-ROUNDUP(I5*0.3,2) -> 9.84 | J21: =J5-ROUNDUP(J5*0.3,2) -> 9.98 | K21: =K5-ROUNDUP(K5*0.3,2) -> 9.68 | L21: =L5-ROUNDUP(L5*0.3,2) -> 9.33 | ... FU21: =FU5-ROUNDUP(FU5*0.3,2) -> 0
A22: =A6 -> M4A4 | B22: =B6 -> Neo-Noir MW | C22: =C6 -> M4A4 | D22: =D6 -> Clutch | E22: =E6-ROUNDUP(E6*0.3,2) -> 20.34 | F22: =F6-ROUNDUP(F6*0.3,2) -> 20.55 | G22: =G6-ROUNDUP(G6*0.3,2) -> 18.75 | H22: =H6-ROUNDUP(H6*0.3,2) -> 19.25 | I22: =I6-ROUNDUP(I6*0.3,2) -> 19.08 | J22: =J6-ROUNDUP(J6*0.3,2) -> 20.2 | K22: =K6-ROUNDUP(K6*0.3,2) -> 19.1 | L22: =L6-ROUNDUP(L6*0.3,2) -> 18.08 | ... FU22: =FU6-ROUNDUP(FU6*0.3,2) -> 0
A23: =A7 -> M4A4 | B23: =B7 -> Hellfire MW | C23: =C7 -> M4A4 | D23: =D7 -> Hydra | E23: =E7-ROUNDUP(E7*0.3,2) -> 18.8 | F23: =F7-ROUNDUP(F7*0.3,2) -> 18.15 | G23: =G7-ROUNDUP(G7*0.3,2) -> 17.64 | H23: =H7-ROUNDUP(H7*0.3,2) -> 18.37 | I23: =I7-ROUNDUP(I7*0.3,2) -> 18.41 | J23: =J7-ROUNDUP(J7*0.3,2) -> 18.83 | K23: =K7-ROUNDUP(K7*0.3,2) -> 17.4 | L23: =L7-ROUNDUP(L7*0.3,2) -> 19.11 | ... FU23: =FU7-ROUNDUP(FU7*0.3,2) -> 0
A24: =A8 -> M4A4 | B24: =B8 -> Evil Daimyo FN | C24: =C8 -> M4A4 | D24: =D8 -> Falchion | E24: =E8-ROUNDUP(E8*0.3,2) -> 4.83 | F24: =F8-ROUNDUP(F8*0.3,2) -> 5.15 | G24: =G8-ROUNDUP(G8*0.3,2) -> 4.89 | H24: =H8-ROUNDUP(H8*0.3,2) -> 4.8 | I24: =I8-ROUNDUP(I8*0.3,2) -> 4.77 | J24: =J8-ROUNDUP(J8*0.3,2) -> 4.94 | K24: =K8-ROUNDUP(K8*0.3,2) -> 4.71 | L24: =L8-ROUNDUP(L8*0.3,2) -> 4.92 | ... FU24: =FU8-ROUNDUP(FU8*0.3,2) -> 0
A25: =A9 -> M4A4 | B25: =B9 -> Bullet Rain MW | C25: =C9 -> M4A4 | D25: =D9 -> eSports 2014 | E25: =E9-ROUNDUP(E9*0.3,2) -> 12.11 | F25: =F9-ROUNDUP(F9*0.3,2) -> 11.47 | G25: =G9-ROUNDUP(G9*0.3,2) -> 13.13 | H25: =H9-ROUNDUP(H9*0.3,2) -> 12.76 | I25: =I9-ROUNDUP(I9*0.3,2) -> 12.79 | J25: =J9-ROUNDUP(J9*0.3,2) -> 12.25 | K25: =K9-ROUNDUP(K9*0.3,2) -> 12.01 | L25: =L9-ROUNDUP(L9*0.3,2) -> 12.9 | ... FU25: =FU9-ROUNDUP(FU9*0.3,2) -> 0
A26: =A10 -> M4A4 | B26: =B10 -> Desolate Space MW | C26: =C10 -> M4A4 | D26: =D10 -> Gamma | E26: =E10-ROUNDUP(E10*0.3,2) -> 9.63 | F26: =F10-ROUNDUP(F10*0.3,2) -> 10.1 | G26: =G10-ROUNDUP(G10*0.3,2) -> 9.77 | H26: =H10-ROUNDUP(H10*0.3,2) -> 9.23 | I26: =I10-ROUNDUP(I10*0.3,2) -> 10.08 | J26: =J10-ROUNDUP(J10*0.3,2) -> 9.85 | K26: =K10-ROUNDUP(K10*0.3,2) -> 10.26 | L26: =L10-ROUNDUP(L10*0.3,2) -> 9.55 | ... FU26: =FU10-ROUNDUP(FU10*0.3,2) -> 0
A27: =A11 -> M4A4 | B27: =B11 -> StatTrak Dragon King MW | C27: =C11 -> M4A4 | D27: =D11 -> Chroma | E27: =E11-ROUNDUP(E11*0.3,2) -> 26.11 | F27: =F11-ROUNDUP(F11*0.3,2) -> 25.81 | G27: =G11-ROUNDUP(G11*0.3,2) -> 27.16 | H27: =H11-ROUNDUP(H11*0.3,2) -> 26.54 | I27: =I11-ROUNDUP(I11*0.3,2) -> 27.32 | J27: =J11-ROUNDUP(J11*0.3,2) -> 26.84 | K27: =K11-ROUNDUP(K11*0.3,2) -> 26.46 | L27: =L11-ROUNDUP(L11*0.3,2) -> 25.83 | ... FU27: =FU11-ROUNDUP(FU11*0.3,2) -> 0
D30: Total | E30: =SUM(E20:E27) -> 125.22 | F30: =SUM(F20:F27) -> 122.66 | G30: =SUM(G20:G27) -> 121.04 | H30: =SUM(H20:H27) -> 123.03 | I30: =SUM(I20:I27) -> 122.83 | J30: =SUM(J20:J27) -> 124.1 | K30: =SUM(K20:K27) -> 121.14 | L30: =SUM(L20:L27) -> 119.88 | ... FU30: =SUM(FU20:FU27) -> 0

Sheet M4A1-S
B1: M4A1-S
A3: Weapon | B3: Skin | C3: Type | D3: Collection | E3: =Inventory!E1 -> 44331 | F3: =Inventory!F1 -> 44332 | G3: =Inventory!G1 -> 44334 | H3: =Inventory!H1 -> 44336 | I3: =Inventory!I1 -> 44337 | J3: =Inventory!J1 -> 44338 | K3: =Inventory!K1 -> 44339 | L3: =Inventory!L1 -> 44340 | ... FU3: =Inventory!FU1 -> 44505
A4: {=_xlfn._xlws.FILTER(Inventory!$A$2:$FU$103, (Inventory!C2:C103="M4A1-S"))} -> M4A1-S | B4: Flashback FN | C4: M4A1-S | D4: Glove | E4: 2.92 | F4: 3.01 | G4: 2.89 | H4: 2.81 | I4: 2.82 | J4: 2.91 | K4: 2.84 | L4: 2.78 | M4: 2.71 | N4: 2.68 | O4: 2.81 | P4: 2.54 | Q4: 2.64 | R4: 2.77 | S4: 2.5 | T4: 2.53 | U4: 2.45 | V4: 2.5 | W4: 2.45 | X4: 2.47 | Y4: 2.53 | Z4: 0 | AA4: 0 | AB4: 0 | AC4: 0 | AD4: 0 | AE4: 0 | AF4: 0 | AG4: 0 | AH4: 0 | AI4: 0 | AJ4: 0 | AK4: 0 | AL4: 0 | AM4: 0 | AN4: 0 | AO4: 0 | AP4: 0 | AQ4: 0 | AR4: 0 | AS4: 0 | AT4: 0 | AU4: 0 | AV4: 0 | AW4: 0 | AX4: 0 | AY4: 0 | AZ4: 0 | BA4: 0 | BB4: 0 | BC4: 0 | BD4: 0 | BE4: 0 | BF4: 0 | BG4: 0 | BH4: 0 | BI4: 0 | BJ4: 0 | BK4: 0 | BL4: 0 | BM4: 0 | BN4: 0 | BO4: 0 | BP4: 0 | BQ4: 0 | BR4: 0 | BS4: 0 | BT4: 0 | BU4: 0 | BV4: 0 | BW4: 0 | BX4: 0 | BY4: 0 | BZ4: 0 | CA4: 0 | CB4: 0 | CC4: 0 | CD4: 0 | CE4: 0 | CF4: 0 | CG4: 0 | CH4: 0 | CI4: 0 | CJ4: 0 | CK4: 0 | CL4: 0 | CM4: 0 | CN4: 0 | CO4: 0 | CP4: 0 | CQ4: 0 | CR4: 0 | CS4: 0 | CT4: 0 | CU4: 0 | CV4: 0 | CW4: 0 | CX4: 0 | CY4: 0 | CZ4: 0 | DA4: 0 | DB4: 0 | DC4: 0 | DD4: 0 | DE4: 0 | DF4: 0 | DG4: 0 | DH4: 0 | DI4: 0 | DJ4: 0 | DK4: 0 | DL4: 0 | DM4: 0 | DN4: 0 | DO4: 0 | DP4: 0 | DQ4: 0 | DR4: 0 | DS4: 0 | DT4: 0 | DU4: 0 | DV4: 0 | DW4: 0 | DX4: 0 | DY4: 0 | DZ4: 0 | EA4: 0 | EB4: 0 | EC4: 0 | ED4: 0 | EE4: 0 | EF4: 0 | EG4: 0 | EH4: 0 | EI4: 0 | EJ4: 0 | EK4: 0 | EL4: 0 | EM4: 0 | EN4: 0 | EO4: 0 | EP4: 0 | EQ4: 0 | ER4: 0 | ES4: 0 | ET4: 0 | EU4: 0 | EV4: 0 | EW4: 0 | EX4: 0 | EY4: 0 | EZ4: 0 | FA4: 0 | FB4: 0 | FC4: 0 | FD4: 0 | FE4: 0 | FF4: 0 | FG4: 0 | FH4: 0 | FI4: 0 | FJ4: 0 | FK4: 0 | FL4: 0 | FM4: 0 | FN4: 0 | FO4: 0 | FP4: 0 | FQ4: 0 | FR4: 0 | FS4: 0 | FT4: 0 | FU4: 0
A5: M4A1-S | B5: StatTrak Cyrex MW | C5: M4A1-S | D5: Breakout | E5: 36.2 | F5: 34.8 | G5: 33.23 | H5: 33.31 | I5: 34.51 | J5: 33.05 | K5: 31.31 | L5: 33.38 | M5: 33.38 | N5: 33.01 | O5: 30.97 | P5: 34.41 | Q5: 34.11 | R5: 41.12 | S5: 36.27 | T5: 35.09 | U5: 35.93 | V5: 33.97 | W5: 35.33 | X5: 32.56 | Y5: 31.05 | Z5: 0 | AA5: 0 | AB5: 0 | AC5: 0 | AD5: 0 | AE5: 0 | AF5: 0 | AG5: 0 | AH5: 0 | AI5: 0 | AJ5: 0 | AK5: 0 | AL5: 0 | AM5: 0 | AN5: 0 | AO5: 0 | AP5: 0 | AQ5: 0 | AR5: 0 | AS5: 0 | AT5: 0 | AU5: 0 | AV5: 0 | AW5: 0 | AX5: 0 | AY5: 0 | AZ5: 0 | BA5: 0 | BB5: 0 | BC5: 0 | BD5: 0 | BE5: 0 | BF5: 0 | BG5: 0 | BH5: 0 | BI5: 0 | BJ5: 0 | BK5: 0 | BL5: 0 | BM5: 0 | BN5: 0 | BO5: 0 | BP5: 0 | BQ5: 0 | BR5: 0 | BS5: 0 | BT5: 0 | BU5: 0 | BV5: 0 | BW5: 0 | BX5: 0 | BY5: 0 | BZ5: 0 | CA5: 0 | CB5: 0 | CC5: 0 | CD5: 0 | CE5: 0 | CF5: 0 | CG5: 0 | CH5: 0 | CI5: 0 | CJ5: 0 | CK5: 0 | CL5: 0 | CM5: 0 | CN5: 0 | CO5: 0 | CP5: 0 | CQ5: 0 | CR5: 0 | CS5: 0 | CT5: 0 | CU5: 0 | CV5: 0 | CW5: 0 | CX5: 0 | CY5: 0 | CZ5: 0 | DA5: 0 | DB5: 0 | DC5: 0 | DD5: 0 | DE5: 0 | DF5: 0 | DG5: 0 | DH5: 0 | DI5: 0 | DJ5: 0 | DK5: 0 | DL5: 0 | DM5: 0 | DN5: 0 | DO5: 0 | DP5: 0 | DQ5: 0 | DR5: 0 | DS5: 0 | DT5: 0 | DU5: 0 | DV5: 0 | DW5: 0 | DX5: 0 | DY5: 0 | DZ5: 0 | EA5: 0 | EB5: 0 | EC5: 0 | ED5: 0 | EE5: 0 | EF5: 0 | EG5: 0 | EH5: 0 | EI5: 0 | EJ5: 0 | EK5: 0 | EL5: 0 | EM5: 0 | EN5: 0 | EO5: 0 | EP5: 0 | EQ5: 0 | ER5: 0 | ES5: 0 | ET5: 0 | EU5: 0 | EV5: 0 | EW5: 0 | EX5: 0 | EY5: 0 | EZ5: 0 | FA5: 0 | FB5: 0 | FC5: 0 | FD5: 0 | FE5: 0 | FF5: 0 | FG5: 0 | FH5: 0 | FI5: 0 | FJ5: 0 | FK5: 0 | FL5: 0 | FM5: 0 | FN5: 0 | FO5: 0 | FP5: 0 | FQ5: 0 | FR5: 0 | FS5: 0 | FT5: 0 | FU5: 0
A6: M4A1-S | B6: Hyper Beast MW | C6: M4A1-S | D6: Chroma 2 | E6: 21.98 | F6: 21.05 | G6: 20.67 | H6: 19.8 | I6: 21.22 | J6: 21.31 | K6: 21.25 | L6: 21.06 | M6: 20.42 | N6: 20.03 | O6: 20.1 | P6: 19.74 | Q6: 20.52 | R6: 21.08 | S6: 21.17 | T6: 21.44 | U6: 19.41 | V6: 19.41 | W6: 20.84 | X6: 20.7 | Y6: 21.47 | Z6: 0 | AA6: 0 | AB6: 0 | AC6: 0 | AD6: 0 | AE6: 0 | AF6: 0 | AG6: 0 | AH6: 0 | AI6: 0 | AJ6: 0 | AK6: 0 | AL6: 0 | AM6: 0 | AN6: 0 | AO6: 0 | AP6: 0 | AQ6: 0 | AR6: 0 | AS6: 0 | AT6: 0 | AU6: 0 | AV6: 0 | AW6: 0 | AX6: 0 | AY6: 0 | AZ6: 0 | BA6: 0 | BB6: 0 | BC6: 0 | BD6: 0 | BE6: 0 | BF6: 0 | BG6: 0 | BH6: 0 | BI6: 0 | BJ6: 0 | BK6: 0 | BL6: 0 | BM6: 0 | BN6: 0 | BO6: 0 | BP6: 0 | BQ6: 0 | BR6: 0 | BS6: 0 | BT6: 0 | BU6: 0 | BV6: 0 | BW6: 0 | BX6: 0 | BY6: 0 | BZ6: 0 | CA6: 0 | CB6: 0 | CC6: 0 | CD6: 0 | CE6: 0 | CF6: 0 | CG6: 0 | CH6: 0 | CI6: 0 | CJ6: 0 | CK6: 0 | CL6: 0 | CM6: 0 | CN6: 0 | CO6: 0 | CP6: 0 | CQ6: 0 | CR6: 0 | CS6: 0 | CT6: 0 | CU6: 0 | CV6: 0 | CW6: 0 | CX6: 0 | CY6: 0 | CZ6: 0 | DA6: 0 | DB6: 0 | DC6: 0 | DD6: 0 | DE6: 0 | DF6: 0 | DG6: 0 | DH6: 0 | DI6: 0 | DJ6: 0 | DK6: 0 | DL6: 0 | DM6: 0 | DN6: 0 | DO6: 0 | DP6: 0 | DQ6: 0 | DR6: 0 | DS6: 0 | DT6: 0 | DU6: 0 | DV6: 0 | DW6: 0 | DX6: 0 | DY6: 0 | DZ6: 0 | EA6: 0 | EB6: 0 | EC6: 0 | ED6: 0 | EE6: 0 | EF6: 0 | EG6: 0 | EH6: 0 | EI6: 0 | EJ6: 0 | EK6: 0 | EL6: 0 | EM6: 0 | EN6: 0 | EO6: 0 | EP6: 0 | EQ6: 0 | ER6: 0 | ES6: 0 | ET6: 0 | EU6: 0 | EV6: 0 | EW6: 0 | EX6: 0 | EY6: 0 | EZ6: 0 | FA6: 0 | FB6: 0 | FC6: 0 | FD6: 0 | FE6: 0 | FF6: 0 | FG6: 0 | FH6: 0 | FI6: 0 | FJ6: 0 | FK6: 0 | FL6: 0 | FM6: 0 | FN6: 0 | FO6: 0 | FP6: 0 | FQ6: 0 | FR6: 0 | FS6: 0 | FT6: 0 | FU6: 0
A7: M4A1-S | B7: Golden Coil FT | C7: M4A1-S | D7: Shadow | E7: 15.54 | F7: 15.25 | G7: 15.81 | H7: 15.02 | I7: 15.8 | J7: 15.47 | K7: 15.35 | L7: 15.48 | M7: 15.22 | N7: 14.51 | O7: 15.48 | P7: 14.67 | Q7: 14.07 | R7: 14.65 | S7: 14.89 | T7: 14.91 | U7: 15.3 | V7: 15.45 | W7: 14.51 | X7: 14.75 | Y7: 15.68 | Z7: 0 | AA7: 0 | AB7: 0 | AC7: 0 | AD7: 0 | AE7: 0 | AF7: 0 | AG7: 0 | AH7: 0 | AI7: 0 | AJ7: 0 | AK7: 0 | AL7: 0 | AM7: 0 | AN7: 0 | AO7: 0 | AP7: 0 | AQ7: 0 | AR7: 0 | AS7: 0 | AT7: 0 | AU7: 0 | AV7: 0 | AW7: 0 | AX7: 0 | AY7: 0 | AZ7: 0 | BA7: 0 | BB7: 0 | BC7: 0 | BD7: 0 | BE7: 0 | BF7: 0 | BG7: 0 | BH7: 0 | BI7: 0 | BJ7: 0 | BK7: 0 | BL7: 0 | BM7: 0 | BN7: 0 | BO7: 0 | BP7: 0 | BQ7: 0 | BR7: 0 | BS7: 0 | BT7: 0 | BU7: 0 | BV7: 0 | BW7: 0 | BX7: 0 | BY7: 0 | BZ7: 0 | CA7: 0 | CB7: 0 | CC7: 0 | CD7: 0 | CE7: 0 | CF7: 0 | CG7: 0 | CH7: 0 | CI7: 0 | CJ7: 0 | CK7: 0 | CL7: 0 | CM7: 0 | CN7: 0 | CO7: 0 | CP7: 0 | CQ7: 0 | CR7: 0 | CS7: 0 | CT7: 0 | CU7: 0 | CV7: 0 | CW7: 0 | CX7: 0 | CY7: 0 | CZ7: 0 | DA7: 0 | DB7: 0 | DC7: 0 | DD7: 0 | DE7: 0 | DF7: 0 | DG7: 0 | DH7: 0 | DI7: 0 | DJ7: 0 | DK7: 0 | DL7: 0 | DM7: 0 | DN7: 0 | DO7: 0 | DP7: 0 | DQ7: 0 | DR7: 0 | DS7: 0 | DT7: 0 | DU7: 0 | DV7: 0 | DW7: 0 | DX7: 0 | DY7: 0 | DZ7: 0 | EA7: 0 | EB7: 0 | EC7: 0 | ED7: 0 | EE7: 0 | EF7: 0 | EG7: 0 | EH7: 0 | EI7: 0 | EJ7: 0 | EK7: 0 | EL7: 0 | EM7: 0 | EN7: 0 | EO7: 0 | EP7: 0 | EQ7: 0 | ER7: 0 | ES7: 0 | ET7: 0 | EU7: 0 | EV7: 0 | EW7: 0 | EX7: 0 | EY7: 0 | EZ7: 0 | FA7: 0 | FB7: 0 | FC7: 0 | FD7: 0 | FE7: 0 | FF7: 0 | FG7: 0 | FH7: 0 | FI7: 0 | FJ7: 0 | FK7: 0 | FL7: 0 | FM7: 0 | FN7: 0 | FO7: 0 | FP7: 0 | FQ7: 0 | FR7: 0 | FS7: 0 | FT7: 0 | FU7: 0
D10: Total | E10: =SUM(E4:E7) -> 76.64 | F10: =SUM(F4:F7) -> 74.11 | G10: =SUM(G4:G7) -> 72.6 | H10: =SUM(H4:H7) -> 70.94 | I10: =SUM(I4:I7) -> 74.35 | J10: =SUM(J4:J7) -> 72.74 | K10: =SUM(K4:K7) -> 70.75 | L10: =SUM(L4:L7) -> 72.7 | ... FU10: =SUM(FU4:FU7) -> 0
A16: Weapon | B16: Skin | C16: Type | D16: Collection | E16: =E3 -> 44331 | F16: =F3 -> 44332 | G16: =G3 -> 44334 | H16: =H3 -> 44336 | I16: =I3 -> 44337 | J16: =J3 -> 44338 | K16: =K3 -> 44339 | L16: =L3 -> 44340 | ... FU16: =FU3 -> 44505
A17: =A4 -> M4A1-S | B17: =B4 -> Flashback FN | C17: =C4 -> M4A1-S | D17: =D4 -> Glove | E17: =E4-ROUNDUP(E4*0.3,2) -> 2.04 | F17: =F4-ROUNDUP(F4*0.3,2) -> 2.1 | G17: =G4-ROUNDUP(G4*0.3,2) -> 2.02 | H17: =H4-ROUNDUP(H4*0.3,2) -> 1.96 | I17: =I4-ROUNDUP(I4*0.3,2) -> 1.97 | J17: =J4-ROUNDUP(J4*0.3,2) -> 2.03 | K17: =K4-ROUNDUP(K4*0.3,2) -> 1.98 | L17: =L4-ROUNDUP(L4*0.3,2) -> 1.94 | ... FU17: =FU4-ROUNDUP(FU4*0.3,2) -> 0
A18: =A5 -> M4A1-S | B18: =B5 -> StatTrak Cyrex MW | C18: =C5 -> M4A1-S | D18: =D5 -> Breakout | E18: =E5-ROUNDUP(E5*0.3,2) -> 25.34 | F18: =F5-ROUNDUP(F5*0.3,2) -> 24.36 | G18: =G5-ROUNDUP(G5*0.3,2) -> 23.26 | H18: =H5-ROUNDUP(H5*0.3,2) -> 23.31 | I18: =I5-ROUNDUP(I5*0.3,2) -> 24.15 | J18: =J5-ROUNDUP(J5*0.3,2) -> 23.13 | K18: =K5-ROUNDUP(K5*0.3,2) -> 21.91 | L18: =L5-ROUNDUP(L5*0.3,2) -> 23.36 | ... FU18: =FU5-ROUNDUP(FU5*0.3,2) -> 0
A19: =A6 -> M4A1-S | B19: =B6 -> Hyper Beast MW | C19: =C6 -> M4A1-S | D19: =D6 -> Chroma 2 | E19: =E6-ROUNDUP(E6*0.3,2) -> 15.38 | F19: =F6-ROUNDUP(F6*0.3,2) -> 14.73 | G19: =G6-ROUNDUP(G6*0.3,2) -> 14.46 | H19: =H6-ROUNDUP(H6*0.3,2) -> 13.86 | I19: =I6-ROUNDUP(I6*0.3,2) -> 14.85 | J19: =J6-ROUNDUP(J6*0.3,2) -> 14.91 | K19: =K6-ROUNDUP(K6*0.3,2) -> 14.87 | L19: =L6-ROUNDUP(L6*0.3,2) -> 14.74 | ... FU19: =FU6-ROUNDUP(FU6*0.3,2) -> 0
A20: =A7 -> M4A1-S | B20: =B7 -> Golden Coil FT | C20: =C7 -> M4A1-S | D20: =D7 -> Shadow | E20: =E7-ROUNDUP(E7*0.3,2) -> 10.87 | F20: =F7-ROUNDUP(F7*0.3,2) -> 10.67 | G20: =G7-ROUNDUP(G7*0.3,2) -> 11.06 | H20: =H7-ROUNDUP(H7*0.3,2) -> 10.51 | I20: =I7-ROUNDUP(I7*0.3,2) -> 11.06 | J20: =J7-ROUNDUP(J7*0.3,2) -> 10.82 | K20: =K7-ROUNDUP(K7*0.3,2) -> 10.74 | L20: =L7-ROUNDUP(L7*0.3,2) -> 10.83 | ... FU20: =FU7-ROUNDUP(FU7*0.3,2) -> 0
D23: Total | E23: =SUM(E17:E20) -> 53.63 | F23: =SUM(F17:F20) -> 51.86 | G23: =SUM(G17:G20) -> 50.8 | H23: =SUM(H17:H20) -> 49.64 | I23: =SUM(I17:I20) -> 52.03 | J23: =SUM(J17:J20) -> 50.89 | K23: =SUM(K17:K20) -> 49.5 | L23: =SUM(L17:L20) -> 50.87 | ... FU23: =SUM(FU17:FU20) -> 0

Sheet SMG
B1: SMG
A3: Weapon | B3: Skin | C3: Type | D3: Collection | E3: =Inventory!E1 -> 44331 | F3: =Inventory!F1 -> 44332 | G3: =Inventory!G1 -> 44334 | H3: =Inventory!H1 -> 44336 | I3: =Inventory!I1 -> 44337 | J3: =Inventory!J1 -> 44338 | K3: =Inventory!K1 -> 44339 | L3: =Inventory!L1 -> 44340 | ... FU3: =Inventory!FU1 -> 44505
A4: {=_xlfn._xlws.FILTER(Inventory!$A$2:$FU$103, (Inventory!C2:C103="SMG"))} -> UMP-45 | B4: Plastique MW | C4: SMG | D4: CS20 | E4: 0.8 | F4: 0.83 | G4: 0.82 | H4: 0.76 | I4: 0.82 | J4: 0.83 | K4: 0.84 | L4: 0.84 | M4: 0.84 | N4: 0.83 | O4: 0.85 | P4: 0.85 | Q4: 0.87 | R4: 0.85 | S4: 0.83 | T4: 0.84 | U4: 0.83 | V4: 0.75 | W4: 0.81 | X4: 0.82 | Y4: 0.82 | Z4: 0 | AA4: 0 | AB4: 0 | AC4: 0 | AD4: 0 | AE4: 0 | AF4: 0 | AG4: 0 | AH4: 0 | AI4: 0 | AJ4: 0 | AK4: 0 | AL4: 0 | AM4: 0 | AN4: 0 | AO4: 0 | AP4: 0 | AQ4: 0 | AR4: 0 | AS4: 0 | AT4: 0 | AU4: 0 | AV4: 0 | AW4: 0 | AX4: 0 | AY4: 0 | AZ4: 0 | BA4: 0 | BB4: 0 | BC4: 0 | BD4: 0 | BE4: 0 | BF4: 0 | BG4: 0 | BH4: 0 | BI4: 0 | BJ4: 0 | BK4: 0 | BL4: 0 | BM4: 0 | BN4: 0 | BO4: 0 | BP4: 0 | BQ4: 0 | BR4: 0 | BS4: 0 | BT4: 0 | BU4: 0 | BV4: 0 | BW4: 0 | BX4: 0 | BY4: 0 | BZ4: 0 | CA4: 0 | CB4: 0 | CC4: 0 | CD4: 0 | CE4: 0 | CF4: 0 | CG4: 0 | CH4: 0 | CI4: 0 | CJ4: 0 | CK4: 0 | CL4: 0 | CM4: 0 | CN4: 0 | CO4: 0 | CP4: 0 | CQ4: 0 | CR4: 0 | CS4: 0 | CT4: 0 | CU4: 0 | CV4: 0 | CW4: 0 | CX4: 0 | CY4: 0 | CZ4: 0 | DA4: 0 | DB4: 0 | DC4: 0 | DD4: 0 | DE4: 0 | DF4: 0 | DG4: 0 | DH4: 0 | DI4: 0 | DJ4: 0 | DK4: 0 | DL4: 0 | DM4: 0 | DN4: 0 | DO4: 0 | DP4: 0 | DQ4: 0 | DR4: 0 | DS4: 0 | DT4: 0 | DU4: 0 | DV4: 0 | DW4: 0 | DX4: 0 | DY4: 0 | DZ4: 0 | EA4: 0 | EB4: 0 | EC4: 0 | ED4: 0 | EE4: 0 | EF4: 0 | EG4: 0 | EH4: 0 | EI4: 0 | EJ4: 0 | EK4: 0 | EL4: 0 | EM4: 0 | EN4: 0 | EO4: 0 | EP4: 0 | EQ4: 0 | ER4: 0 | ES4: 0 | ET4: 0 | EU4: 0 | EV4: 0 | EW4: 0 | EX4: 0 | EY4: 0 | EZ4: 0 | FA4: 0 | FB4: 0 | FC4: 0 | FD4: 0 | FE4: 0 | FF4: 0 | FG4: 0 | FH4: 0 | FI4: 0 | FJ4: 0 | FK4: 0 | FL4: 0 | FM4: 0 | FN4: 0 | FO4: 0 | FP4: 0 | FQ4: 0 | FR4: 0 | FS4: 0 | FT4: 0 | FU4: 0
A5: PP-Bizon | B5: Fuel Rod FT | C5: SMG | D5: Revolver | E5: 1.1 | F5: 1.04 | G5: 0.98 | H5: 0.93 | I5: 0.88 | J5: 0.98 | K5: 0.94 | L5: 0.93 | M5: 0.96 | N5: 0.93 | O5: 0.98 | P5: 0.98 | Q5: 0.88 | R5: 0.87 | S5: 0.85 | T5: 0.84 | U5: 0.92 | V5: 0.86 | W5: 0.89 | X5: 0.85 | Y5: 0.86 | Z5: 0 | AA5: 0 | AB5: 0 | AC5: 0 | AD5: 0 | AE5: 0 | AF5: 0 | AG5: 0 | AH5: 0 | AI5: 0 | AJ5: 0 | AK5: 0 | AL5: 0 | AM5: 0 | AN5: 0 | AO5: 0 | AP5: 0 | AQ5: 0 | AR5: 0 | AS5: 0 | AT5: 0 | AU5: 0 | AV5: 0 | AW5: 0 | AX5: 0 | AY5: 0 | AZ5: 0 | BA5: 0 | BB5: 0 | BC5: 0 | BD5: 0 | BE5: 0 | BF5: 0 | BG5: 0 | BH5: 0 | BI5: 0 | BJ5: 0 | BK5: 0 | BL5: 0 | BM5: 0 | BN5: 0 | BO5: 0 | BP5: 0 | BQ5: 0 | BR5: 0 | BS5: 0 | BT5: 0 | BU5: 0 | BV5: 0 | BW5: 0 | BX5: 0 | BY5: 0 | BZ5: 0 | CA5: 0 | CB5: 0 | CC5: 0 | CD5: 0 | CE5: 0 | CF5: 0 | CG5: 0 | CH5: 0 | CI5: 0 | CJ5: 0 | CK5: 0 | CL5: 0 | CM5: 0 | CN5: 0 | CO5: 0 | CP5: 0 | CQ5: 0 | CR5: 0 | CS5: 0 | CT5: 0 | CU5: 0 | CV5: 0 | CW5: 0 | CX5: 0 | CY5: 0 | CZ5: 0 | DA5: 0 | DB5: 0 | DC5: 0 | DD5: 0 | DE5: 0 | DF5: 0 | DG5: 0 | DH5: 0 | DI5: 0 | DJ5: 0 | DK5: 0 | DL5: 0 | DM5: 0 | DN5: 0 | DO5: 0 | DP5: 0 | DQ5: 0 | DR5: 0 | DS5: 0 | DT5: 0 | DU5: 0 | DV5: 0 | DW5: 0 | DX5: 0 | DY5: 0 | DZ5: 0 | EA5: 0 | EB5: 0 | EC5: 0 | ED5: 0 | EE5: 0 | EF5: 0 | EG5: 0 | EH5: 0 | EI5: 0 | EJ5: 0 | EK5: 0 | EL5: 0 | EM5: 0 | EN5: 0 | EO5: 0 | EP5: 0 | EQ5: 0 | ER5: 0 | ES5: 0 | ET5: 0 | EU5: 0 | EV5: 0 | EW5: 0 | EX5: 0 | EY5: 0 | EZ5: 0 | FA5: 0 | FB5: 0 | FC5: 0 | FD5: 0 | FE5: 0 | FF5: 0 | FG5: 0 | FH5: 0 | FI5: 0 | FJ5: 0 | FK5: 0 | FL5: 0 | FM5: 0 | FN5: 0 | FO5: 0 | FP5: 0 | FQ5: 0 | FR5: 0 | FS5: 0 | FT5: 0 | FU5: 0
A6: MP9 | B6: Hydra MW | C6: SMG | D6: CS20 | E6: 6.38 | F6: 5.63 | G6: 5.7 | H6: 5.94 | I6: 5.87 | J6: 6.21 | K6: 5.92 | L6: 6.18 | M6: 5.84 | N6: 5.87 | O6: 6.07 | P6: 5.77 | Q6: 5.94 | R6: 5.78 | S6: 6.27 | T6: 6.04 | U6: 6.14 | V6: 5.75 | W6: 5.92 | X6: 5.93 | Y6: 5.93 | Z6: 0 | AA6: 0 | AB6: 0 | AC6: 0 | AD6: 0 | AE6: 0 | AF6: 0 | AG6: 0 | AH6: 0 | AI6: 0 | AJ6: 0 | AK6: 0 | AL6: 0 | AM6: 0 | AN6: 0 | AO6: 0 | AP6: 0 | AQ6: 0 | AR6: 0 | AS6: 0 | AT6: 0 | AU6: 0 | AV6: 0 | AW6: 0 | AX6: 0 | AY6: 0 | AZ6: 0 | BA6: 0 | BB6: 0 | BC6: 0 | BD6: 0 | BE6: 0 | BF6: 0 | BG6: 0 | BH6: 0 | BI6: 0 | BJ6: 0 | BK6: 0 | BL6: 0 | BM6: 0 | BN6: 0 | BO6: 0 | BP6: 0 | BQ6: 0 | BR6: 0 | BS6: 0 | BT6: 0 | BU6: 0 | BV6: 0 | BW6: 0 | BX6: 0 | BY6: 0 | BZ6: 0 | CA6: 0 | CB6: 0 | CC6: 0 | CD6: 0 | CE6: 0 | CF6: 0 | CG6: 0 | CH6: 0 | CI6: 0 | CJ6: 0 | CK6: 0 | CL6: 0 | CM6: 0 | CN6: 0 | CO6: 0 | CP6: 0 | CQ6: 0 | CR6: 0 | CS6: 0 | CT6: 0 | CU6: 0 | CV6: 0 | CW6: 0 | CX6: 0 | CY6: 0 | CZ6: 0 | DA6: 0 | DB6: 0 | DC6: 0 | DD6: 0 | DE6: 0 | DF6: 0 | DG6: 0 | DH6: 0 | DI6: 0 | DJ6: 0 | DK6: 0 | DL6: 0 | DM6: 0 | DN6: 0 | DO6: 0 | DP6: 0 | DQ6: 0 | DR6: 0 | DS6: 0 | DT6: 0 | DU6: 0 | DV6: 0 | DW6: 0 | DX6: 0 | DY6: 0 | DZ6: 0 | EA6: 0 | EB6: 0 | EC6: 0 | ED6: 0 | EE6: 0 | EF6: 0 | EG6: 0 | EH6: 0 | EI6: 0 | EJ6: 0 | EK6: 0 | EL6: 0 | EM6: 0 | EN6: 0 | EO6: 0 | EP6: 0 | EQ6: 0 | ER6: 0 | ES6: 0 | ET6: 0 | EU6: 0 | EV6: 0 | EW6: 0 | EX6: 0 | EY6: 0 | EZ6: 0 | FA6: 0 | FB6: 0 | FC6: 0 | FD6: 0 | FE6: 0 | FF6: 0 | FG6: 0 | FH6: 0 | FI6: 0 | FJ6: 0 | FK6: 0 | FL6: 0 | FM6: 0 | FN6: 0 | FO6: 0 | FP6: 0 | FQ6: 0 | FR6: 0 | FS6: 0 | FT6: 0 | FU6: 0
A7: MP7 | B7: Impire MW | C7: SMG | D7: Wildfire | E7: 1.46 | F7: 1.44 | G7: 1.49 | H7: 1.46 | I7: 1.53 | J7: 1.53 | K7: 1.45 | L7: 1.53 | M7: 1.46 | N7: 1.49 | O7: 1.52 | P7: 1.51 | Q7: 1.56 | R7: 1.54 | S7: 1.41 | T7: 1.51 | U7: 1.45 | V7: 1.51 | W7: 1.41 | X7: 1.46 | Y7: 1.38 | Z7: 0 | AA7: 0 | AB7: 0 | AC7: 0 | AD7: 0 | AE7: 0 | AF7: 0 | AG7: 0 | AH7: 0 | AI7: 0 | AJ7: 0 | AK7: 0 | AL7: 0 | AM7: 0 | AN7: 0 | AO7: 0 | AP7: 0 | AQ7: 0 | AR7: 0 | AS7: 0 | AT7: 0 | AU7: 0 | AV7: 0 | AW7: 0 | AX7: 0 | AY7: 0 | AZ7: 0 | BA7: 0 | BB7: 0 | BC7: 0 | BD7: 0 | BE7: 0 | BF7: 0 | BG7: 0 | BH7: 0 | BI7: 0 | BJ7: 0 | BK7: 0 | BL7: 0 | BM7: 0 | BN7: 0 | BO7: 0 | BP7: 0 | BQ7: 0 | BR7: 0 | BS7: 0 | BT7: 0 | BU7: 0 | BV7: 0 | BW7: 0 | BX7: 0 | BY7: 0 | BZ7: 0 | CA7: 0 | CB7: 0 | CC7: 0 | CD7: 0 | CE7: 0 | CF7: 0 | CG7: 0 | CH7: 0 | CI7: 0 | CJ7: 0 | CK7: 0 | CL7: 0 | CM7: 0 | CN7: 0 | CO7: 0 | CP7: 0 | CQ7: 0 | CR7: 0 | CS7: 0 | CT7: 0 | CU7: 0 | CV7: 0 | CW7: 0 | CX7: 0 | CY7: 0 | CZ7: 0 | DA7: 0 | DB7: 0 | DC7: 0 | DD7: 0 | DE7: 0 | DF7: 0 | DG7: 0 | DH7: 0 | DI7: 0 | DJ7: 0 | DK7: 0 | DL7: 0 | DM7: 0 | DN7: 0 | DO7: 0 | DP7: 0 | DQ7: 0 | DR7: 0 | DS7: 0 | DT7: 0 | DU7: 0 | DV7: 0 | DW7: 0 | DX7: 0 | DY7: 0 | DZ7: 0 | EA7: 0 | EB7: 0 | EC7: 0 | ED7: 0 | EE7: 0 | EF7: 0 | EG7: 0 | EH7: 0 | EI7: 0 | EJ7: 0 | EK7: 0 | EL7: 0 | EM7: 0 | EN7: 0 | EO7: 0 | EP7: 0 | EQ7: 0 | ER7: 0 | ES7: 0 | ET7: 0 | EU7: 0 | EV7: 0 | EW7: 0 | EX7: 0 | EY7: 0 | EZ7: 0 | FA7: 0 | FB7: 0 | FC7: 0 | FD7: 0 | FE7: 0 | FF7: 0 | FG7: 0 | FH7: 0 | FI7: 0 | FJ7: 0 | FK7: 0 | FL7: 0 | FM7: 0 | FN7: 0 | FO7: 0 | FP7: 0 | FQ7: 0 | FR7: 0 | FS7: 0 | FT7: 0 | FU7: 0
A8: MAC-10 | B8: Malachite MW | C8: SMG | D8: Chroma | E8: 1.5 | F8: 1.45 | G8: 1.4 | H8: 1.39 | I8: 1.51 | J8: 1.54 | K8: 1.46 | L8: 1.55 | M8: 1.55 | N8: 1.51 | O8: 1.49 | P8: 1.5 | Q8: 1.51 | R8: 1.54 | S8: 1.54 | T8: 1.55 | U8: 1.56 | V8: 1.52 | W8: 1.46 | X8: 1.51 | Y8: 1.52 | Z8: 0 | AA8: 0 | AB8: 0 | AC8: 0 | AD8: 0 | AE8: 0 | AF8: 0 | AG8: 0 | AH8: 0 | AI8: 0 | AJ8: 0 | AK8: 0 | AL8: 0 | AM8: 0 | AN8: 0 | AO8: 0 | AP8: 0 | AQ8: 0 | AR8: 0 | AS8: 0 | AT8: 0 | AU8: 0 | AV8: 0 | AW8: 0 | AX8: 0 | AY8: 0 | AZ8: 0 | BA8: 0 | BB8: 0 | BC8: 0 | BD8: 0 | BE8: 0 | BF8: 0 | BG8: 0 | BH8: 0 | BI8: 0 | BJ8: 0 | BK8: 0 | BL8: 0 | BM8: 0 | BN8: 0 | BO8: 0 | BP8: 0 | BQ8: 0 | BR8: 0 | BS8: 0 | BT8: 0 | BU8: 0 | BV8: 0 | BW8: 0 | BX8: 0 | BY8: 0 | BZ8: 0 | CA8: 0 | CB8: 0 | CC8: 0 | CD8: 0 | CE8: 0 | CF8: 0 | CG8: 0 | CH8: 0 | CI8: 0 | CJ8: 0 | CK8: 0 | CL8: 0 | CM8: 0 | CN8: 0 | CO8: 0 | CP8: 0 | CQ8: 0 | CR8: 0 | CS8: 0 | CT8: 0 | CU8: 0 | CV8: 0 | CW8: 0 | CX8: 0 | CY8: 0 | CZ8: 0 | DA8: 0 | DB8: 0 | DC8: 0 | DD8: 0 | DE8: 0 | DF8: 0 | DG8: 0 | DH8: 0 | DI8: 0 | DJ8: 0 | DK8: 0 | DL8: 0 | DM8: 0 | DN8: 0 | DO8: 0 | DP8: 0 | DQ8: 0 | DR8: 0 | DS8: 0 | DT8: 0 | DU8: 0 | DV8: 0 | DW8: 0 | DX8: 0 | DY8: 0 | DZ8: 0 | EA8: 0 | EB8: 0 | EC8: 0 | ED8: 0 | EE8: 0 | EF8: 0 | EG8: 0 | EH8: 0 | EI8: 0 | EJ8: 0 | EK8: 0 | EL8: 0 | EM8: 0 | EN8: 0 | EO8: 0 | EP8: 0 | EQ8: 0 | ER8: 0 | ES8: 0 | ET8: 0 | EU8: 0 | EV8: 0 | EW8: 0 | EX8: 0 | EY8: 0 | EZ8: 0 | FA8: 0 | FB8: 0 | FC8: 0 | FD8: 0 | FE8: 0 | FF8: 0 | FG8: 0 | FH8: 0 | FI8: 0 | FJ8: 0 | FK8: 0 | FL8: 0 | FM8: 0 | FN8: 0 | FO8: 0 | FP8: 0 | FQ8: 0 | FR8: 0 | FS8: 0 | FT8: 0 | FU8: 0
A9: MP5-SD | B9: Bamboo Garden MW | C9: SMG | D9: St. Marc | E9: 0.52 | F9: 0.48 | G9: 0.54 | H9: 0.55 | I9: 0.53 | J9: 0.61 | K9: 0.76 | L9: 0.78 | M9: 0.83 | N9: 1.06 | O9: 1.29 | P9: 1.21 | Q9: 1.09 | R9: 1.04 | S9: 0.98 | T9: 0.93 | U9: 1.01 | V9: 1.08 | W9: 1.23 | X9: 1.41 | Y9: 1.31 | Z9: 0 | AA9: 0 | AB9: 0 | AC9: 0 | AD9: 0 | AE9: 0 | AF9: 0 | AG9: 0 | AH9: 0 | AI9: 0 | AJ9: 0 | AK9: 0 | AL9: 0 | AM9: 0 | AN9: 0 | AO9: 0 | AP9: 0 | AQ9: 0 | AR9: 0 | AS9: 0 | AT9: 0 | AU9: 0 | AV9: 0 | AW9: 0 | AX9: 0 | AY9: 0 | AZ9: 0 | BA9: 0 | BB9: 0 | BC9: 0 | BD9: 0 | BE9: 0 | BF9: 0 | BG9: 0 | BH9: 0 | BI9: 0 | BJ9: 0 | BK9: 0 | BL9: 0 | BM9: 0 | BN9: 0 | BO9: 0 | BP9: 0 | BQ9: 0 | BR9: 0 | BS9: 0 | BT9: 0 | BU9: 0 | BV9: 0 | BW9: 0 | BX9: 0 | BY9: 0 | BZ9: 0 | CA9: 0 | CB9: 0 | CC9: 0 | CD9: 0 | CE9: 0 | CF9: 0 | CG9: 0 | CH9: 0 | CI9: 0 | CJ9: 0 | CK9: 0 | CL9: 0 | CM9: 0 | CN9: 0 | CO9: 0 | CP9: 0 | CQ9: 0 | CR9: 0 | CS9: 0 | CT9: 0 | CU9: 0 | CV9: 0 | CW9: 0 | CX9: 0 | CY9: 0 | CZ9: 0 | DA9: 0 | DB9: 0 | DC9: 0 | DD9: 0 | DE9: 0 | DF9: 0 | DG9: 0 | DH9: 0 | DI9: 0 | DJ9: 0 | DK9: 0 | DL9: 0 | DM9: 0 | DN9: 0 | DO9: 0 | DP9: 0 | DQ9: 0 | DR9: 0 | DS9: 0 | DT9: 0 | DU9: 0 | DV9: 0 | DW9: 0 | DX9: 0 | DY9: 0 | DZ9: 0 | EA9: 0 | EB9: 0 | EC9: 0 | ED9: 0 | EE9: 0 | EF9: 0 | EG9: 0 | EH9: 0 | EI9: 0 | EJ9: 0 | EK9: 0 | EL9: 0 | EM9: 0 | EN9: 0 | EO9: 0 | EP9: 0 | EQ9: 0 | ER9: 0 | ES9: 0 | ET9: 0 | EU9: 0 | EV9: 0 | EW9: 0 | EX9: 0 | EY9: 0 | EZ9: 0 | FA9: 0 | FB9: 0 | FC9: 0 | FD9: 0 | FE9: 0 | FF9: 0 | FG9: 0 | FH9: 0 | FI9: 0 | FJ9: 0 | FK9: 0 | FL9: 0 | FM9: 0 | FN9: 0 | FO9: 0 | FP9: 0 | FQ9: 0 | FR9: 0 | FS9: 0 | FT9: 0 | FU9: 0
A10: MAC-10 | B10: StatTrak Neon Rider MW | C10: SMG | D10: Chroma 2 | E10: 22.48 | F10: 23.47 | G10: 20.71 | H10: 19.8 | I10: 21.98 | J10: 23.47 | K10: 23.57 | L10: 22.65 | M10: 23.03 | N10: 23.07 | O10: 22.67 | P10: 22.71 | Q10: 21.96 | R10: 21.29 | S10: 22.8 | T10: 22.7 | U10: 22.81 | V10: 22.88 | W10: 21.67 | X10: 22.85 | Y10: 21.98 | Z10: 0 | AA10: 0 | AB10: 0 | AC10: 0 | AD10: 0 | AE10: 0 | AF10: 0 | AG10: 0 | AH10: 0 | AI10: 0 | AJ10: 0 | AK10: 0 | AL10: 0 | AM10: 0 | AN10: 0 | AO10: 0 | AP10: 0 | AQ10: 0 | AR10: 0 | AS10: 0 | AT10: 0 | AU10: 0 | AV10: 0 | AW10: 0 | AX10: 0 | AY10: 0 | AZ10: 0 | BA10: 0 | BB10: 0 | BC10: 0 | BD10: 0 | BE10: 0 | BF10: 0 | BG10: 0 | BH10: 0 | BI10: 0 | BJ10: 0 | BK10: 0 | BL10: 0 | BM10: 0 | BN10: 0 | BO10: 0 | BP10: 0 | BQ10: 0 | BR10: 0 | BS10: 0 | BT10: 0 | BU10: 0 | BV10: 0 | BW10: 0 | BX10: 0 | BY10: 0 | BZ10: 0 | CA10: 0 | CB10: 0 | CC10: 0 | CD10: 0 | CE10: 0 | CF10: 0 | CG10: 0 | CH10: 0 | CI10: 0 | CJ10: 0 | CK10: 0 | CL10: 0 | CM10: 0 | CN10: 0 | CO10: 0 | CP10: 0 | CQ10: 0 | CR10: 0 | CS10: 0 | CT10: 0 | CU10: 0 | CV10: 0 | CW10: 0 | CX10: 0 | CY10: 0 | CZ10: 0 | DA10: 0 | DB10: 0 | DC10: 0 | DD10: 0 | DE10: 0 | DF10: 0 | DG10: 0 | DH10: 0 | DI10: 0 | DJ10: 0 | DK10: 0 | DL10: 0 | DM10: 0 | DN10: 0 | DO10: 0 | DP10: 0 | DQ10: 0 | DR10: 0 | DS10: 0 | DT10: 0 | DU10: 0 | DV10: 0 | DW10: 0 | DX10: 0 | DY10: 0 | DZ10: 0 | EA10: 0 | EB10: 0 | EC10: 0 | ED10: 0 | EE10: 0 | EF10: 0 | EG10: 0 | EH10: 0 | EI10: 0 | EJ10: 0 | EK10: 0 | EL10: 0 | EM10: 0 | EN10: 0 | EO10: 0 | EP10: 0 | EQ10: 0 | ER10: 0 | ES10: 0 | ET10: 0 | EU10: 0 | EV10: 0 | EW10: 0 | EX10: 0 | EY10: 0 | EZ10: 0 | FA10: 0 | FB10: 0 | FC10: 0 | FD10: 0 | FE10: 0 | FF10: 0 | FG10: 0 | FH10: 0 | FI10: 0 | FJ10: 0 | FK10: 0 | FL10: 0 | FM10: 0 | FN10: 0 | FO10: 0 | FP10: 0 | FQ10: 0 | FR10: 0 | FS10: 0 | FT10: 0 | FU10: 0
A11: UMP-45 | B11: Momentum FN | C11: SMG | D11: Danger Zone | E11: 7.79 | F11: 8.19 | G11: 7.47 | H11: 7.59 | I11: 7.85 | J11: 7.68 | K11: 7.31 | L11: 7.53 | M11: 7.43 | N11: 7.4 | O11: 7.98 | P11: 7.1 | Q11: 7.31 | R11: 7.64 | S11: 7.47 | T11: 7.42 | U11: 7.47 | V11: 7.62 | W11: 7.9 | X11: 7.95 | Y11: 7.67 | Z11: 0 | AA11: 0 | AB11: 0 | AC11: 0 | AD11: 0 | AE11: 0 | AF11: 0 | AG11: 0 | AH11: 0 | AI11: 0 | AJ11: 0 | AK11: 0 | AL11: 0 | AM11: 0 | AN11: 0 | AO11: 0 | AP11: 0 | AQ11: 0 | AR11: 0 | AS11: 0 | AT11: 0 | AU11: 0 | AV11: 0 | AW11: 0 | AX11: 0 | AY11: 0 | AZ11: 0 | BA11: 0 | BB11: 0 | BC11: 0 | BD11: 0 | BE11: 0 | BF11: 0 | BG11: 0 | BH11: 0 | BI11: 0 | BJ11: 0 | BK11: 0 | BL11: 0 | BM11: 0 | BN11: 0 | BO11: 0 | BP11: 0 | BQ11: 0 | BR11: 0 | BS11: 0 | BT11: 0 | BU11: 0 | BV11: 0 | BW11: 0 | BX11: 0 | BY11: 0 | BZ11: 0 | CA11: 0 | CB11: 0 | CC11: 0 | CD11: 0 | CE11: 0 | CF11: 0 | CG11: 0 | CH11: 0 | CI11: 0 | CJ11: 0 | CK11: 0 | CL11: 0 | CM11: 0 | CN11: 0 | CO11: 0 | CP11: 0 | CQ11: 0 | CR11: 0 | CS11: 0 | CT11: 0 | CU11: 0 | CV11: 0 | CW11: 0 | CX11: 0 | CY11: 0 | CZ11: 0 | DA11: 0 | DB11: 0 | DC11: 0 | DD11: 0 | DE11: 0 | DF11: 0 | DG11: 0 | DH11: 0 | DI11: 0 | DJ11: 0 | DK11: 0 | DL11: 0 | DM11: 0 | DN11: 0 | DO11: 0 | DP11: 0 | DQ11: 0 | DR11: 0 | DS11: 0 | DT11: 0 | DU11: 0 | DV11: 0 | DW11: 0 | DX11: 0 | DY11: 0 | DZ11: 0 | EA11: 0 | EB11: 0 | EC11: 0 | ED11: 0 | EE11: 0 | EF11: 0 | EG11: 0 | EH11: 0 | EI11: 0 | EJ11: 0 | EK11: 0 | EL11: 0 | EM11: 0 | EN11: 0 | EO11: 0 | EP11: 0 | EQ11: 0 | ER11: 0 | ES11: 0 | ET11: 0 | EU11: 0 | EV11: 0 | EW11: 0 | EX11: 0 | EY11: 0 | EZ11: 0 | FA11: 0 | FB11: 0 | FC11: 0 | FD11: 0 | FE11: 0 | FF11: 0 | FG11: 0 | FH11: 0 | FI11: 0 | FJ11: 0 | FK11: 0 | FL11: 0 | FM11: 0 | FN11: 0 | FO11: 0 | FP11: 0 | FQ11: 0 | FR11: 0 | FS11: 0 | FT11: 0 | FU11: 0
A12: MP7 | B12: Bloodsport MW | C12: SMG | D12: Clutch | E12: 3.63 | F12: 3.61 | G12: 3.63 | H12: 3.49 | I12: 3.84 | J12: 3.54 | K12: 3.57 | L12: 3.54 | M12: 3.75 | N12: 3.79 | O12: 3.49 | P12: 3.61 | Q12: 3.39 | R12: 3.53 | S12: 3.4 | T12: 3.49 | U12: 3.41 | V12: 3.64 | W12: 3.64 | X12: 3.23 | Y12: 3.28 | Z12: 0 | AA12: 0 | AB12: 0 | AC12: 0 | AD12: 0 | AE12: 0 | AF12: 0 | AG12: 0 | AH12: 0 | AI12: 0 | AJ12: 0 | AK12: 0 | AL12: 0 | AM12: 0 | AN12: 0 | AO12: 0 | AP12: 0 | AQ12: 0 | AR12: 0 | AS12: 0 | AT12: 0 | AU12: 0 | AV12: 0 | AW12: 0 | AX12: 0 | AY12: 0 | AZ12: 0 | BA12: 0 | BB12: 0 | BC12: 0 | BD12: 0 | BE12: 0 | BF12: 0 | BG12: 0 | BH12: 0 | BI12: 0 | BJ12: 0 | BK12: 0 | BL12: 0 | BM12: 0 | BN12: 0 | BO12: 0 | BP12: 0 | BQ12: 0 | BR12: 0 | BS12: 0 | BT12: 0 | BU12: 0 | BV12: 0 | BW12: 0 | BX12: 0 | BY12: 0 | BZ12: 0 | CA12: 0 | CB12: 0 | CC12: 0 | CD12: 0 | CE12: 0 | CF12: 0 | CG12: 0 | CH12: 0 | CI12: 0 | CJ12: 0 | CK12: 0 | CL12: 0 | CM12: 0 | CN12: 0 | CO12: 0 | CP12: 0 | CQ12: 0 | CR12: 0 | CS12: 0 | CT12: 0 | CU12: 0 | CV12: 0 | CW12: 0 | CX12: 0 | CY12: 0 | CZ12: 0 | DA12: 0 | DB12: 0 | DC12: 0 | DD12: 0 | DE12: 0 | DF12: 0 | DG12: 0 | DH12: 0 | DI12: 0 | DJ12: 0 | DK12: 0 | DL12: 0 | DM12: 0 | DN12: 0 | DO12: 0 | DP12: 0 | DQ12: 0 | DR12: 0 | DS12: 0 | DT12: 0 | DU12: 0 | DV12: 0 | DW12: 0 | DX12: 0 | DY12: 0 | DZ12: 0 | EA12: 0 | EB12: 0 | EC12: 0 | ED12: 0 | EE12: 0 | EF12: 0 | EG12: 0 | EH12: 0 | EI12: 0 | EJ12: 0 | EK12: 0 | EL12: 0 | EM12: 0 | EN12: 0 | EO12: 0 | EP12: 0 | EQ12: 0 | ER12: 0 | ES12: 0 | ET12: 0 | EU12: 0 | EV12: 0 | EW12: 0 | EX12: 0 | EY12: 0 | EZ12: 0 | FA12: 0 | FB12: 0 | FC12: 0 | FD12: 0 | FE12: 0 | FF12: 0 | FG12: 0 | FH12: 0 | FI12: 0 | FJ12: 0 | FK12: 0 | FL12: 0 | FM12: 0 | FN12: 0 | FO12: 0 | FP12: 0 | FQ12: 0 | FR12: 0 | FS12: 0 | FT12: 0 | FU12: 0
A13: MP7 | B13: Nemesis MW | C13: SMG | D13: Falchion | E13: 5.33 | F13: 5.67 | G13: 5.86 | H13: 5.63 | I13: 5.79 | J13: 5.22 | K13: 5.4 | L13: 5.59 | M13: 5.26 | N13: 6.57 | O13: 5.89 | P13: 5.25 | Q13: 5.48 | R13: 5.58 | S13: 5.88 | T13: 5.53 | U13: 5.66 | V13: 5.03 | W13: 5.91 | X13: 5.42 | Y13: 5.63 | Z13: 0 | AA13: 0 | AB13: 0 | AC13: 0 | AD13: 0 | AE13: 0 | AF13: 0 | AG13: 0 | AH13: 0 | AI13: 0 | AJ13: 0 | AK13: 0 | AL13: 0 | AM13: 0 | AN13: 0 | AO13: 0 | AP13: 0 | AQ13: 0 | AR13: 0 | AS13: 0 | AT13: 0 | AU13: 0 | AV13: 0 | AW13: 0 | AX13: 0 | AY13: 0 | AZ13: 0 | BA13: 0 | BB13: 0 | BC13: 0 | BD13: 0 | BE13: 0 | BF13: 0 | BG13: 0 | BH13: 0 | BI13: 0 | BJ13: 0 | BK13: 0 | BL13: 0 | BM13: 0 | BN13: 0 | BO13: 0 | BP13: 0 | BQ13: 0 | BR13: 0 | BS13: 0 | BT13: 0 | BU13: 0 | BV13: 0 | BW13: 0 | BX13: 0 | BY13: 0 | BZ13: 0 | CA13: 0 | CB13: 0 | CC13: 0 | CD13: 0 | CE13: 0 | CF13: 0 | CG13: 0 | CH13: 0 | CI13: 0 | CJ13: 0 | CK13: 0 | CL13: 0 | CM13: 0 | CN13: 0 | CO13: 0 | CP13: 0 | CQ13: 0 | CR13: 0 | CS13: 0 | CT13: 0 | CU13: 0 | CV13: 0 | CW13: 0 | CX13: 0 | CY13: 0 | CZ13: 0 | DA13: 0 | DB13: 0 | DC13: 0 | DD13: 0 | DE13: 0 | DF13: 0 | DG13: 0 | DH13: 0 | DI13: 0 | DJ13: 0 | DK13: 0 | DL13: 0 | DM13: 0 | DN13: 0 | DO13: 0 | DP13: 0 | DQ13: 0 | DR13: 0 | DS13: 0 | DT13: 0 | DU13: 0 | DV13: 0 | DW13: 0 | DX13: 0 | DY13: 0 | DZ13: 0 | EA13: 0 | EB13: 0 | EC13: 0 | ED13: 0 | EE13: 0 | EF13: 0 | EG13: 0 | EH13: 0 | EI13: 0 | EJ13: 0 | EK13: 0 | EL13: 0 | EM13: 0 | EN13: 0 | EO13: 0 | EP13: 0 | EQ13: 0 | ER13: 0 | ES13: 0 | ET13: 0 | EU13: 0 | EV13: 0 | EW13: 0 | EX13: 0 | EY13: 0 | EZ13: 0 | FA13: 0 | FB13: 0 | FC13: 0 | FD13: 0 | FE13: 0 | FF13: 0 | FG13: 0 | FH13: 0 | FI13: 0 | FJ13: 0 | FK13: 0 | FL13: 0 | FM13: 0 | FN13: 0 | FO13: 0 | FP13: 0 | FQ13: 0 | FR13: 0 | FS13: 0 | FT13: 0 | FU13: 0
A14: UMP-45 | B14: StatTrak Primal Saber FT | C14: SMG | D14: Chroma 3 | E14: 4.41 | F14: 4.16 | G14: 4.37 | H14: 4.34 | I14: 3.77 | J14: 4.34 | K14: 3.96 | L14: 4.27 | M14: 4.05 | N14: 3.79 | O14: 3.93 | P14: 3.88 | Q14: 4.23 | R14: 3.91 | S14: 4.33 | T14: 3.93 | U14: 4.08 | V14: 3.75 | W14: 4.19 | X14: 3.74 | Y14: 3.62 | Z14: 0 | AA14: 0 | AB14: 0 | AC14: 0 | AD14: 0 | AE14: 0 | AF14: 0 | AG14: 0 | AH14: 0 | AI14: 0 | AJ14: 0 | AK14: 0 | AL14: 0 | AM14: 0 | AN14: 0 | AO14: 0 | AP14: 0 | AQ14: 0 | AR14: 0 | AS14: 0 | AT14: 0 | AU14: 0 | AV14: 0 | AW14: 0 | AX14: 0 | AY14: 0 | AZ14: 0 | BA14: 0 | BB14: 0 | BC14: 0 | BD14: 0 | BE14: 0 | BF14: 0 | BG14: 0 | BH14: 0 | BI14: 0 | BJ14: 0 | BK14: 0 | BL14: 0 | BM14: 0 | BN14: 0 | BO14: 0 | BP14: 0 | BQ14: 0 | BR14: 0 | BS14: 0 | BT14: 0 | BU14: 0 | BV14: 0 | BW14: 0 | BX14: 0 | BY14: 0 | BZ14: 0 | CA14: 0 | CB14: 0 | CC14: 0 | CD14: 0 | CE14: 0 | CF14: 0 | CG14: 0 | CH14: 0 | CI14: 0 | CJ14: 0 | CK14: 0 | CL14: 0 | CM14: 0 | CN14: 0 | CO14: 0 | CP14: 0 | CQ14: 0 | CR14: 0 | CS14: 0 | CT14: 0 | CU14: 0 | CV14: 0 | CW14: 0 | CX14: 0 | CY14: 0 | CZ14: 0 | DA14: 0 | DB14: 0 | DC14: 0 | DD14: 0 | DE14: 0 | DF14: 0 | DG14: 0 | DH14: 0 | DI14: 0 | DJ14: 0 | DK14: 0 | DL14: 0 | DM14: 0 | DN14: 0 | DO14: 0 | DP14: 0 | DQ14: 0 | DR14: 0 | DS14: 0 | DT14: 0 | DU14: 0 | DV14: 0 | DW14: 0 | DX14: 0 | DY14: 0 | DZ14: 0 | EA14: 0 | EB14: 0 | EC14: 0 | ED14: 0 | EE14: 0 | EF14: 0 | EG14: 0 | EH14: 0 | EI14: 0 | EJ14: 0 | EK14: 0 | EL14: 0 | EM14: 0 | EN14: 0 | EO14: 0 | EP14: 0 | EQ14: 0 | ER14: 0 | ES14: 0 | ET14: 0 | EU14: 0 | EV14: 0 | EW14: 0 | EX14: 0 | EY14: 0 | EZ14: 0 | FA14: 0 | FB14: 0 | FC14: 0 | FD14: 0 | FE14: 0 | FF14: 0 | FG14: 0 | FH14: 0 | FI14: 0 | FJ14: 0 | FK14: 0 | FL14: 0 | FM14: 0 | FN14: 0 | FO14: 0 | FP14: 0 | FQ14: 0 | FR14: 0 | FS14: 0 | FT14: 0 | FU14: 0
A15: MP9 | B15: StatTrak Dart MW | C15: SMG | D15: Vanguard | E15: 1.73 | F15: 1.74 | G15: 1.61 | H15: 1.72 | I15: 1.73 | J15: 1.65 | K15: 1.69 | L15: 1.75 | M15: 2.09 | N15: 1.77 | O15: 1.72 | P15: 1.69 | Q15: 1.63 | R15: 1.49 | S15: 1.75 | T15: 1.7 | U15: 1.69 | V15: 1.69 | W15: 1.72 | X15: 1.51 | Y15: 1.76 | Z15: 0 | AA15: 0 | AB15: 0 | AC15: 0 | AD15: 0 | AE15: 0 | AF15: 0 | AG15: 0 | AH15: 0 | AI15: 0 | AJ15: 0 | AK15: 0 | AL15: 0 | AM15: 0 | AN15: 0 | AO15: 0 | AP15: 0 | AQ15: 0 | AR15: 0 | AS15: 0 | AT15: 0 | AU15: 0 | AV15: 0 | AW15: 0 | AX15: 0 | AY15: 0 | AZ15: 0 | BA15: 0 | BB15: 0 | BC15: 0 | BD15: 0 | BE15: 0 | BF15: 0 | BG15: 0 | BH15: 0 | BI15: 0 | BJ15: 0 | BK15: 0 | BL15: 0 | BM15: 0 | BN15: 0 | BO15: 0 | BP15: 0 | BQ15: 0 | BR15: 0 | BS15: 0 | BT15: 0 | BU15: 0 | BV15: 0 | BW15: 0 | BX15: 0 | BY15: 0 | BZ15: 0 | CA15: 0 | CB15: 0 | CC15: 0 | CD15: 0 | CE15: 0 | CF15: 0 | CG15: 0 | CH15: 0 | CI15: 0 | CJ15: 0 | CK15: 0 | CL15: 0 | CM15: 0 | CN15: 0 | CO15: 0 | CP15: 0 | CQ15: 0 | CR15: 0 | CS15: 0 | CT15: 0 | CU15: 0 | CV15: 0 | CW15: 0 | CX15: 0 | CY15: 0 | CZ15: 0 | DA15: 0 | DB15: 0 | DC15: 0 | DD15: 0 | DE15: 0 | DF15: 0 | DG15: 0 | DH15: 0 | DI15: 0 | DJ15: 0 | DK15: 0 | DL15: 0 | DM15: 0 | DN15: 0 | DO15: 0 | DP15: 0 | DQ15: 0 | DR15: 0 | DS15: 0 | DT15: 0 | DU15: 0 | DV15: 0 | DW15: 0 | DX15: 0 | DY15: 0 | DZ15: 0 | EA15: 0 | EB15: 0 | EC15: 0 | ED15: 0 | EE15: 0 | EF15: 0 | EG15: 0 | EH15: 0 | EI15: 0 | EJ15: 0 | EK15: 0 | EL15: 0 | EM15: 0 | EN15: 0 | EO15: 0 | EP15: 0 | EQ15: 0 | ER15: 0 | ES15: 0 | ET15: 0 | EU15: 0 | EV15: 0 | EW15: 0 | EX15: 0 | EY15: 0 | EZ15: 0 | FA15: 0 | FB15: 0 | FC15: 0 | FD15: 0 | FE15: 0 | FF15: 0 | FG15: 0 | FH15: 0 | FI15: 0 | FJ15: 0 | FK15: 0 | FL15: 0 | FM15: 0 | FN15: 0 | FO15: 0 | FP15: 0 | FQ15: 0 | FR15: 0 | FS15: 0 | FT15: 0 | FU15: 0
A16: P90 | B16: Asiimov FT | C16: SMG | D16: Breakout | E16: 8.36 | F16: 8.05 | G16: 7.84 | H16: 8.07 | I16: 8.7 | J16: 8.58 | K16: 8.42 | L16: 7.84 | M16: 8.1 | N16: 7.68 | O16: 8.07 | P16: 8.23 | Q16: 8.78 | R16: 7.94 | S16: 8.46 | T16: 8.58 | U16: 7.98 | V16: 8.35 | W16: 8.63 | X16: 7.56 | Y16: 7.71 | Z16: 0 | AA16: 0 | AB16: 0 | AC16: 0 | AD16: 0 | AE16: 0 | AF16: 0 | AG16: 0 | AH16: 0 | AI16: 0 | AJ16: 0 | AK16: 0 | AL16: 0 | AM16: 0 | AN16: 0 | AO16: 0 | AP16: 0 | AQ16: 0 | AR16: 0 | AS16: 0 | AT16: 0 | AU16: 0 | AV16: 0 | AW16: 0 | AX16: 0 | AY16: 0 | AZ16: 0 | BA16: 0 | BB16: 0 | BC16: 0 | BD16: 0 | BE16: 0 | BF16: 0 | BG16: 0 | BH16: 0 | BI16: 0 | BJ16: 0 | BK16: 0 | BL16: 0 | BM16: 0 | BN16: 0 | BO16: 0 | BP16: 0 | BQ16: 0 | BR16: 0 | BS16: 0 | BT16: 0 | BU16: 0 | BV16: 0 | BW16: 0 | BX16: 0 | BY16: 0 | BZ16: 0 | CA16: 0 | CB16: 0 | CC16: 0 | CD16: 0 | CE16: 0 | CF16: 0 | CG16: 0 | CH16: 0 | CI16: 0 | CJ16: 0 | CK16: 0 | CL16: 0 | CM16: 0 | CN16: 0 | CO16: 0 | CP16: 0 | CQ16: 0 | CR16: 0 | CS16: 0 | CT16: 0 | CU16: 0 | CV16: 0 | CW16: 0 | CX16: 0 | CY16: 0 | CZ16: 0 | DA16: 0 | DB16: 0 | DC16: 0 | DD16: 0 | DE16: 0 | DF16: 0 | DG16: 0 | DH16: 0 | DI16: 0 | DJ16: 0 | DK16: 0 | DL16: 0 | DM16: 0 | DN16: 0 | DO16: 0 | DP16: 0 | DQ16: 0 | DR16: 0 | DS16: 0 | DT16: 0 | DU16: 0 | DV16: 0 | DW16: 0 | DX16: 0 | DY16: 0 | DZ16: 0 | EA16: 0 | EB16: 0 | EC16: 0 | ED16: 0 | EE16: 0 | EF16: 0 | EG16: 0 | EH16: 0 | EI16: 0 | EJ16: 0 | EK16: 0 | EL16: 0 | EM16: 0 | EN16: 0 | EO16: 0 | EP16: 0 | EQ16: 0 | ER16: 0 | ES16: 0 | ET16: 0 | EU16: 0 | EV16: 0 | EW16: 0 | EX16: 0 | EY16: 0 | EZ16: 0 | FA16: 0 | FB16: 0 | FC16: 0 | FD16: 0 | FE16: 0 | FF16: 0 | FG16: 0 | FH16: 0 | FI16: 0 | FJ16: 0 | FK16: 0 | FL16: 0 | FM16: 0 | FN16: 0 | FO16: 0 | FP16: 0 | FQ16: 0 | FR16: 0 | FS16: 0 | FT16: 0 | FU16: 0
A17: PP-Bizon | B17: StatTrak Osiris FT | C17: SMG | D17: Breakout | E17: 1.46 | F17: 1.44 | G17: 1.44 | H17: 1.39 | I17: 1.47 | J17: 1.44 | K17: 1.43 | L17: 1.39 | M17: 1.43 | N17: 1.53 | O17: 1.54 | P17: 1.57 | Q17: 1.65 | R17: 1.61 | S17: 1.61 | T17: 1.65 | U17: 1.58 | V17: 1.49 | W17: 1.46 | X17: 1.44 | Y17: 1.52 | Z17: 0 | AA17: 0 | AB17: 0 | AC17: 0 | AD17: 0 | AE17: 0 | AF17: 0 | AG17: 0 | AH17: 0 | AI17: 0 | AJ17: 0 | AK17: 0 | AL17: 0 | AM17: 0 | AN17: 0 | AO17: 0 | AP17: 0 | AQ17: 0 | AR17: 0 | AS17: 0 | AT17: 0 | AU17: 0 | AV17: 0 | AW17: 0 | AX17: 0 | AY17: 0 | AZ17: 0 | BA17: 0 | BB17: 0 | BC17: 0 | BD17: 0 | BE17: 0 | BF17: 0 | BG17: 0 | BH17: 0 | BI17: 0 | BJ17: 0 | BK17: 0 | BL17: 0 | BM17: 0 | BN17: 0 | BO17: 0 | BP17: 0 | BQ17: 0 | BR17: 0 | BS17: 0 | BT17: 0 | BU17: 0 | BV17: 0 | BW17: 0 | BX17: 0 | BY17: 0 | BZ17: 0 | CA17: 0 | CB17: 0 | CC17: 0 | CD17: 0 | CE17: 0 | CF17: 0 | CG17: 0 | CH17: 0 | CI17: 0 | CJ17: 0 | CK17: 0 | CL17: 0 | CM17: 0 | CN17: 0 | CO17: 0 | CP17: 0 | CQ17: 0 | CR17: 0 | CS17: 0 | CT17: 0 | CU17: 0 | CV17: 0 | CW17: 0 | CX17: 0 | CY17: 0 | CZ17: 0 | DA17: 0 | DB17: 0 | DC17: 0 | DD17: 0 | DE17: 0 | DF17: 0 | DG17: 0 | DH17: 0 | DI17: 0 | DJ17: 0 | DK17: 0 | DL17: 0 | DM17: 0 | DN17: 0 | DO17: 0 | DP17: 0 | DQ17: 0 | DR17: 0 | DS17: 0 | DT17: 0 | DU17: 0 | DV17: 0 | DW17: 0 | DX17: 0 | DY17: 0 | DZ17: 0 | EA17: 0 | EB17: 0 | EC17: 0 | ED17: 0 | EE17: 0 | EF17: 0 | EG17: 0 | EH17: 0 | EI17: 0 | EJ17: 0 | EK17: 0 | EL17: 0 | EM17: 0 | EN17: 0 | EO17: 0 | EP17: 0 | EQ17: 0 | ER17: 0 | ES17: 0 | ET17: 0 | EU17: 0 | EV17: 0 | EW17: 0 | EX17: 0 | EY17: 0 | EZ17: 0 | FA17: 0 | FB17: 0 | FC17: 0 | FD17: 0 | FE17: 0 | FF17: 0 | FG17: 0 | FH17: 0 | FI17: 0 | FJ17: 0 | FK17: 0 | FL17: 0 | FM17: 0 | FN17: 0 | FO17: 0 | FP17: 0 | FQ17: 0 | FR17: 0 | FS17: 0 | FT17: 0 | FU17: 0
D20: Total | E20: =SUM(E4:E17) -> 66.95 | F20: =SUM(F4:F17) -> 67.2 | G20: =SUM(G4:G17) -> 63.86 | H20: =SUM(H4:H17) -> 63.06 | I20: =SUM(I4:I17) -> 66.27 | J20: =SUM(J4:J17) -> 67.62 | K20: =SUM(K4:K17) -> 66.72 | L20: =SUM(L4:L17) -> 66.37 | ... FU20: =SUM(FU4:FU17) -> 0
A25: Weapon | B25: Skin | C25: Type | D25: Collection | E25: =E3 -> 44331 | F25: =F3 -> 44332 | G25: =G3 -> 44334 | H25: =H3 -> 44336 | I25: =I3 -> 44337 | J25: =J3 -> 44338 | K25: =K3 -> 44339 | L25: =L3 -> 44340 | ... FU25: =FU3 -> 44505
A26: =A4 -> UMP-45 | B26: =B4 -> Plastique MW | C26: =C4 -> SMG | D26: =D4 -> CS20 | E26: =E4-ROUNDUP(E4*0.3,2) -> 0.56 | F26: =F4-ROUNDUP(F4*0.3,2) -> 0.58 | G26: =G4-ROUNDUP(G4*0.3,2) -> 0.57 | H26: =H4-ROUNDUP(H4*0.3,2) -> 0.53 | I26: =I4-ROUNDUP(I4*0.3,2) -> 0.57 | J26: =J4-ROUNDUP(J4*0.3,2) -> 0.58 | K26: =K4-ROUNDUP(K4*0.3,2) -> 0.58 | L26: =L4-ROUNDUP(L4*0.3,2) -> 0.58 | ... FU26: =FU4-ROUNDUP(FU4*0.3,2) -> 0
A27: =A5 -> PP-Bizon | B27: =B5 -> Fuel Rod FT | C27: =C5 -> SMG | D27: =D5 -> Revolver | E27: =E5-ROUNDUP(E5*0.3,2) -> 0.77 | F27: =F5-ROUNDUP(F5*0.3,2) -> 0.72 | G27: =G5-ROUNDUP(G5*0.3,2) -> 0.68 | H27: =H5-ROUNDUP(H5*0.3,2) -> 0.65 | I27: =I5-ROUNDUP(I5*0.3,2) -> 0.61 | J27: =J5-ROUNDUP(J5*0.3,2) -> 0.68 | K27: =K5-ROUNDUP(K5*0.3,2) -> 0.65 | L27: =L5-ROUNDUP(L5*0.3,2) -> 0.65 | ... FU27: =FU5-ROUNDUP(FU5*0.3,2) -> 0
A28: =A6 -> MP9 | B28: =B6 -> Hydra MW | C28: =C6 -> SMG | D28: =D6 -> CS20 | E28: =E6-ROUNDUP(E6*0.3,2) -> 4.46 | F28: =F6-ROUNDUP(F6*0.3,2) -> 3.94 | G28: =G6-ROUNDUP(G6*0.3,2) -> 3.99 | H28: =H6-ROUNDUP(H6*0.3,2) -> 4.15 | I28: =I6-ROUNDUP(I6*0.3,2) -> 4.1 | J28: =J6-ROUNDUP(J6*0.3,2) -> 4.34 | K28: =K6-ROUNDUP(K6*0.3,2) -> 4.14 | L28: =L6-ROUNDUP(L6*0.3,2) -> 4.32 | ... FU28: =FU6-ROUNDUP(FU6*0.3,2) -> 0
A29: =A7 -> MP7 | B29: =B7 -> Impire MW | C29: =C7 -> SMG | D29: =D7 -> Wildfire | E29: =E7-ROUNDUP(E7*0.3,2) -> 1.02 | F29: =F7-ROUNDUP(F7*0.3,2) -> 1 | G29: =G7-ROUNDUP(G7*0.3,2) -> 1.04 | H29: =H7-ROUNDUP(H7*0.3,2) -> 1.02 | I29: =I7-ROUNDUP(I7*0.3,2) -> 1.07 | J29: =J7-ROUNDUP(J7*0.3,2) -> 1.07 | K29: =K7-ROUNDUP(K7*0.3,2) -> 1.01 | L29: =L7-ROUNDUP(L7*0.3,2) -> 1.07 | ... FU29: =FU7-ROUNDUP(FU7*0.3,2) -> 0
A30: =A8 -> MAC-10 | B30: =B8 -> Malachite MW | C30: =C8 -> SMG | D30: =D8 -> Chroma | E30: =E8-ROUNDUP(E8*0.3,2) -> 1.05 | F30: =F8-ROUNDUP(F8*0.3,2) -> 1.01 | G30: =G8-ROUNDUP(G8*0.3,2) -> 0.98 | H30: =H8-ROUNDUP(H8*0.3,2) -> 0.97 | I30: =I8-ROUNDUP(I8*0.3,2) -> 1.05 | J30: =J8-ROUNDUP(J8*0.3,2) -> 1.07 | K30: =K8-ROUNDUP(K8*0.3,2) -> 1.02 | L30: =L8-ROUNDUP(L8*0.3,2) -> 1.08 | ... FU30: =FU8-ROUNDUP(FU8*0.3,2) -> 0
A31: =A9 -> MP5-SD | B31: =B9 -> Bamboo Garden MW | C31: =C9 -> SMG | D31: =D9 -> St. Marc | E31: =E9-ROUNDUP(E9*0.3,2) -> 0.36 | F31: =F9-ROUNDUP(F9*0.3,2) -> 0.33 | G31: =G9-ROUNDUP(G9*0.3,2) -> 0.37 | H31: =H9-ROUNDUP(H9*0.3,2) -> 0.38 | I31: =I9-ROUNDUP(I9*0.3,2) -> 0.37 | J31: =J9-ROUNDUP(J9*0.3,2) -> 0.42 | K31: =K9-ROUNDUP(K9*0.3,2) -> 0.53 | L31: =L9-ROUNDUP(L9*0.3,2) -> 0.54 | ... FU31: =FU9-ROUNDUP(FU9*0.3,2) -> 0
A32: =A10 -> MAC-10 | B32: =B10 -> StatTrak Neon Rider MW | C32: =C10 -> SMG | D32: =D10 -> Chroma 2 | E32: =E10-ROUNDUP(E10*0.3,2) -> 15.73 | F32: =F10-ROUNDUP(F10*0.3,2) -> 16.42 | G32: =G10-ROUNDUP(G10*0.3,2) -> 14.49 | H32: =H10-ROUNDUP(H10*0.3,2) -> 13.86 | I32: =I10-ROUNDUP(I10*0.3,2) -> 15.38 | J32: =J10-ROUNDUP(J10*0.3,2) -> 16.42 | K32: =K10-ROUNDUP(K10*0.3,2) -> 16.49 | L32: =L10-ROUNDUP(L10*0.3,2) -> 15.85 | ... FU32: =FU10-ROUNDUP(FU10*0.3,2) -> 0
A33: =A11 -> UMP-45 | B33: =B11 -> Momentum FN | C33: =C11 -> SMG | D33: =D11 -> Danger Zone | E33: =E11-ROUNDUP(E11*0.3,2) -> 5.45 | F33: =F11-ROUNDUP(F11*0.3,2) -> 5.73 | G33: =G11-ROUNDUP(G11*0.3,2) -> 5.22 | H33: =H11-ROUNDUP(H11*0.3,2) -> 5.31 | I33: =I11-ROUNDUP(I11*0.3,2) -> 5.49 | J33: =J11-ROUNDUP(J11*0.3,2) -> 5.37 | K33: =K11-ROUNDUP(K11*0.3,2) -> 5.11 | L33: =L11-ROUNDUP(L11*0.3,2) -> 5.27 | ... FU33: =FU11-ROUNDUP(FU11*0.3,2) -> 0
A34: =A12 -> MP7 | B34: =B12 -> Bloodsport MW | C34: =C12 -> SMG | D34: =D12 -> Clutch | E34: =E12-ROUNDUP(E12*0.3,2) -> 2.54 | F34: =F12-ROUNDUP(F12*0.3,2) -> 2.52 | G34: =G12-ROUNDUP(G12*0.3,2) -> 2.54 | H34: =H12-ROUNDUP(H12*0.3,2) -> 2.44 | I34: =I12-ROUNDUP(I12*0.3,2) -> 2.68 | J34: =J12-ROUNDUP(J12*0.3,2) -> 2.47 | K34: =K12-ROUNDUP(K12*0.3,2) -> 2.49 | L34: =L12-ROUNDUP(L12*0.3,2) -> 2.47 | ... FU34: =FU12-ROUNDUP(FU12*0.3,2) -> 0
A35: =A13 -> MP7 | B35: =B13 -> Nemesis MW | C35: =C13 -> SMG | D35: =D13 -> Falchion | E35: =E13-ROUNDUP(E13*0.3,2) -> 3.73 | F35: =F13-ROUNDUP(F13*0.3,2) -> 3.96 | G35: =G13-ROUNDUP(G13*0.3,2) -> 4.1 | H35: =H13-ROUNDUP(H13*0.3,2) -> 3.94 | I35: =I13-ROUNDUP(I13*0.3,2) -> 4.05 | J35: =J13-ROUNDUP(J13*0.3,2) -> 3.65 | K35: =K13-ROUNDUP(K13*0.3,2) -> 3.78 | L35: =L13-ROUNDUP(L13*0.3,2) -> 3.91 | ... FU35: =FU13-ROUNDUP(FU13*0.3,2) -> 0
A36: =A14 -> UMP-45 | B36: =B14 -> StatTrak Primal Saber FT | C36: =C14 -> SMG | D36: =D14 -> Chroma 3 | E36: =E14-ROUNDUP(E14*0.3,2) -> 3.08 | F36: =F14-ROUNDUP(F14*0.3,2) -> 2.91 | G36: =G14-ROUNDUP(G14*0.3,2) -> 3.05 | H36: =H14-ROUNDUP(H14*0.3,2) -> 3.03 | I36: =I14-ROUNDUP(I14*0.3,2) -> 2.63 | J36: =J14-ROUNDUP(J14*0.3,2) -> 3.03 | K36: =K14-ROUNDUP(K14*0.3,2) -> 2.77 | L36: =L14-ROUNDUP(L14*0.3,2) -> 2.98 | ... FU36: =FU14-ROUNDUP(FU14*0.3,2) -> 0
A37: =A15 -> MP9 | B37: =B15 -> StatTrak Dart MW | C37: =C15 -> SMG | D37: =D15 -> Vanguard | E37: =E15-ROUNDUP(E15*0.3,2) -> 1.21 | F37: =F15-ROUNDUP(F15*0.3,2) -> 1.21 | G37: =G15-ROUNDUP(G15*0.3,2) -> 1.12 | H37: =H15-ROUNDUP(H15*0.3,2) -> 1.2 | I37: =I15-ROUNDUP(I15*0.3,2) -> 1.21 | J37: =J15-ROUNDUP(J15*0.3,2) -> 1.15 | K37: =K15-ROUNDUP(K15*0.3,2) -> 1.18 | L37: =L15-ROUNDUP(L15*0.3,2) -> 1.22 | ... FU37: =FU15-ROUNDUP(FU15*0.3,2) -> 0
... A39: =A17 -> PP-Bizon | B39: =B17 -> StatTrak Osiris FT | C39: =C17 -> SMG | D39: =D17 -> Breakout | E39: =E17-ROUNDUP(E17*0.3,2) -> 1.02 | F39: =F17-ROUNDUP(F17*0.3,2) -> 1 | G39: =G17-ROUNDUP(G17*0.3,2) -> 1 | H39: =H17-ROUNDUP(H17*0.3,2) -> 0.97 | I39: =I17-ROUNDUP(I17*0.3,2) -> 1.02 | J39: =J17-ROUNDUP(J17*0.3,2) -> 1 | K39: =K17-ROUNDUP(K17*0.3,2) -> 1 | L39: =L17-ROUNDUP(L17*0.3,2) -> 0.97 | ... FU39: =FU17-ROUNDUP(FU17*0.3,2) -> 0
D42: Total | E42: =SUM(E26:E39) -> 46.83 | F42: =SUM(F26:F39) -> 46.96 | G42: =SUM(G26:G39) -> 44.63 | H42: =SUM(H26:H39) -> 44.09 | I42: =SUM(I26:I39) -> 46.32 | J42: =SUM(J26:J39) -> 47.25 | K42: =SUM(K26:K39) -> 46.64 | L42: =SUM(L26:L39) -> 46.39 | ... FU42: =SUM(FU26:FU39) -> 0

Sheet Pistol
B1: Pistol
A3: Weapon | B3: Skin | C3: Type | D3: Collection | E3: =Inventory!E1 -> 44331 | F3: =Inventory!F1 -> 44332 | G3: =Inventory!G1 -> 44334 | H3: =Inventory!H1 -> 44336 | I3: =Inventory!I1 -> 44337 | J3: =Inventory!J1 -> 44338 | K3: =Inventory!K1 -> 44339 | L3: =Inventory!L1 -> 44340 | ... FU3: =Inventory!FU1 -> 44505
A4: {=_xlfn._xlws.FILTER(Inventory!$A$2:$FU$103, (Inventory!C2:C103="Pistol"))} -> USP-S | B4: Flashback MW | C4: Pistol | D4: Danger Zone | E4: 0.92 | F4: 0.85 | G4: 0.87 | H4: 0.93 | I4: 0.92 | J4: 0.93 | K4: 0.86 | L4: 0.97 | M4: 0.85 | N4: 0.94 | O4: 0.93 | P4: 0.84 | Q4: 0.86 | R4: 0.86 | S4: 0.88 | T4: 0.88 | U4: 0.87 | V4: 0.88 | W4: 0.85 | X4: 0.86 | Y4: 0.86 | Z4: 0 | AA4: 0 | AB4: 0 | AC4: 0 | AD4: 0 | AE4: 0 | AF4: 0 | AG4: 0 | AH4: 0 | AI4: 0 | AJ4: 0 | AK4: 0 | AL4: 0 | AM4: 0 | AN4: 0 | AO4: 0 | AP4: 0 | AQ4: 0 | AR4: 0 | AS4: 0 | AT4: 0 | AU4: 0 | AV4: 0 | AW4: 0 | AX4: 0 | AY4: 0 | AZ4: 0 | BA4: 0 | BB4: 0 | BC4: 0 | BD4: 0 | BE4: 0 | BF4: 0 | BG4: 0 | BH4: 0 | BI4: 0 | BJ4: 0 | BK4: 0 | BL4: 0 | BM4: 0 | BN4: 0 | BO4: 0 | BP4: 0 | BQ4: 0 | BR4: 0 | BS4: 0 | BT4: 0 | BU4: 0 | BV4: 0 | BW4: 0 | BX4: 0 | BY4: 0 | BZ4: 0 | CA4: 0 | CB4: 0 | CC4: 0 | CD4: 0 | CE4: 0 | CF4: 0 | CG4: 0 | CH4: 0 | CI4: 0 | CJ4: 0 | CK4: 0 | CL4: 0 | CM4: 0 | CN4: 0 | CO4: 0 | CP4: 0 | CQ4: 0 | CR4: 0 | CS4: 0 | CT4: 0 | CU4: 0 | CV4: 0 | CW4: 0 | CX4: 0 | CY4: 0 | CZ4: 0 | DA4: 0 | DB4: 0 | DC4: 0 | DD4: 0 | DE4: 0 | DF4: 0 | DG4: 0 | DH4: 0 | DI4: 0 | DJ4: 0 | DK4: 0 | DL4: 0 | DM4: 0 | DN4: 0 | DO4: 0 | DP4: 0 | DQ4: 0 | DR4: 0 | DS4: 0 | DT4: 0 | DU4: 0 | DV4: 0 | DW4: 0 | DX4: 0 | DY4: 0 | DZ4: 0 | EA4: 0 | EB4: 0 | EC4: 0 | ED4: 0 | EE4: 0 | EF4: 0 | EG4: 0 | EH4: 0 | EI4: 0 | EJ4: 0 | EK4: 0 | EL4: 0 | EM4: 0 | EN4: 0 | EO4: 0 | EP4: 0 | EQ4: 0 | ER4: 0 | ES4: 0 | ET4: 0 | EU4: 0 | EV4: 0 | EW4: 0 | EX4: 0 | EY4: 0 | EZ4: 0 | FA4: 0 | FB4: 0 | FC4: 0 | FD4: 0 | FE4: 0 | FF4: 0 | FG4: 0 | FH4: 0 | FI4: 0 | FJ4: 0 | FK4: 0 | FL4: 0 | FM4: 0 | FN4: 0 | FO4: 0 | FP4: 0 | FQ4: 0 | FR4: 0 | FS4: 0 | FT4: 0 | FU4: 0
A5: Glock-18 | B5: Nuclear Garden FT | C5: Pistol | D5: 2018 Nuke | E5: 4.64 | F5: 4.57 | G5: 4.44 | H5: 4.05 | I5: 4.3 | J5: 4.19 | K5: 4.65 | L5: 4.22 | M5: 4.38 | N5: 4.42 | O5: 4.26 | P5: 4.31 | Q5: 4.22 | R5: 4.29 | S5: 4.33 | T5: 4.34 | U5: 4.29 | V5: 4.34 | W5: 4.1 | X5: 4.22 | Y5: 4.17 | Z5: 0 | AA5: 0 | AB5: 0 | AC5: 0 | AD5: 0 | AE5: 0 | AF5: 0 | AG5: 0 | AH5: 0 | AI5: 0 | AJ5: 0 | AK5: 0 | AL5: 0 | AM5: 0 | AN5: 0 | AO5: 0 | AP5: 0 | AQ5: 0 | AR5: 0 | AS5: 0 | AT5: 0 | AU5: 0 | AV5: 0 | AW5: 0 | AX5: 0 | AY5: 0 | AZ5: 0 | BA5: 0 | BB5: 0 | BC5: 0 | BD5: 0 | BE5: 0 | BF5: 0 | BG5: 0 | BH5: 0 | BI5: 0 | BJ5: 0 | BK5: 0 | BL5: 0 | BM5: 0 | BN5: 0 | BO5: 0 | BP5: 0 | BQ5: 0 | BR5: 0 | BS5: 0 | BT5: 0 | BU5: 0 | BV5: 0 | BW5: 0 | BX5: 0 | BY5: 0 | BZ5: 0 | CA5: 0 | CB5: 0 | CC5: 0 | CD5: 0 | CE5: 0 | CF5: 0 | CG5: 0 | CH5: 0 | CI5: 0 | CJ5: 0 | CK5: 0 | CL5: 0 | CM5: 0 | CN5: 0 | CO5: 0 | CP5: 0 | CQ5: 0 | CR5: 0 | CS5: 0 | CT5: 0 | CU5: 0 | CV5: 0 | CW5: 0 | CX5: 0 | CY5: 0 | CZ5: 0 | DA5: 0 | DB5: 0 | DC5: 0 | DD5: 0 | DE5: 0 | DF5: 0 | DG5: 0 | DH5: 0 | DI5: 0 | DJ5: 0 | DK5: 0 | DL5: 0 | DM5: 0 | DN5: 0 | DO5: 0 | DP5: 0 | DQ5: 0 | DR5: 0 | DS5: 0 | DT5: 0 | DU5: 0 | DV5: 0 | DW5: 0 | DX5: 0 | DY5: 0 | DZ5: 0 | EA5: 0 | EB5: 0 | EC5: 0 | ED5: 0 | EE5: 0 | EF5: 0 | EG5: 0 | EH5: 0 | EI5: 0 | EJ5: 0 | EK5: 0 | EL5: 0 | EM5: 0 | EN5: 0 | EO5: 0 | EP5: 0 | EQ5: 0 | ER5: 0 | ES5: 0 | ET5: 0 | EU5: 0 | EV5: 0 | EW5: 0 | EX5: 0 | EY5: 0 | EZ5: 0 | FA5: 0 | FB5: 0 | FC5: 0 | FD5: 0 | FE5: 0 | FF5: 0 | FG5: 0 | FH5: 0 | FI5: 0 | FJ5: 0 | FK5: 0 | FL5: 0 | FM5: 0 | FN5: 0 | FO5: 0 | FP5: 0 | FQ5: 0 | FR5: 0 | FS5: 0 | FT5: 0 | FU5: 0
A6: Five-SeveN | B6: Hot Shot MW | C6: Pistol | D6: Cache | E6: 0.73 | F6: 0.73 | G6: 0.74 | H6: 0.82 | I6: 0.82 | J6: 0.82 | K6: 0.81 | L6: 0.8 | M6: 0.82 | N6: 0.81 | O6: 0.82 | P6: 0.82 | Q6: 0.82 | R6: 0.81 | S6: 0.84 | T6: 0.78 | U6: 0.85 | V6: 0.81 | W6: 0.84 | X6: 0.84 | Y6: 0.86 | Z6: 0 | AA6: 0 | AB6: 0 | AC6: 0 | AD6: 0 | AE6: 0 | AF6: 0 | AG6: 0 | AH6: 0 | AI6: 0 | AJ6: 0 | AK6: 0 | AL6: 0 | AM6: 0 | AN6: 0 | AO6: 0 | AP6: 0 | AQ6: 0 | AR6: 0 | AS6: 0 | AT6: 0 | AU6: 0 | AV6: 0 | AW6: 0 | AX6: 0 | AY6: 0 | AZ6: 0 | BA6: 0 | BB6: 0 | BC6: 0 | BD6: 0 | BE6: 0 | BF6: 0 | BG6: 0 | BH6: 0 | BI6: 0 | BJ6: 0 | BK6: 0 | BL6: 0 | BM6: 0 | BN6: 0 | BO6: 0 | BP6: 0 | BQ6: 0 | BR6: 0 | BS6: 0 | BT6: 0 | BU6: 0 | BV6: 0 | BW6: 0 | BX6: 0 | BY6: 0 | BZ6: 0 | CA6: 0 | CB6: 0 | CC6: 0 | CD6: 0 | CE6: 0 | CF6: 0 | CG6: 0 | CH6: 0 | CI6: 0 | CJ6: 0 | CK6: 0 | CL6: 0 | CM6: 0 | CN6: 0 | CO6: 0 | CP6: 0 | CQ6: 0 | CR6: 0 | CS6: 0 | CT6: 0 | CU6: 0 | CV6: 0 | CW6: 0 | CX6: 0 | CY6: 0 | CZ6: 0 | DA6: 0 | DB6: 0 | DC6: 0 | DD6: 0 | DE6: 0 | DF6: 0 | DG6: 0 | DH6: 0 | DI6: 0 | DJ6: 0 | DK6: 0 | DL6: 0 | DM6: 0 | DN6: 0 | DO6: 0 | DP6: 0 | DQ6: 0 | DR6: 0 | DS6: 0 | DT6: 0 | DU6: 0 | DV6: 0 | DW6: 0 | DX6: 0 | DY6: 0 | DZ6: 0 | EA6: 0 | EB6: 0 | EC6: 0 | ED6: 0 | EE6: 0 | EF6: 0 | EG6: 0 | EH6: 0 | EI6: 0 | EJ6: 0 | EK6: 0 | EL6: 0 | EM6: 0 | EN6: 0 | EO6: 0 | EP6: 0 | EQ6: 0 | ER6: 0 | ES6: 0 | ET6: 0 | EU6: 0 | EV6: 0 | EW6: 0 | EX6: 0 | EY6: 0 | EZ6: 0 | FA6: 0 | FB6: 0 | FC6: 0 | FD6: 0 | FE6: 0 | FF6: 0 | FG6: 0 | FH6: 0 | FI6: 0 | FJ6: 0 | FK6: 0 | FL6: 0 | FM6: 0 | FN6: 0 | FO6: 0 | FP6: 0 | FQ6: 0 | FR6: 0 | FS6: 0 | FT6: 0 | FU6: 0
A7: Dual Berettas | B7: Emerald FN | C7: Pistol | D7: Canals | E7: 11.4 | F7: 11.35 | G7: 11.04 | H7: 12.32 | I7: 12.32 | J7: 12.34 | K7: 14.23 | L7: 18.35 | M7: 19.45 | N7: 25.73 | O7: 30.27 | P7: 24.72 | Q7: 29.14 | R7: 26.94 | S7: 26.19 | T7: 26.24 | U7: 26.29 | V7: 36.42 | W7: 38.91 | X7: 42.79 | Y7: 40.04 | Z7: 0 | AA7: 0 | AB7: 0 | AC7: 0 | AD7: 0 | AE7: 0 | AF7: 0 | AG7: 0 | AH7: 0 | AI7: 0 | AJ7: 0 | AK7: 0 | AL7: 0 | AM7: 0 | AN7: 0 | AO7: 0 | AP7: 0 | AQ7: 0 | AR7: 0 | AS7: 0 | AT7: 0 | AU7: 0 | AV7: 0 | AW7: 0 | AX7: 0 | AY7: 0 | AZ7: 0 | BA7: 0 | BB7: 0 | BC7: 0 | BD7: 0 | BE7: 0 | BF7: 0 | BG7: 0 | BH7: 0 | BI7: 0 | BJ7: 0 | BK7: 0 | BL7: 0 | BM7: 0 | BN7: 0 | BO7: 0 | BP7: 0 | BQ7: 0 | BR7: 0 | BS7: 0 | BT7: 0 | BU7: 0 | BV7: 0 | BW7: 0 | BX7: 0 | BY7: 0 | BZ7: 0 | CA7: 0 | CB7: 0 | CC7: 0 | CD7: 0 | CE7: 0 | CF7: 0 | CG7: 0 | CH7: 0 | CI7: 0 | CJ7: 0 | CK7: 0 | CL7: 0 | CM7: 0 | CN7: 0 | CO7: 0 | CP7: 0 | CQ7: 0 | CR7: 0 | CS7: 0 | CT7: 0 | CU7: 0 | CV7: 0 | CW7: 0 | CX7: 0 | CY7: 0 | CZ7: 0 | DA7: 0 | DB7: 0 | DC7: 0 | DD7: 0 | DE7: 0 | DF7: 0 | DG7: 0 | DH7: 0 | DI7: 0 | DJ7: 0 | DK7: 0 | DL7: 0 | DM7: 0 | DN7: 0 | DO7: 0 | DP7: 0 | DQ7: 0 | DR7: 0 | DS7: 0 | DT7: 0 | DU7: 0 | DV7: 0 | DW7: 0 | DX7: 0 | DY7: 0 | DZ7: 0 | EA7: 0 | EB7: 0 | EC7: 0 | ED7: 0 | EE7: 0 | EF7: 0 | EG7: 0 | EH7: 0 | EI7: 0 | EJ7: 0 | EK7: 0 | EL7: 0 | EM7: 0 | EN7: 0 | EO7: 0 | EP7: 0 | EQ7: 0 | ER7: 0 | ES7: 0 | ET7: 0 | EU7: 0 | EV7: 0 | EW7: 0 | EX7: 0 | EY7: 0 | EZ7: 0 | FA7: 0 | FB7: 0 | FC7: 0 | FD7: 0 | FE7: 0 | FF7: 0 | FG7: 0 | FH7: 0 | FI7: 0 | FJ7: 0 | FK7: 0 | FL7: 0 | FM7: 0 | FN7: 0 | FO7: 0 | FP7: 0 | FQ7: 0 | FR7: 0 | FS7: 0 | FT7: 0 | FU7: 0
A8: Desert Eagle | B8: Midnight Storm MW | C8: Pistol | D8: Rising Sun | E8: 9.14 | F8: 9.04 | G8: 8.65 | H8: 9.56 | I8: 9.01 | J8: 10.08 | K8: 9.1 | L8: 9.6 | M8: 9.58 | N8: 9.48 | O8: 11.35 | P8: 12.34 | Q8: 12.21 | R8: 11.98 | S8: 12.07 | T8: 11.78 | U8: 12.2 | V8: 12.1 | W8: 13.7 | X8: 13.34 | Y8: 13.35 | Z8: 0 | AA8: 0 | AB8: 0 | AC8: 0 | AD8: 0 | AE8: 0 | AF8: 0 | AG8: 0 | AH8: 0 | AI8: 0 | AJ8: 0 | AK8: 0 | AL8: 0 | AM8: 0 | AN8: 0 | AO8: 0 | AP8: 0 | AQ8: 0 | AR8: 0 | AS8: 0 | AT8: 0 | AU8: 0 | AV8: 0 | AW8: 0 | AX8: 0 | AY8: 0 | AZ8: 0 | BA8: 0 | BB8: 0 | BC8: 0 | BD8: 0 | BE8: 0 | BF8: 0 | BG8: 0 | BH8: 0 | BI8: 0 | BJ8: 0 | BK8: 0 | BL8: 0 | BM8: 0 | BN8: 0 | BO8: 0 | BP8: 0 | BQ8: 0 | BR8: 0 | BS8: 0 | BT8: 0 | BU8: 0 | BV8: 0 | BW8: 0 | BX8: 0 | BY8: 0 | BZ8: 0 | CA8: 0 | CB8: 0 | CC8: 0 | CD8: 0 | CE8: 0 | CF8: 0 | CG8: 0 | CH8: 0 | CI8: 0 | CJ8: 0 | CK8: 0 | CL8: 0 | CM8: 0 | CN8: 0 | CO8: 0 | CP8: 0 | CQ8: 0 | CR8: 0 | CS8: 0 | CT8: 0 | CU8: 0 | CV8: 0 | CW8: 0 | CX8: 0 | CY8: 0 | CZ8: 0 | DA8: 0 | DB8: 0 | DC8: 0 | DD8: 0 | DE8: 0 | DF8: 0 | DG8: 0 | DH8: 0 | DI8: 0 | DJ8: 0 | DK8: 0 | DL8: 0 | DM8: 0 | DN8: 0 | DO8: 0 | DP8: 0 | DQ8: 0 | DR8: 0 | DS8: 0 | DT8: 0 | DU8: 0 | DV8: 0 | DW8: 0 | DX8: 0 | DY8: 0 | DZ8: 0 | EA8: 0 | EB8: 0 | EC8: 0 | ED8: 0 | EE8: 0 | EF8: 0 | EG8: 0 | EH8: 0 | EI8: 0 | EJ8: 0 | EK8: 0 | EL8: 0 | EM8: 0 | EN8: 0 | EO8: 0 | EP8: 0 | EQ8: 0 | ER8: 0 | ES8: 0 | ET8: 0 | EU8: 0 | EV8: 0 | EW8: 0 | EX8: 0 | EY8: 0 | EZ8: 0 | FA8: 0 | FB8: 0 | FC8: 0 | FD8: 0 | FE8: 0 | FF8: 0 | FG8: 0 | FH8: 0 | FI8: 0 | FJ8: 0 | FK8: 0 | FL8: 0 | FM8: 0 | FN8: 0 | FO8: 0 | FP8: 0 | FQ8: 0 | FR8: 0 | FS8: 0 | FT8: 0 | FU8: 0
A9: R8 Revolver | B9: Canal Spray FT | C9: Pistol | D9: Canals | E9: 0.41 | F9: 0.43 | G9: 0.41 | H9: 0.41 | I9: 0.46 | J9: 0.49 | K9: 0.53 | L9: 0.54 | M9: 0.6 | N9: 0.6 | O9: 0.81 | P9: 0.78 | Q9: 0.71 | R9: 0.65 | S9: 0.61 | T9: 0.57 | U9: 0.55 | V9: 0.62 | W9: 0.64 | X9: 0.73 | Y9: 0.87 | Z9: 0 | AA9: 0 | AB9: 0 | AC9: 0 | AD9: 0 | AE9: 0 | AF9: 0 | AG9: 0 | AH9: 0 | AI9: 0 | AJ9: 0 | AK9: 0 | AL9: 0 | AM9: 0 | AN9: 0 | AO9: 0 | AP9: 0 | AQ9: 0 | AR9: 0 | AS9: 0 | AT9: 0 | AU9: 0 | AV9: 0 | AW9: 0 | AX9: 0 | AY9: 0 | AZ9: 0 | BA9: 0 | BB9: 0 | BC9: 0 | BD9: 0 | BE9: 0 | BF9: 0 | BG9: 0 | BH9: 0 | BI9: 0 | BJ9: 0 | BK9: 0 | BL9: 0 | BM9: 0 | BN9: 0 | BO9: 0 | BP9: 0 | BQ9: 0 | BR9: 0 | BS9: 0 | BT9: 0 | BU9: 0 | BV9: 0 | BW9: 0 | BX9: 0 | BY9: 0 | BZ9: 0 | CA9: 0 | CB9: 0 | CC9: 0 | CD9: 0 | CE9: 0 | CF9: 0 | CG9: 0 | CH9: 0 | CI9: 0 | CJ9: 0 | CK9: 0 | CL9: 0 | CM9: 0 | CN9: 0 | CO9: 0 | CP9: 0 | CQ9: 0 | CR9: 0 | CS9: 0 | CT9: 0 | CU9: 0 | CV9: 0 | CW9: 0 | CX9: 0 | CY9: 0 | CZ9: 0 | DA9: 0 | DB9: 0 | DC9: 0 | DD9: 0 | DE9: 0 | DF9: 0 | DG9: 0 | DH9: 0 | DI9: 0 | DJ9: 0 | DK9: 0 | DL9: 0 | DM9: 0 | DN9: 0 | DO9: 0 | DP9: 0 | DQ9: 0 | DR9: 0 | DS9: 0 | DT9: 0 | DU9: 0 | DV9: 0 | DW9: 0 | DX9: 0 | DY9: 0 | DZ9: 0 | EA9: 0 | EB9: 0 | EC9: 0 | ED9: 0 | EE9: 0 | EF9: 0 | EG9: 0 | EH9: 0 | EI9: 0 | EJ9: 0 | EK9: 0 | EL9: 0 | EM9: 0 | EN9: 0 | EO9: 0 | EP9: 0 | EQ9: 0 | ER9: 0 | ES9: 0 | ET9: 0 | EU9: 0 | EV9: 0 | EW9: 0 | EX9: 0 | EY9: 0 | EZ9: 0 | FA9: 0 | FB9: 0 | FC9: 0 | FD9: 0 | FE9: 0 | FF9: 0 | FG9: 0 | FH9: 0 | FI9: 0 | FJ9: 0 | FK9: 0 | FL9: 0 | FM9: 0 | FN9: 0 | FO9: 0 | FP9: 0 | FQ9: 0 | FR9: 0 | FS9: 0 | FT9: 0 | FU9: 0
A10: Five-SeveN | B10: StatTrak Buddy MW | C10: Pistol | D10: CS20 | E10: 2.26 | F10: 2.1 | G10: 2.2 | H10: 2.25 | I10: 2.11 | J10: 2.21 | K10: 2.16 | L10: 2.22 | M10: 2.27 | N10: 2.31 | O10: 2.22 | P10: 2.24 | Q10: 2.14 | R10: 2.1 | S10: 1.97 | T10: 2.09 | U10: 2.09 | V10: 2.23 | W10: 2.19 | X10: 2.14 | Y10: 2.22 | Z10: 0 | AA10: 0 | AB10: 0 | AC10: 0 | AD10: 0 | AE10: 0 | AF10: 0 | AG10: 0 | AH10: 0 | AI10: 0 | AJ10: 0 | AK10: 0 | AL10: 0 | AM10: 0 | AN10: 0 | AO10: 0 | AP10: 0 | AQ10: 0 | AR10: 0 | AS10: 0 | AT10: 0 | AU10: 0 | AV10: 0 | AW10: 0 | AX10: 0 | AY10: 0 | AZ10: 0 | BA10: 0 | BB10: 0 | BC10: 0 | BD10: 0 | BE10: 0 | BF10: 0 | BG10: 0 | BH10: 0 | BI10: 0 | BJ10: 0 | BK10: 0 | BL10: 0 | BM10: 0 | BN10: 0 | BO10: 0 | BP10: 0 | BQ10: 0 | BR10: 0 | BS10: 0 | BT10: 0 | BU10: 0 | BV10: 0 | BW10: 0 | BX10: 0 | BY10: 0 | BZ10: 0 | CA10: 0 | CB10: 0 | CC10: 0 | CD10: 0 | CE10: 0 | CF10: 0 | CG10: 0 | CH10: 0 | CI10: 0 | CJ10: 0 | CK10: 0 | CL10: 0 | CM10: 0 | CN10: 0 | CO10: 0 | CP10: 0 | CQ10: 0 | CR10: 0 | CS10: 0 | CT10: 0 | CU10: 0 | CV10: 0 | CW10: 0 | CX10: 0 | CY10: 0 | CZ10: 0 | DA10: 0 | DB10: 0 | DC10: 0 | DD10: 0 | DE10: 0 | DF10: 0 | DG10: 0 | DH10: 0 | DI10: 0 | DJ10: 0 | DK10: 0 | DL10: 0 | DM10: 0 | DN10: 0 | DO10: 0 | DP10: 0 | DQ10: 0 | DR10: 0 | DS10: 0 | DT10: 0 | DU10: 0 | DV10: 0 | DW10: 0 | DX10: 0 | DY10: 0 | DZ10: 0 | EA10: 0 | EB10: 0 | EC10: 0 | ED10: 0 | EE10: 0 | EF10: 0 | EG10: 0 | EH10: 0 | EI10: 0 | EJ10: 0 | EK10: 0 | EL10: 0 | EM10: 0 | EN10: 0 | EO10: 0 | EP10: 0 | EQ10: 0 | ER10: 0 | ES10: 0 | ET10: 0 | EU10: 0 | EV10: 0 | EW10: 0 | EX10: 0 | EY10: 0 | EZ10: 0 | FA10: 0 | FB10: 0 | FC10: 0 | FD10: 0 | FE10: 0 | FF10: 0 | FG10: 0 | FH10: 0 | FI10: 0 | FJ10: 0 | FK10: 0 | FL10: 0 | FM10: 0 | FN10: 0 | FO10: 0 | FP10: 0 | FQ10: 0 | FR10: 0 | FS10: 0 | FT10: 0 | FU10: 0
A11: Glock-18 | B11: StatTrak Weasel FT | C11: Pistol | D11: Gamma 2 | E11: 1.86 | F11: 1.84 | G11: 1.65 | H11: 1.79 | I11: 1.79 | J11: 1.8 | K11: 1.72 | L11: 1.75 | M11: 1.64 | N11: 1.75 | O11: 1.67 | P11: 1.65 | Q11: 1.64 | R11: 1.55 | S11: 1.63 | T11: 1.64 | U11: 1.54 | V11: 1.62 | W11: 1.63 | X11: 1.47 | Y11: 1.61 | Z11: 0 | AA11: 0 | AB11: 0 | AC11: 0 | AD11: 0 | AE11: 0 | AF11: 0 | AG11: 0 | AH11: 0 | AI11: 0 | AJ11: 0 | AK11: 0 | AL11: 0 | AM11: 0 | AN11: 0 | AO11: 0 | AP11: 0 | AQ11: 0 | AR11: 0 | AS11: 0 | AT11: 0 | AU11: 0 | AV11: 0 | AW11: 0 | AX11: 0 | AY11: 0 | AZ11: 0 | BA11: 0 | BB11: 0 | BC11: 0 | BD11: 0 | BE11: 0 | BF11: 0 | BG11: 0 | BH11: 0 | BI11: 0 | BJ11: 0 | BK11: 0 | BL11: 0 | BM11: 0 | BN11: 0 | BO11: 0 | BP11: 0 | BQ11: 0 | BR11: 0 | BS11: 0 | BT11: 0 | BU11: 0 | BV11: 0 | BW11: 0 | BX11: 0 | BY11: 0 | BZ11: 0 | CA11: 0 | CB11: 0 | CC11: 0 | CD11: 0 | CE11: 0 | CF11: 0 | CG11: 0 | CH11: 0 | CI11: 0 | CJ11: 0 | CK11: 0 | CL11: 0 | CM11: 0 | CN11: 0 | CO11: 0 | CP11: 0 | CQ11: 0 | CR11: 0 | CS11: 0 | CT11: 0 | CU11: 0 | CV11: 0 | CW11: 0 | CX11: 0 | CY11: 0 | CZ11: 0 | DA11: 0 | DB11: 0 | DC11: 0 | DD11: 0 | DE11: 0 | DF11: 0 | DG11: 0 | DH11: 0 | DI11: 0 | DJ11: 0 | DK11: 0 | DL11: 0 | DM11: 0 | DN11: 0 | DO11: 0 | DP11: 0 | DQ11: 0 | DR11: 0 | DS11: 0 | DT11: 0 | DU11: 0 | DV11: 0 | DW11: 0 | DX11: 0 | DY11: 0 | DZ11: 0 | EA11: 0 | EB11: 0 | EC11: 0 | ED11: 0 | EE11: 0 | EF11: 0 | EG11: 0 | EH11: 0 | EI11: 0 | EJ11: 0 | EK11: 0 | EL11: 0 | EM11: 0 | EN11: 0 | EO11: 0 | EP11: 0 | EQ11: 0 | ER11: 0 | ES11: 0 | ET11: 0 | EU11: 0 | EV11: 0 | EW11: 0 | EX11: 0 | EY11: 0 | EZ11: 0 | FA11: 0 | FB11: 0 | FC11: 0 | FD11: 0 | FE11: 0 | FF11: 0 | FG11: 0 | FH11: 0 | FI11: 0 | FJ11: 0 | FK11: 0 | FL11: 0 | FM11: 0 | FN11: 0 | FO11: 0 | FP11: 0 | FQ11: 0 | FR11: 0 | FS11: 0 | FT11: 0 | FU11: 0
A12: Desert Eagle | B12: Code Red MW | C12: Pistol | D12: Horizon | E12: 42.81 | F12: 40.6 | G12: 40.6 | H12: 43.52 | I12: 41.78 | J12: 40.51 | K12: 42.18 | L12: 43.36 | M12: 43.28 | N12: 42.82 | O12: 40.64 | P12: 41.72 | Q12: 39.48 | R12: 40.48 | S12: 40.97 | T12: 39.8 | U12: 43.95 | V12: 44.02 | W12: 40.28 | X12: 42 | Y12: 43.82 | Z12: 0 | AA12: 0 | AB12: 0 | AC12: 0 | AD12: 0 | AE12: 0 | AF12: 0 | AG12: 0 | AH12: 0 | AI12: 0 | AJ12: 0 | AK12: 0 | AL12: 0 | AM12: 0 | AN12: 0 | AO12: 0 | AP12: 0 | AQ12: 0 | AR12: 0 | AS12: 0 | AT12: 0 | AU12: 0 | AV12: 0 | AW12: 0 | AX12: 0 | AY12: 0 | AZ12: 0 | BA12: 0 | BB12: 0 | BC12: 0 | BD12: 0 | BE12: 0 | BF12: 0 | BG12: 0 | BH12: 0 | BI12: 0 | BJ12: 0 | BK12: 0 | BL12: 0 | BM12: 0 | BN12: 0 | BO12: 0 | BP12: 0 | BQ12: 0 | BR12: 0 | BS12: 0 | BT12: 0 | BU12: 0 | BV12: 0 | BW12: 0 | BX12: 0 | BY12: 0 | BZ12: 0 | CA12: 0 | CB12: 0 | CC12: 0 | CD12: 0 | CE12: 0 | CF12: 0 | CG12: 0 | CH12: 0 | CI12: 0 | CJ12: 0 | CK12: 0 | CL12: 0 | CM12: 0 | CN12: 0 | CO12: 0 | CP12: 0 | CQ12: 0 | CR12: 0 | CS12: 0 | CT12: 0 | CU12: 0 | CV12: 0 | CW12: 0 | CX12: 0 | CY12: 0 | CZ12: 0 | DA12: 0 | DB12: 0 | DC12: 0 | DD12: 0 | DE12: 0 | DF12: 0 | DG12: 0 | DH12: 0 | DI12: 0 | DJ12: 0 | DK12: 0 | DL12: 0 | DM12: 0 | DN12: 0 | DO12: 0 | DP12: 0 | DQ12: 0 | DR12: 0 | DS12: 0 | DT12: 0 | DU12: 0 | DV12: 0 | DW12: 0 | DX12: 0 | DY12: 0 | DZ12: 0 | EA12: 0 | EB12: 0 | EC12: 0 | ED12: 0 | EE12: 0 | EF12: 0 | EG12: 0 | EH12: 0 | EI12: 0 | EJ12: 0 | EK12: 0 | EL12: 0 | EM12: 0 | EN12: 0 | EO12: 0 | EP12: 0 | EQ12: 0 | ER12: 0 | ES12: 0 | ET12: 0 | EU12: 0 | EV12: 0 | EW12: 0 | EX12: 0 | EY12: 0 | EZ12: 0 | FA12: 0 | FB12: 0 | FC12: 0 | FD12: 0 | FE12: 0 | FF12: 0 | FG12: 0 | FH12: 0 | FI12: 0 | FJ12: 0 | FK12: 0 | FL12: 0 | FM12: 0 | FN12: 0 | FO12: 0 | FP12: 0 | FQ12: 0 | FR12: 0 | FS12: 0 | FT12: 0 | FU12: 0
A13: Desert Eagle | B13: Hypnotic FN | C13: Pistol | D13: Arms Deal | E13: 87.76 | F13: 84.47 | G13: 88.51 | H13: 88.5 | I13: 88.5 | J13: 88.29 | K13: 91.5 | L13: 91.5 | M13: 90.9 | N13: 91.34 | O13: 85.86 | P13: 91.67 | Q13: 87.76 | R13: 91.7 | S13: 90.34 | T13: 94.85 | U13: 98.14 | V13: 95.29 | W13: 95.73 | X13: 117.46 | Y13: 117.46 | Z13: 0 | AA13: 0 | AB13: 0 | AC13: 0 | AD13: 0 | AE13: 0 | AF13: 0 | AG13: 0 | AH13: 0 | AI13: 0 | AJ13: 0 | AK13: 0 | AL13: 0 | AM13: 0 | AN13: 0 | AO13: 0 | AP13: 0 | AQ13: 0 | AR13: 0 | AS13: 0 | AT13: 0 | AU13: 0 | AV13: 0 | AW13: 0 | AX13: 0 | AY13: 0 | AZ13: 0 | BA13: 0 | BB13: 0 | BC13: 0 | BD13: 0 | BE13: 0 | BF13: 0 | BG13: 0 | BH13: 0 | BI13: 0 | BJ13: 0 | BK13: 0 | BL13: 0 | BM13: 0 | BN13: 0 | BO13: 0 | BP13: 0 | BQ13: 0 | BR13: 0 | BS13: 0 | BT13: 0 | BU13: 0 | BV13: 0 | BW13: 0 | BX13: 0 | BY13: 0 | BZ13: 0 | CA13: 0 | CB13: 0 | CC13: 0 | CD13: 0 | CE13: 0 | CF13: 0 | CG13: 0 | CH13: 0 | CI13: 0 | CJ13: 0 | CK13: 0 | CL13: 0 | CM13: 0 | CN13: 0 | CO13: 0 | CP13: 0 | CQ13: 0 | CR13: 0 | CS13: 0 | CT13: 0 | CU13: 0 | CV13: 0 | CW13: 0 | CX13: 0 | CY13: 0 | CZ13: 0 | DA13: 0 | DB13: 0 | DC13: 0 | DD13: 0 | DE13: 0 | DF13: 0 | DG13: 0 | DH13: 0 | DI13: 0 | DJ13: 0 | DK13: 0 | DL13: 0 | DM13: 0 | DN13: 0 | DO13: 0 | DP13: 0 | DQ13: 0 | DR13: 0 | DS13: 0 | DT13: 0 | DU13: 0 | DV13: 0 | DW13: 0 | DX13: 0 | DY13: 0 | DZ13: 0 | EA13: 0 | EB13: 0 | EC13: 0 | ED13: 0 | EE13: 0 | EF13: 0 | EG13: 0 | EH13: 0 | EI13: 0 | EJ13: 0 | EK13: 0 | EL13: 0 | EM13: 0 | EN13: 0 | EO13: 0 | EP13: 0 | EQ13: 0 | ER13: 0 | ES13: 0 | ET13: 0 | EU13: 0 | EV13: 0 | EW13: 0 | EX13: 0 | EY13: 0 | EZ13: 0 | FA13: 0 | FB13: 0 | FC13: 0 | FD13: 0 | FE13: 0 | FF13: 0 | FG13: 0 | FH13: 0 | FI13: 0 | FJ13: 0 | FK13: 0 | FL13: 0 | FM13: 0 | FN13: 0 | FO13: 0 | FP13: 0 | FQ13: 0 | FR13: 0 | FS13: 0 | FT13: 0 | FU13: 0
A14: Desert Eagle | B14: Light Rail FN | C14: Pistol | D14: Prisma | E14: 3.87 | F14: 3.61 | G14: 3.62 | H14: 3.61 | I14: 3.63 | J14: 3.45 | K14: 3.74 | L14: 3.52 | M14: 3.49 | N14: 3.53 | O14: 3.64 | P14: 3.59 | Q14: 3.47 | R14: 3.56 | S14: 3.65 | T14: 3.82 | U14: 3.62 | V14: 3.6 | W14: 3.61 | X14: 3.54 | Y14: 3.73 | Z14: 0 | AA14: 0 | AB14: 0 | AC14: 0 | AD14: 0 | AE14: 0 | AF14: 0 | AG14: 0 | AH14: 0 | AI14: 0 | AJ14: 0 | AK14: 0 | AL14: 0 | AM14: 0 | AN14: 0 | AO14: 0 | AP14: 0 | AQ14: 0 | AR14: 0 | AS14: 0 | AT14: 0 | AU14: 0 | AV14: 0 | AW14: 0 | AX14: 0 | AY14: 0 | AZ14: 0 | BA14: 0 | BB14: 0 | BC14: 0 | BD14: 0 | BE14: 0 | BF14: 0 | BG14: 0 | BH14: 0 | BI14: 0 | BJ14: 0 | BK14: 0 | BL14: 0 | BM14: 0 | BN14: 0 | BO14: 0 | BP14: 0 | BQ14: 0 | BR14: 0 | BS14: 0 | BT14: 0 | BU14: 0 | BV14: 0 | BW14: 0 | BX14: 0 | BY14: 0 | BZ14: 0 | CA14: 0 | CB14: 0 | CC14: 0 | CD14: 0 | CE14: 0 | CF14: 0 | CG14: 0 | CH14: 0 | CI14: 0 | CJ14: 0 | CK14: 0 | CL14: 0 | CM14: 0 | CN14: 0 | CO14: 0 | CP14: 0 | CQ14: 0 | CR14: 0 | CS14: 0 | CT14: 0 | CU14: 0 | CV14: 0 | CW14: 0 | CX14: 0 | CY14: 0 | CZ14: 0 | DA14: 0 | DB14: 0 | DC14: 0 | DD14: 0 | DE14: 0 | DF14: 0 | DG14: 0 | DH14: 0 | DI14: 0 | DJ14: 0 | DK14: 0 | DL14: 0 | DM14: 0 | DN14: 0 | DO14: 0 | DP14: 0 | DQ14: 0 | DR14: 0 | DS14: 0 | DT14: 0 | DU14: 0 | DV14: 0 | DW14: 0 | DX14: 0 | DY14: 0 | DZ14: 0 | EA14: 0 | EB14: 0 | EC14: 0 | ED14: 0 | EE14: 0 | EF14: 0 | EG14: 0 | EH14: 0 | EI14: 0 | EJ14: 0 | EK14: 0 | EL14: 0 | EM14: 0 | EN14: 0 | EO14: 0 | EP14: 0 | EQ14: 0 | ER14: 0 | ES14: 0 | ET14: 0 | EU14: 0 | EV14: 0 | EW14: 0 | EX14: 0 | EY14: 0 | EZ14: 0 | FA14: 0 | FB14: 0 | FC14: 0 | FD14: 0 | FE14: 0 | FF14: 0 | FG14: 0 | FH14: 0 | FI14: 0 | FJ14: 0 | FK14: 0 | FL14: 0 | FM14: 0 | FN14: 0 | FO14: 0 | FP14: 0 | FQ14: 0 | FR14: 0 | FS14: 0 | FT14: 0 | FU14: 0
A15: Five-SeveN | B15: Hyper Beast MW | C15: Pistol | D15: Hydra | E15: 28.06 | F15: 29.75 | G15: 27.86 | H15: 30.97 | I15: 30.52 | J15: 30.5 | K15: 30.94 | L15: 27.91 | M15: 30.48 | N15: 29.22 | O15: 29.8 | P15: 30.17 | Q15: 30.2 | R15: 29.95 | S15: 26.76 | T15: 30.71 | U15: 29.38 | V15: 29.53 | W15: 29.01 | X15: 28.8 | Y15: 29.36 | Z15: 0 | AA15: 0 | AB15: 0 | AC15: 0 | AD15: 0 | AE15: 0 | AF15: 0 | AG15: 0 | AH15: 0 | AI15: 0 | AJ15: 0 | AK15: 0 | AL15: 0 | AM15: 0 | AN15: 0 | AO15: 0 | AP15: 0 | AQ15: 0 | AR15: 0 | AS15: 0 | AT15: 0 | AU15: 0 | AV15: 0 | AW15: 0 | AX15: 0 | AY15: 0 | AZ15: 0 | BA15: 0 | BB15: 0 | BC15: 0 | BD15: 0 | BE15: 0 | BF15: 0 | BG15: 0 | BH15: 0 | BI15: 0 | BJ15: 0 | BK15: 0 | BL15: 0 | BM15: 0 | BN15: 0 | BO15: 0 | BP15: 0 | BQ15: 0 | BR15: 0 | BS15: 0 | BT15: 0 | BU15: 0 | BV15: 0 | BW15: 0 | BX15: 0 | BY15: 0 | BZ15: 0 | CA15: 0 | CB15: 0 | CC15: 0 | CD15: 0 | CE15: 0 | CF15: 0 | CG15: 0 | CH15: 0 | CI15: 0 | CJ15: 0 | CK15: 0 | CL15: 0 | CM15: 0 | CN15: 0 | CO15: 0 | CP15: 0 | CQ15: 0 | CR15: 0 | CS15: 0 | CT15: 0 | CU15: 0 | CV15: 0 | CW15: 0 | CX15: 0 | CY15: 0 | CZ15: 0 | DA15: 0 | DB15: 0 | DC15: 0 | DD15: 0 | DE15: 0 | DF15: 0 | DG15: 0 | DH15: 0 | DI15: 0 | DJ15: 0 | DK15: 0 | DL15: 0 | DM15: 0 | DN15: 0 | DO15: 0 | DP15: 0 | DQ15: 0 | DR15: 0 | DS15: 0 | DT15: 0 | DU15: 0 | DV15: 0 | DW15: 0 | DX15: 0 | DY15: 0 | DZ15: 0 | EA15: 0 | EB15: 0 | EC15: 0 | ED15: 0 | EE15: 0 | EF15: 0 | EG15: 0 | EH15: 0 | EI15: 0 | EJ15: 0 | EK15: 0 | EL15: 0 | EM15: 0 | EN15: 0 | EO15: 0 | EP15: 0 | EQ15: 0 | ER15: 0 | ES15: 0 | ET15: 0 | EU15: 0 | EV15: 0 | EW15: 0 | EX15: 0 | EY15: 0 | EZ15: 0 | FA15: 0 | FB15: 0 | FC15: 0 | FD15: 0 | FE15: 0 | FF15: 0 | FG15: 0 | FH15: 0 | FI15: 0 | FJ15: 0 | FK15: 0 | FL15: 0 | FM15: 0 | FN15: 0 | FO15: 0 | FP15: 0 | FQ15: 0 | FR15: 0 | FS15: 0 | FT15: 0 | FU15: 0
A16: Five-SeveN | B16: Angry Mob MW | C16: Pistol | D16: Prisma | E16: 5.71 | F16: 5.43 | G16: 5.45 | H16: 5.13 | I16: 5.22 | J16: 5.48 | K16: 5.37 | L16: 5.14 | M16: 5.09 | N16: 5.02 | O16: 5.34 | P16: 5.22 | Q16: 5.2 | R16: 5.12 | S16: 5.36 | T16: 5.36 | U16: 5.25 | V16: 5.24 | W16: 5.17 | X16: 5.02 | Y16: 5.34 | Z16: 0 | AA16: 0 | AB16: 0 | AC16: 0 | AD16: 0 | AE16: 0 | AF16: 0 | AG16: 0 | AH16: 0 | AI16: 0 | AJ16: 0 | AK16: 0 | AL16: 0 | AM16: 0 | AN16: 0 | AO16: 0 | AP16: 0 | AQ16: 0 | AR16: 0 | AS16: 0 | AT16: 0 | AU16: 0 | AV16: 0 | AW16: 0 | AX16: 0 | AY16: 0 | AZ16: 0 | BA16: 0 | BB16: 0 | BC16: 0 | BD16: 0 | BE16: 0 | BF16: 0 | BG16: 0 | BH16: 0 | BI16: 0 | BJ16: 0 | BK16: 0 | BL16: 0 | BM16: 0 | BN16: 0 | BO16: 0 | BP16: 0 | BQ16: 0 | BR16: 0 | BS16: 0 | BT16: 0 | BU16: 0 | BV16: 0 | BW16: 0 | BX16: 0 | BY16: 0 | BZ16: 0 | CA16: 0 | CB16: 0 | CC16: 0 | CD16: 0 | CE16: 0 | CF16: 0 | CG16: 0 | CH16: 0 | CI16: 0 | CJ16: 0 | CK16: 0 | CL16: 0 | CM16: 0 | CN16: 0 | CO16: 0 | CP16: 0 | CQ16: 0 | CR16: 0 | CS16: 0 | CT16: 0 | CU16: 0 | CV16: 0 | CW16: 0 | CX16: 0 | CY16: 0 | CZ16: 0 | DA16: 0 | DB16: 0 | DC16: 0 | DD16: 0 | DE16: 0 | DF16: 0 | DG16: 0 | DH16: 0 | DI16: 0 | DJ16: 0 | DK16: 0 | DL16: 0 | DM16: 0 | DN16: 0 | DO16: 0 | DP16: 0 | DQ16: 0 | DR16: 0 | DS16: 0 | DT16: 0 | DU16: 0 | DV16: 0 | DW16: 0 | DX16: 0 | DY16: 0 | DZ16: 0 | EA16: 0 | EB16: 0 | EC16: 0 | ED16: 0 | EE16: 0 | EF16: 0 | EG16: 0 | EH16: 0 | EI16: 0 | EJ16: 0 | EK16: 0 | EL16: 0 | EM16: 0 | EN16: 0 | EO16: 0 | EP16: 0 | EQ16: 0 | ER16: 0 | ES16: 0 | ET16: 0 | EU16: 0 | EV16: 0 | EW16: 0 | EX16: 0 | EY16: 0 | EZ16: 0 | FA16: 0 | FB16: 0 | FC16: 0 | FD16: 0 | FE16: 0 | FF16: 0 | FG16: 0 | FH16: 0 | FI16: 0 | FJ16: 0 | FK16: 0 | FL16: 0 | FM16: 0 | FN16: 0 | FO16: 0 | FP16: 0 | FQ16: 0 | FR16: 0 | FS16: 0 | FT16: 0 | FU16: 0
... A34: USP-S | B34: Kill Confirmed BS | C34: Pistol | D34: Shadow | E34: 46.88 | F34: 48.26 | G34: 46.04 | H34: 44.75 | I34: 44.89 | J34: 46.63 | K34: 46.07 | L34: 41.4 | M34: 44.41 | N34: 43.55 | O34: 43.89 | P34: 43.72 | Q34: 42.45 | R34: 41.71 | S34: 40.94 | T34: 42.79 | U34: 43.88 | V34: 44.86 | W34: 44.24 | X34: 43.33 | Y34: 42.71 | Z34: 0 | AA34: 0 | AB34: 0 | AC34: 0 | AD34: 0 | AE34: 0 | AF34: 0 | AG34: 0 | AH34: 0 | AI34: 0 | AJ34: 0 | AK34: 0 | AL34: 0 | AM34: 0 | AN34: 0 | AO34: 0 | AP34: 0 | AQ34: 0 | AR34: 0 | AS34: 0 | AT34: 0 | AU34: 0 | AV34: 0 | AW34: 0 | AX34: 0 | AY34: 0 | AZ34: 0 | BA34: 0 | BB34: 0 | BC34: 0 | BD34: 0 | BE34: 0 | BF34: 0 | BG34: 0 | BH34: 0 | BI34: 0 | BJ34: 0 | BK34: 0 | BL34: 0 | BM34: 0 | BN34: 0 | BO34: 0 | BP34: 0 | BQ34: 0 | BR34: 0 | BS34: 0 | BT34: 0 | BU34: 0 | BV34: 0 | BW34: 0 | BX34: 0 | BY34: 0 | BZ34: 0 | CA34: 0 | CB34: 0 | CC34: 0 | CD34: 0 | CE34: 0 | CF34: 0 | CG34: 0 | CH34: 0 | CI34: 0 | CJ34: 0 | CK34: 0 | CL34: 0 | CM34: 0 | CN34: 0 | CO34: 0 | CP34: 0 | CQ34: 0 | CR34: 0 | CS34: 0 | CT34: 0 | CU34: 0 | CV34: 0 | CW34: 0 | CX34: 0 | CY34: 0 | CZ34: 0 | DA34: 0 | DB34: 0 | DC34: 0 | DD34: 0 | DE34: 0 | DF34: 0 | DG34: 0 | DH34: 0 | DI34: 0 | DJ34: 0 | DK34: 0 | DL34: 0 | DM34: 0 | DN34: 0 | DO34: 0 | DP34: 0 | DQ34: 0 | DR34: 0 | DS34: 0 | DT34: 0 | DU34: 0 | DV34: 0 | DW34: 0 | DX34: 0 | DY34: 0 | DZ34: 0 | EA34: 0 | EB34: 0 | EC34: 0 | ED34: 0 | EE34: 0 | EF34: 0 | EG34: 0 | EH34: 0 | EI34: 0 | EJ34: 0 | EK34: 0 | EL34: 0 | EM34: 0 | EN34: 0 | EO34: 0 | EP34: 0 | EQ34: 0 | ER34: 0 | ES34: 0 | ET34: 0 | EU34: 0 | EV34: 0 | EW34: 0 | EX34: 0 | EY34: 0 | EZ34: 0 | FA34: 0 | FB34: 0 | FC34: 0 | FD34: 0 | FE34: 0 | FF34: 0 | FG34: 0 | FH34: 0 | FI34: 0 | FJ34: 0 | FK34: 0 | FL34: 0 | FM34: 0 | FN34: 0 | FO34: 0 | FP34: 0 | FQ34: 0 | FR34: 0 | FS34: 0 | FT34: 0 | FU34: 0
D37: Total | E37: =SUM(E4:E34) -> 346.62 | F37: =SUM(F4:F34) -> 340.68 | G37: =SUM(G4:G34) -> 342.52 | H37: =SUM(H4:H34) -> 349.93 | I37: =SUM(I4:I34) -> 345.59 | J37: =SUM(J4:J34) -> 347.57 | K37: =SUM(K4:K34) -> 350.87 | L37: =SUM(L4:L34) -> 349.74 | ... FU37: =SUM(FU4:FU34) -> 0
A43: Weapon | B43: Skin | C43: Type | D43: Collection | E43: =E3 -> 44331 | F43: =F3 -> 44332 | G43: =G3 -> 44334 | H43: =H3 -> 44336 | I43: =I3 -> 44337 | J43: =J3 -> 44338 | K43: =K3 -> 44339 | L43: =L3 -> 44340 | ... FU43: =FU3 -> 44505
A44: =A4 -> USP-S | B44: =B4 -> Flashback MW | C44: =C4 -> Pistol | D44: =D4 -> Danger Zone | E44: =E4-ROUNDUP(E4*0.3,2) -> 0.64 | F44: =F4-ROUNDUP(F4*0.3,2) -> 0.59 | G44: =G4-ROUNDUP(G4*0.3,2) -> 0.6 | H44: =H4-ROUNDUP(H4*0.3,2) -> 0.65 | I44: =I4-ROUNDUP(I4*0.3,2) -> 0.64 | J44: =J4-ROUNDUP(J4*0.3,2) -> 0.65 | K44: =K4-ROUNDUP(K4*0.3,2) -> 0.6 | L44: =L4-ROUNDUP(L4*0.3,2) -> 0.67 | ... FU44: =FU4-ROUNDUP(FU4*0.3,2) -> 0
A45: =A5 -> Glock-18 | B45: =B5 -> Nuclear Garden FT | C45: =C5 -> Pistol | D45: =D5 -> 2018 Nuke | E45: =E5-ROUNDUP(E5*0.3,2) -> 3.24 | F45: =F5-ROUNDUP(F5*0.3,2) -> 3.19 | G45: =G5-ROUNDUP(G5*0.3,2) -> 3.1 | H45: =H5-ROUNDUP(H5*0.3,2) -> 2.83 | I45: =I5-ROUNDUP(I5*0.3,2) -> 3.01 | J45: =J5-ROUNDUP(J5*0.3,2) -> 2.93 | K45: =K5-ROUNDUP(K5*0.3,2) -> 3.25 | L45: =L5-ROUNDUP(L5*0.3,2) -> 2.95 | ... FU45: =FU5-ROUNDUP(FU5*0.3,2) -> 0
A46: =A6 -> Five-SeveN | B46: =B6 -> Hot Shot MW | C46: =C6 -> Pistol | D46: =D6 -> Cache | E46: =E6-ROUNDUP(E6*0.3,2) -> 0.51 | F46: =F6-ROUNDUP(F6*0.3,2) -> 0.51 | G46: =G6-ROUNDUP(G6*0.3,2) -> 0.51 | H46: =H6-ROUNDUP(H6*0.3,2) -> 0.57 | I46: =I6-ROUNDUP(I6*0.3,2) -> 0.57 | J46: =J6-ROUNDUP(J6*0.3,2) -> 0.57 | K46: =K6-ROUNDUP(K6*0.3,2) -> 0.56 | L46: =L6-ROUNDUP(L6*0.3,2) -> 0.56 | ... FU46: =FU6-ROUNDUP(FU6*0.3,2) -> 0
A47: =A7 -> Dual Berettas | B47: =B7 -> Emerald FN | C47: =C7 -> Pistol | D47: =D7 -> Canals | E47: =E7-ROUNDUP(E7*0.3,2) -> 7.98 | F47: =F7-ROUNDUP(F7*0.3,2) -> 7.94 | G47: =G7-ROUNDUP(G7*0.3,2) -> 7.72 | H47: =H7-ROUNDUP(H7*0.3,2) -> 8.62 | I47: =I7-ROUNDUP(I7*0.3,2) -> 8.62 | J47: =J7-ROUNDUP(J7*0.3,2) -> 8.63 | K47: =K7-ROUNDUP(K7*0.3,2) -> 9.96 | L47: =L7-ROUNDUP(L7*0.3,2) -> 12.84 | ... FU47: =FU7-ROUNDUP(FU7*0.3,2) -> 0
A48: =A8 -> Desert Eagle | B48: =B8 -> Midnight Storm MW | C48: =C8 -> Pistol | D48: =D8 -> Rising Sun | E48: =E8-ROUNDUP(E8*0.3,2) -> 6.39 | F48: =F8-ROUNDUP(F8*0.3,2) -> 6.32 | G48: =G8-ROUNDUP(G8*0.3,2) -> 6.05 | H48: =H8-ROUNDUP(H8*0.3,2) -> 6.69 | I48: =I8-ROUNDUP(I8*0.3,2) -> 6.3 | J48: =J8-ROUNDUP(J8*0.3,2) -> 7.05 | K48: =K8-ROUNDUP(K8*0.3,2) -> 6.37 | L48: =L8-ROUNDUP(L8*0.3,2) -> 6.72 | ... FU48: =FU8-ROUNDUP(FU8*0.3,2) -> 0
A49: =A9 -> R8 Revolver | B49: =B9 -> Canal Spray FT | C49: =C9 -> Pistol | D49: =D9 -> Canals | E49: =E9-ROUNDUP(E9*0.3,2) -> 0.28 | F49: =F9-ROUNDUP(F9*0.3,2) -> 0.3 | G49: =G9-ROUNDUP(G9*0.3,2) -> 0.28 | H49: =H9-ROUNDUP(H9*0.3,2) -> 0.28 | I49: =I9-ROUNDUP(I9*0.3,2) -> 0.32 | J49: =J9-ROUNDUP(J9*0.3,2) -> 0.34 | K49: =K9-ROUNDUP(K9*0.3,2) -> 0.37 | L49: =L9-ROUNDUP(L9*0.3,2) -> 0.37 | ... FU49: =FU9-ROUNDUP(FU9*0.3,2) -> 0
A50: =A10 -> Five-SeveN | B50: =B10 -> StatTrak Buddy MW | C50: =C10 -> Pistol | D50: =D10 -> CS20 | E50: =E10-ROUNDUP(E10*0.3,2) -> 1.58 | F50: =F10-ROUNDUP(F10*0.3,2) -> 1.47 | G50: =G10-ROUNDUP(G10*0.3,2) -> 1.54 | H50: =H10-ROUNDUP(H10*0.3,2) -> 1.57 | I50: =I10-ROUNDUP(I10*0.3,2) -> 1.47 | J50: =J10-ROUNDUP(J10*0.3,2) -> 1.54 | K50: =K10-ROUNDUP(K10*0.3,2) -> 1.51 | L50: =L10-ROUNDUP(L10*0.3,2) -> 1.55 | ... FU50: =FU10-ROUNDUP(FU10*0.3,2) -> 0
A51: =A11 -> Glock-18 | B51: =B11 -> StatTrak Weasel FT | C51: =C11 -> Pistol | D51: =D11 -> Gamma 2 | E51: =E11-ROUNDUP(E11*0.3,2) -> 1.3 | F51: =F11-ROUNDUP(F11*0.3,2) -> 1.28 | G51: =G11-ROUNDUP(G11*0.3,2) -> 1.15 | H51: =H11-ROUNDUP(H11*0.3,2) -> 1.25 | I51: =I11-ROUNDUP(I11*0.3,2) -> 1.25 | J51: =J11-ROUNDUP(J11*0.3,2) -> 1.26 | K51: =K11-ROUNDUP(K11*0.3,2) -> 1.2 | L51: =L11-ROUNDUP(L11*0.3,2) -> 1.22 | ... FU51: =FU11-ROUNDUP(FU11*0.3,2) -> 0
A52: =A12 -> Desert Eagle | B52: =B12 -> Code Red MW | C52: =C12 -> Pistol | D52: =D12 -> Horizon | E52: =E12-ROUNDUP(E12*0.3,2) -> 29.96 | F52: =F12-ROUNDUP(F12*0.3,2) -> 28.42 | G52: =G12-ROUNDUP(G12*0.3,2) -> 28.42 | H52: =H12-ROUNDUP(H12*0.3,2) -> 30.46 | I52: =I12-ROUNDUP(I12*0.3,2) -> 29.24 | J52: =J12-ROUNDUP(J12*0.3,2) -> 28.35 | K52: =K12-ROUNDUP(K12*0.3,2) -> 29.52 | L52: =L12-ROUNDUP(L12*0.3,2) -> 30.35 | ... FU52: =FU12-ROUNDUP(FU12*0.3,2) -> 0
A53: =A13 -> Desert Eagle | B53: =B13 -> Hypnotic FN | C53: =C13 -> Pistol | D53: =D13 -> Arms Deal | E53: =E13-ROUNDUP(E13*0.3,2) -> 61.43 | F53: =F13-ROUNDUP(F13*0.3,2) -> 59.12 | G53: =G13-ROUNDUP(G13*0.3,2) -> 61.95 | H53: =H13-ROUNDUP(H13*0.3,2) -> 61.95 | I53: =I13-ROUNDUP(I13*0.3,2) -> 61.95 | J53: =J13-ROUNDUP(J13*0.3,2) -> 61.8 | K53: =K13-ROUNDUP(K13*0.3,2) -> 64.05 | L53: =L13-ROUNDUP(L13*0.3,2) -> 64.05 | ... FU53: =FU13-ROUNDUP(FU13*0.3,2) -> 0
A54: =A14 -> Desert Eagle | B54: =B14 -> Light Rail FN | C54: =C14 -> Pistol | D54: =D14 -> Prisma | E54: =E14-ROUNDUP(E14*0.3,2) -> 2.7 | F54: =F14-ROUNDUP(F14*0.3,2) -> 2.52 | G54: =G14-ROUNDUP(G14*0.3,2) -> 2.53 | H54: =H14-ROUNDUP(H14*0.3,2) -> 2.52 | I54: =I14-ROUNDUP(I14*0.3,2) -> 2.54 | J54: =J14-ROUNDUP(J14*0.3,2) -> 2.41 | K54: =K14-ROUNDUP(K14*0.3,2) -> 2.61 | L54: =L14-ROUNDUP(L14*0.3,2) -> 2.46 | ... FU54: =FU14-ROUNDUP(FU14*0.3,2) -> 0
A55: =A15 -> Five-SeveN | B55: =B15 -> Hyper Beast MW | C55: =C15 -> Pistol | D55: =D15 -> Hydra | E55: =E15-ROUNDUP(E15*0.3,2) -> 19.64 | F55: =F15-ROUNDUP(F15*0.3,2) -> 20.82 | G55: =G15-ROUNDUP(G15*0.3,2) -> 19.5 | H55: =H15-ROUNDUP(H15*0.3,2) -> 21.67 | I55: =I15-ROUNDUP(I15*0.3,2) -> 21.36 | J55: =J15-ROUNDUP(J15*0.3,2) -> 21.35 | K55: =K15-ROUNDUP(K15*0.3,2) -> 21.65 | L55: =L15-ROUNDUP(L15*0.3,2) -> 19.53 | ... FU55: =FU15-ROUNDUP(FU15*0.3,2) -> 0
... A74: =A34 -> USP-S | B74: =B34 -> Kill Confirmed BS | C74: =C34 -> Pistol | D74: =D34 -> Shadow | E74: =E34-ROUNDUP(E34*0.3,2) -> 32.81 | F74: =F34-ROUNDUP(F34*0.3,2) -> 33.78 | G74: =G34-ROUNDUP(G34*0.3,2) -> 32.22 | H74: =H34-ROUNDUP(H34*0.3,2) -> 31.32 | I74: =I34-ROUNDUP(I34*0.3,2) -> 31.42 | J74: =J34-ROUNDUP(J34*0.3,2) -> 32.64 | K74: =K34-ROUNDUP(K34*0.3,2) -> 32.24 | L74: =L34-ROUNDUP(L34*0.3,2) -> 28.98 | ... FU74: =FU34-ROUNDUP(FU34*0.3,2) -> 0
D77: Total | E77: =SUM(E44:E74) -> 242.49 | F77: =SUM(F44:F74) -> 238.36 | G77: =SUM(G44:G74) -> 239.6 | H77: =SUM(H44:H74) -> 244.81 | I77: =SUM(I44:I74) -> 241.79 | J77: =SUM(J44:J74) -> 243.17 | K77: =SUM(K44:K74) -> 245.47 | L77: =SUM(L44:L74) -> 244.69 | ... FU77: =SUM(FU44:FU74) -> 0

Sheet Heavy
B1: Heavy
A3: Weapon | B3: Skin | C3: Type | D3: Collection | E3: =Inventory!E1 -> 44331 | F3: =Inventory!F1 -> 44332 | G3: =Inventory!G1 -> 44334 | H3: =Inventory!H1 -> 44336 | I3: =Inventory!I1 -> 44337 | J3: =Inventory!J1 -> 44338 | K3: =Inventory!K1 -> 44339 | L3: =Inventory!L1 -> 44340 | ... FU3: =Inventory!FU1 -> 44505
A4: {=_xlfn._xlws.FILTER(Inventory!$A$2:$FU$103, (Inventory!C2:C103="Heavy"))} -> Sawed-Off | B4: Limelight MW | C4: Heavy | D4: Gamma | E4: 0.89 | F4: 0.88 | G4: 0.96 | H4: 0.92 | I4: 0.87 | J4: 0.92 | K4: 0.86 | L4: 0.87 | M4: 0.88 | N4: 0.94 | O4: 0.93 | P4: 0.84 | Q4: 0.87 | R4: 0.86 | S4: 0.93 | T4: 0.82 | U4: 0.88 | V4: 0.77 | W4: 0.89 | X4: 0.92 | Y4: 0.85 | Z4: 0 | AA4: 0 | AB4: 0 | AC4: 0 | AD4: 0 | AE4: 0 | AF4: 0 | AG4: 0 | AH4: 0 | AI4: 0 | AJ4: 0 | AK4: 0 | AL4: 0 | AM4: 0 | AN4: 0 | AO4: 0 | AP4: 0 | AQ4: 0 | AR4: 0 | AS4: 0 | AT4: 0 | AU4: 0 | AV4: 0 | AW4: 0 | AX4: 0 | AY4: 0 | AZ4: 0 | BA4: 0 | BB4: 0 | BC4: 0 | BD4: 0 | BE4: 0 | BF4: 0 | BG4: 0 | BH4: 0 | BI4: 0 | BJ4: 0 | BK4: 0 | BL4: 0 | BM4: 0 | BN4: 0 | BO4: 0 | BP4: 0 | BQ4: 0 | BR4: 0 | BS4: 0 | BT4: 0 | BU4: 0 | BV4: 0 | BW4: 0 | BX4: 0 | BY4: 0 | BZ4: 0 | CA4: 0 | CB4: 0 | CC4: 0 | CD4: 0 | CE4: 0 | CF4: 0 | CG4: 0 | CH4: 0 | CI4: 0 | CJ4: 0 | CK4: 0 | CL4: 0 | CM4: 0 | CN4: 0 | CO4: 0 | CP4: 0 | CQ4: 0 | CR4: 0 | CS4: 0 | CT4: 0 | CU4: 0 | CV4: 0 | CW4: 0 | CX4: 0 | CY4: 0 | CZ4: 0 | DA4: 0 | DB4: 0 | DC4: 0 | DD4: 0 | DE4: 0 | DF4: 0 | DG4: 0 | DH4: 0 | DI4: 0 | DJ4: 0 | DK4: 0 | DL4: 0 | DM4: 0 | DN4: 0 | DO4: 0 | DP4: 0 | DQ4: 0 | DR4: 0 | DS4: 0 | DT4: 0 | DU4: 0 | DV4: 0 | DW4: 0 | DX4: 0 | DY4: 0 | DZ4: 0 | EA4: 0 | EB4: 0 | EC4: 0 | ED4: 0 | EE4: 0 | EF4: 0 | EG4: 0 | EH4: 0 | EI4: 0 | EJ4: 0 | EK4: 0 | EL4: 0 | EM4: 0 | EN4: 0 | EO4: 0 | EP4: 0 | EQ4: 0 | ER4: 0 | ES4: 0 | ET4: 0 | EU4: 0 | EV4: 0 | EW4: 0 | EX4: 0 | EY4: 0 | EZ4: 0 | FA4: 0 | FB4: 0 | FC4: 0 | FD4: 0 | FE4: 0 | FF4: 0 | FG4: 0 | FH4: 0 | FI4: 0 | FJ4: 0 | FK4: 0 | FL4: 0 | FM4: 0 | FN4: 0 | FO4: 0 | FP4: 0 | FQ4: 0 | FR4: 0 | FS4: 0 | FT4: 0 | FU4: 0
A5: MAG-7 | B5: Popdog FN | C5: Heavy | D5: CS20 | E5: 0.3 | F5: 0.3 | G5: 0.34 | H5: 0.34 | I5: 0.32 | J5: 0.36 | K5: 0.34 | L5: 0.3 | M5: 0.34 | N5: 0.32 | O5: 0.34 | P5: 0.3 | Q5: 0.31 | R5: 0.32 | S5: 0.3 | T5: 0.32 | U5: 0.32 | V5: 0.29 | W5: 0.29 | X5: 0.29 | Y5: 0.28 | Z5: 0 | AA5: 0 | AB5: 0 | AC5: 0 | AD5: 0 | AE5: 0 | AF5: 0 | AG5: 0 | AH5: 0 | AI5: 0 | AJ5: 0 | AK5: 0 | AL5: 0 | AM5: 0 | AN5: 0 | AO5: 0 | AP5: 0 | AQ5: 0 | AR5: 0 | AS5: 0 | AT5: 0 | AU5: 0 | AV5: 0 | AW5: 0 | AX5: 0 | AY5: 0 | AZ5: 0 | BA5: 0 | BB5: 0 | BC5: 0 | BD5: 0 | BE5: 0 | BF5: 0 | BG5: 0 | BH5: 0 | BI5: 0 | BJ5: 0 | BK5: 0 | BL5: 0 | BM5: 0 | BN5: 0 | BO5: 0 | BP5: 0 | BQ5: 0 | BR5: 0 | BS5: 0 | BT5: 0 | BU5: 0 | BV5: 0 | BW5: 0 | BX5: 0 | BY5: 0 | BZ5: 0 | CA5: 0 | CB5: 0 | CC5: 0 | CD5: 0 | CE5: 0 | CF5: 0 | CG5: 0 | CH5: 0 | CI5: 0 | CJ5: 0 | CK5: 0 | CL5: 0 | CM5: 0 | CN5: 0 | CO5: 0 | CP5: 0 | CQ5: 0 | CR5: 0 | CS5: 0 | CT5: 0 | CU5: 0 | CV5: 0 | CW5: 0 | CX5: 0 | CY5: 0 | CZ5: 0 | DA5: 0 | DB5: 0 | DC5: 0 | DD5: 0 | DE5: 0 | DF5: 0 | DG5: 0 | DH5: 0 | DI5: 0 | DJ5: 0 | DK5: 0 | DL5: 0 | DM5: 0 | DN5: 0 | DO5: 0 | DP5: 0 | DQ5: 0 | DR5: 0 | DS5: 0 | DT5: 0 | DU5: 0 | DV5: 0 | DW5: 0 | DX5: 0 | DY5: 0 | DZ5: 0 | EA5: 0 | EB5: 0 | EC5: 0 | ED5: 0 | EE5: 0 | EF5: 0 | EG5: 0 | EH5: 0 | EI5: 0 | EJ5: 0 | EK5: 0 | EL5: 0 | EM5: 0 | EN5: 0 | EO5: 0 | EP5: 0 | EQ5: 0 | ER5: 0 | ES5: 0 | ET5: 0 | EU5: 0 | EV5: 0 | EW5: 0 | EX5: 0 | EY5: 0 | EZ5: 0 | FA5: 0 | FB5: 0 | FC5: 0 | FD5: 0 | FE5: 0 | FF5: 0 | FG5: 0 | FH5: 0 | FI5: 0 | FJ5: 0 | FK5: 0 | FL5: 0 | FM5: 0 | FN5: 0 | FO5: 0 | FP5: 0 | FQ5: 0 | FR5: 0 | FS5: 0 | FT5: 0 | FU5: 0
A6: XM1014 | B6: Souvenir VariCamo Blue FN | C6: Heavy | D6: Overpass | E6: 3.61 | F6: 3.49 | G6: 3.47 | H6: 3.92 | I6: 3.58 | J6: 3.49 | K6: 3.49 | L6: 3.49 | M6: 3.05 | N6: 3.46 | O6: 3.46 | P6: 4.21 | Q6: 3.94 | R6: 3.62 | S6: 3.86 | T6: 3.8 | U6: 3.8 | V6: 3.72 | W6: 3.1 | X6: 3.06 | Y6: 3.08 | Z6: 0 | AA6: 0 | AB6: 0 | AC6: 0 | AD6: 0 | AE6: 0 | AF6: 0 | AG6: 0 | AH6: 0 | AI6: 0 | AJ6: 0 | AK6: 0 | AL6: 0 | AM6: 0 | AN6: 0 | AO6: 0 | AP6: 0 | AQ6: 0 | AR6: 0 | AS6: 0 | AT6: 0 | AU6: 0 | AV6: 0 | AW6: 0 | AX6: 0 | AY6: 0 | AZ6: 0 | BA6: 0 | BB6: 0 | BC6: 0 | BD6: 0 | BE6: 0 | BF6: 0 | BG6: 0 | BH6: 0 | BI6: 0 | BJ6: 0 | BK6: 0 | BL6: 0 | BM6: 0 | BN6: 0 | BO6: 0 | BP6: 0 | BQ6: 0 | BR6: 0 | BS6: 0 | BT6: 0 | BU6: 0 | BV6: 0 | BW6: 0 | BX6: 0 | BY6: 0 | BZ6: 0 | CA6: 0 | CB6: 0 | CC6: 0 | CD6: 0 | CE6: 0 | CF6: 0 | CG6: 0 | CH6: 0 | CI6: 0 | CJ6: 0 | CK6: 0 | CL6: 0 | CM6: 0 | CN6: 0 | CO6: 0 | CP6: 0 | CQ6: 0 | CR6: 0 | CS6: 0 | CT6: 0 | CU6: 0 | CV6: 0 | CW6: 0 | CX6: 0 | CY6: 0 | CZ6: 0 | DA6: 0 | DB6: 0 | DC6: 0 | DD6: 0 | DE6: 0 | DF6: 0 | DG6: 0 | DH6: 0 | DI6: 0 | DJ6: 0 | DK6: 0 | DL6: 0 | DM6: 0 | DN6: 0 | DO6: 0 | DP6: 0 | DQ6: 0 | DR6: 0 | DS6: 0 | DT6: 0 | DU6: 0 | DV6: 0 | DW6: 0 | DX6: 0 | DY6: 0 | DZ6: 0 | EA6: 0 | EB6: 0 | EC6: 0 | ED6: 0 | EE6: 0 | EF6: 0 | EG6: 0 | EH6: 0 | EI6: 0 | EJ6: 0 | EK6: 0 | EL6: 0 | EM6: 0 | EN6: 0 | EO6: 0 | EP6: 0 | EQ6: 0 | ER6: 0 | ES6: 0 | ET6: 0 | EU6: 0 | EV6: 0 | EW6: 0 | EX6: 0 | EY6: 0 | EZ6: 0 | FA6: 0 | FB6: 0 | FC6: 0 | FD6: 0 | FE6: 0 | FF6: 0 | FG6: 0 | FH6: 0 | FI6: 0 | FJ6: 0 | FK6: 0 | FL6: 0 | FM6: 0 | FN6: 0 | FO6: 0 | FP6: 0 | FQ6: 0 | FR6: 0 | FS6: 0 | FT6: 0 | FU6: 0
A7: MAG-7 | B7: SWAG-7 FT | C7: Heavy | D7: Clutch | E7: 0.35 | F7: 0.34 | G7: 0.34 | H7: 0.34 | I7: 0.31 | J7: 0.3 | K7: 0.3 | L7: 0.31 | M7: 0.34 | N7: 0.34 | O7: 0.32 | P7: 0.31 | Q7: 0.31 | R7: 0.31 | S7: 0.32 | T7: 0.3 | U7: 0.31 | V7: 0.32 | W7: 0.3 | X7: 0.3 | Y7: 0.28 | Z7: 0 | AA7: 0 | AB7: 0 | AC7: 0 | AD7: 0 | AE7: 0 | AF7: 0 | AG7: 0 | AH7: 0 | AI7: 0 | AJ7: 0 | AK7: 0 | AL7: 0 | AM7: 0 | AN7: 0 | AO7: 0 | AP7: 0 | AQ7: 0 | AR7: 0 | AS7: 0 | AT7: 0 | AU7: 0 | AV7: 0 | AW7: 0 | AX7: 0 | AY7: 0 | AZ7: 0 | BA7: 0 | BB7: 0 | BC7: 0 | BD7: 0 | BE7: 0 | BF7: 0 | BG7: 0 | BH7: 0 | BI7: 0 | BJ7: 0 | BK7: 0 | BL7: 0 | BM7: 0 | BN7: 0 | BO7: 0 | BP7: 0 | BQ7: 0 | BR7: 0 | BS7: 0 | BT7: 0 | BU7: 0 | BV7: 0 | BW7: 0 | BX7: 0 | BY7: 0 | BZ7: 0 | CA7: 0 | CB7: 0 | CC7: 0 | CD7: 0 | CE7: 0 | CF7: 0 | CG7: 0 | CH7: 0 | CI7: 0 | CJ7: 0 | CK7: 0 | CL7: 0 | CM7: 0 | CN7: 0 | CO7: 0 | CP7: 0 | CQ7: 0 | CR7: 0 | CS7: 0 | CT7: 0 | CU7: 0 | CV7: 0 | CW7: 0 | CX7: 0 | CY7: 0 | CZ7: 0 | DA7: 0 | DB7: 0 | DC7: 0 | DD7: 0 | DE7: 0 | DF7: 0 | DG7: 0 | DH7: 0 | DI7: 0 | DJ7: 0 | DK7: 0 | DL7: 0 | DM7: 0 | DN7: 0 | DO7: 0 | DP7: 0 | DQ7: 0 | DR7: 0 | DS7: 0 | DT7: 0 | DU7: 0 | DV7: 0 | DW7: 0 | DX7: 0 | DY7: 0 | DZ7: 0 | EA7: 0 | EB7: 0 | EC7: 0 | ED7: 0 | EE7: 0 | EF7: 0 | EG7: 0 | EH7: 0 | EI7: 0 | EJ7: 0 | EK7: 0 | EL7: 0 | EM7: 0 | EN7: 0 | EO7: 0 | EP7: 0 | EQ7: 0 | ER7: 0 | ES7: 0 | ET7: 0 | EU7: 0 | EV7: 0 | EW7: 0 | EX7: 0 | EY7: 0 | EZ7: 0 | FA7: 0 | FB7: 0 | FC7: 0 | FD7: 0 | FE7: 0 | FF7: 0 | FG7: 0 | FH7: 0 | FI7: 0 | FJ7: 0 | FK7: 0 | FL7: 0 | FM7: 0 | FN7: 0 | FO7: 0 | FP7: 0 | FQ7: 0 | FR7: 0 | FS7: 0 | FT7: 0 | FU7: 0
A8: Nova | B8: Toy Soldier MW | C8: Heavy | D8: Horizon | E8: 0.82 | F8: 0.77 | G8: 0.8 | H8: 0.78 | I8: 0.76 | J8: 0.76 | K8: 0.78 | L8: 0.73 | M8: 0.75 | N8: 0.74 | O8: 0.77 | P8: 0.78 | Q8: 0.84 | R8: 0.83 | S8: 0.92 | T8: 0.83 | U8: 0.85 | V8: 0.82 | W8: 0.8 | X8: 0.8 | Y8: 0.87 | Z8: 0 | AA8: 0 | AB8: 0 | AC8: 0 | AD8: 0 | AE8: 0 | AF8: 0 | AG8: 0 | AH8: 0 | AI8: 0 | AJ8: 0 | AK8: 0 | AL8: 0 | AM8: 0 | AN8: 0 | AO8: 0 | AP8: 0 | AQ8: 0 | AR8: 0 | AS8: 0 | AT8: 0 | AU8: 0 | AV8: 0 | AW8: 0 | AX8: 0 | AY8: 0 | AZ8: 0 | BA8: 0 | BB8: 0 | BC8: 0 | BD8: 0 | BE8: 0 | BF8: 0 | BG8: 0 | BH8: 0 | BI8: 0 | BJ8: 0 | BK8: 0 | BL8: 0 | BM8: 0 | BN8: 0 | BO8: 0 | BP8: 0 | BQ8: 0 | BR8: 0 | BS8: 0 | BT8: 0 | BU8: 0 | BV8: 0 | BW8: 0 | BX8: 0 | BY8: 0 | BZ8: 0 | CA8: 0 | CB8: 0 | CC8: 0 | CD8: 0 | CE8: 0 | CF8: 0 | CG8: 0 | CH8: 0 | CI8: 0 | CJ8: 0 | CK8: 0 | CL8: 0 | CM8: 0 | CN8: 0 | CO8: 0 | CP8: 0 | CQ8: 0 | CR8: 0 | CS8: 0 | CT8: 0 | CU8: 0 | CV8: 0 | CW8: 0 | CX8: 0 | CY8: 0 | CZ8: 0 | DA8: 0 | DB8: 0 | DC8: 0 | DD8: 0 | DE8: 0 | DF8: 0 | DG8: 0 | DH8: 0 | DI8: 0 | DJ8: 0 | DK8: 0 | DL8: 0 | DM8: 0 | DN8: 0 | DO8: 0 | DP8: 0 | DQ8: 0 | DR8: 0 | DS8: 0 | DT8: 0 | DU8: 0 | DV8: 0 | DW8: 0 | DX8: 0 | DY8: 0 | DZ8: 0 | EA8: 0 | EB8: 0 | EC8: 0 | ED8: 0 | EE8: 0 | EF8: 0 | EG8: 0 | EH8: 0 | EI8: 0 | EJ8: 0 | EK8: 0 | EL8: 0 | EM8: 0 | EN8: 0 | EO8: 0 | EP8: 0 | EQ8: 0 | ER8: 0 | ES8: 0 | ET8: 0 | EU8: 0 | EV8: 0 | EW8: 0 | EX8: 0 | EY8: 0 | EZ8: 0 | FA8: 0 | FB8: 0 | FC8: 0 | FD8: 0 | FE8: 0 | FF8: 0 | FG8: 0 | FH8: 0 | FI8: 0 | FJ8: 0 | FK8: 0 | FL8: 0 | FM8: 0 | FN8: 0 | FO8: 0 | FP8: 0 | FQ8: 0 | FR8: 0 | FS8: 0 | FT8: 0 | FU8: 0
A9: Nova | B9: Wild Six FT | C9: Heavy | D9: Clutch | E9: 0.36 | F9: 0.34 | G9: 0.35 | H9: 0.32 | I9: 0.35 | J9: 0.32 | K9: 0.32 | L9: 0.34 | M9: 0.38 | N9: 0.35 | O9: 0.35 | P9: 0.35 | Q9: 0.32 | R9: 0.35 | S9: 0.3 | T9: 0.32 | U9: 0.35 | V9: 0.35 | W9: 0.31 | X9: 0.32 | Y9: 0.31 | Z9: 0 | AA9: 0 | AB9: 0 | AC9: 0 | AD9: 0 | AE9: 0 | AF9: 0 | AG9: 0 | AH9: 0 | AI9: 0 | AJ9: 0 | AK9: 0 | AL9: 0 | AM9: 0 | AN9: 0 | AO9: 0 | AP9: 0 | AQ9: 0 | AR9: 0 | AS9: 0 | AT9: 0 | AU9: 0 | AV9: 0 | AW9: 0 | AX9: 0 | AY9: 0 | AZ9: 0 | BA9: 0 | BB9: 0 | BC9: 0 | BD9: 0 | BE9: 0 | BF9: 0 | BG9: 0 | BH9: 0 | BI9: 0 | BJ9: 0 | BK9: 0 | BL9: 0 | BM9: 0 | BN9: 0 | BO9: 0 | BP9: 0 | BQ9: 0 | BR9: 0 | BS9: 0 | BT9: 0 | BU9: 0 | BV9: 0 | BW9: 0 | BX9: 0 | BY9: 0 | BZ9: 0 | CA9: 0 | CB9: 0 | CC9: 0 | CD9: 0 | CE9: 0 | CF9: 0 | CG9: 0 | CH9: 0 | CI9: 0 | CJ9: 0 | CK9: 0 | CL9: 0 | CM9: 0 | CN9: 0 | CO9: 0 | CP9: 0 | CQ9: 0 | CR9: 0 | CS9: 0 | CT9: 0 | CU9: 0 | CV9: 0 | CW9: 0 | CX9: 0 | CY9: 0 | CZ9: 0 | DA9: 0 | DB9: 0 | DC9: 0 | DD9: 0 | DE9: 0 | DF9: 0 | DG9: 0 | DH9: 0 | DI9: 0 | DJ9: 0 | DK9: 0 | DL9: 0 | DM9: 0 | DN9: 0 | DO9: 0 | DP9: 0 | DQ9: 0 | DR9: 0 | DS9: 0 | DT9: 0 | DU9: 0 | DV9: 0 | DW9: 0 | DX9: 0 | DY9: 0 | DZ9: 0 | EA9: 0 | EB9: 0 | EC9: 0 | ED9: 0 | EE9: 0 | EF9: 0 | EG9: 0 | EH9: 0 | EI9: 0 | EJ9: 0 | EK9: 0 | EL9: 0 | EM9: 0 | EN9: 0 | EO9: 0 | EP9: 0 | EQ9: 0 | ER9: 0 | ES9: 0 | ET9: 0 | EU9: 0 | EV9: 0 | EW9: 0 | EX9: 0 | EY9: 0 | EZ9: 0 | FA9: 0 | FB9: 0 | FC9: 0 | FD9: 0 | FE9: 0 | FF9: 0 | FG9: 0 | FH9: 0 | FI9: 0 | FJ9: 0 | FK9: 0 | FL9: 0 | FM9: 0 | FN9: 0 | FO9: 0 | FP9: 0 | FQ9: 0 | FR9: 0 | FS9: 0 | FT9: 0 | FU9: 0
A10: Nova | B10: Hyper Beast FT | C10: Heavy | D10: Wildfire | E10: 7.22 | F10: 7.74 | G10: 6.67 | H10: 6.74 | I10: 6.72 | J10: 6.86 | K10: 6.36 | L10: 7.02 | M10: 7.16 | N10: 7.02 | O10: 7.25 | P10: 7.31 | Q10: 7.05 | R10: 6.58 | S10: 6.44 | T10: 7.54 | U10: 7.54 | V10: 7.63 | W10: 7.36 | X10: 7.63 | Y10: 7.55 | Z10: 0 | AA10: 0 | AB10: 0 | AC10: 0 | AD10: 0 | AE10: 0 | AF10: 0 | AG10: 0 | AH10: 0 | AI10: 0 | AJ10: 0 | AK10: 0 | AL10: 0 | AM10: 0 | AN10: 0 | AO10: 0 | AP10: 0 | AQ10: 0 | AR10: 0 | AS10: 0 | AT10: 0 | AU10: 0 | AV10: 0 | AW10: 0 | AX10: 0 | AY10: 0 | AZ10: 0 | BA10: 0 | BB10: 0 | BC10: 0 | BD10: 0 | BE10: 0 | BF10: 0 | BG10: 0 | BH10: 0 | BI10: 0 | BJ10: 0 | BK10: 0 | BL10: 0 | BM10: 0 | BN10: 0 | BO10: 0 | BP10: 0 | BQ10: 0 | BR10: 0 | BS10: 0 | BT10: 0 | BU10: 0 | BV10: 0 | BW10: 0 | BX10: 0 | BY10: 0 | BZ10: 0 | CA10: 0 | CB10: 0 | CC10: 0 | CD10: 0 | CE10: 0 | CF10: 0 | CG10: 0 | CH10: 0 | CI10: 0 | CJ10: 0 | CK10: 0 | CL10: 0 | CM10: 0 | CN10: 0 | CO10: 0 | CP10: 0 | CQ10: 0 | CR10: 0 | CS10: 0 | CT10: 0 | CU10: 0 | CV10: 0 | CW10: 0 | CX10: 0 | CY10: 0 | CZ10: 0 | DA10: 0 | DB10: 0 | DC10: 0 | DD10: 0 | DE10: 0 | DF10: 0 | DG10: 0 | DH10: 0 | DI10: 0 | DJ10: 0 | DK10: 0 | DL10: 0 | DM10: 0 | DN10: 0 | DO10: 0 | DP10: 0 | DQ10: 0 | DR10: 0 | DS10: 0 | DT10: 0 | DU10: 0 | DV10: 0 | DW10: 0 | DX10: 0 | DY10: 0 | DZ10: 0 | EA10: 0 | EB10: 0 | EC10: 0 | ED10: 0 | EE10: 0 | EF10: 0 | EG10: 0 | EH10: 0 | EI10: 0 | EJ10: 0 | EK10: 0 | EL10: 0 | EM10: 0 | EN10: 0 | EO10: 0 | EP10: 0 | EQ10: 0 | ER10: 0 | ES10: 0 | ET10: 0 | EU10: 0 | EV10: 0 | EW10: 0 | EX10: 0 | EY10: 0 | EZ10: 0 | FA10: 0 | FB10: 0 | FC10: 0 | FD10: 0 | FE10: 0 | FF10: 0 | FG10: 0 | FH10: 0 | FI10: 0 | FJ10: 0 | FK10: 0 | FL10: 0 | FM10: 0 | FN10: 0 | FO10: 0 | FP10: 0 | FQ10: 0 | FR10: 0 | FS10: 0 | FT10: 0 | FU10: 0
A11: Negev | B11: Power Loader MW | C11: Heavy | D11: Revolver | E11: 0 | F11: 0 | G11: 0 | H11: 0 | I11: 0 | J11: 0 | K11: 0 | L11: 0 | M11: 0 | N11: 0 | O11: 0 | P11: 0 | Q11: 0 | R11: 0 | S11: 0 | T11: 0 | U11: 0 | V11: 0 | W11: 0 | X11: 0 | Y11: 0 | Z11: 0 | AA11: 0 | AB11: 0 | AC11: 0 | AD11: 0 | AE11: 0 | AF11: 0 | AG11: 0 | AH11: 0 | AI11: 0 | AJ11: 0 | AK11: 0 | AL11: 0 | AM11: 0 | AN11: 0 | AO11: 0 | AP11: 0 | AQ11: 0 | AR11: 0 | AS11: 0 | AT11: 0 | AU11: 0 | AV11: 0 | AW11: 0 | AX11: 0 | AY11: 0 | AZ11: 0 | BA11: 0 | BB11: 0 | BC11: 0 | BD11: 0 | BE11: 0 | BF11: 0 | BG11: 0 | BH11: 0 | BI11: 0 | BJ11: 0 | BK11: 0 | BL11: 0 | BM11: 0 | BN11: 0 | BO11: 0 | BP11: 0 | BQ11: 0 | BR11: 0 | BS11: 0 | BT11: 0 | BU11: 0 | BV11: 0 | BW11: 0 | BX11: 0 | BY11: 0 | BZ11: 0 | CA11: 0 | CB11: 0 | CC11: 0 | CD11: 0 | CE11: 0 | CF11: 0 | CG11: 0 | CH11: 0 | CI11: 0 | CJ11: 0 | CK11: 0 | CL11: 0 | CM11: 0 | CN11: 0 | CO11: 0 | CP11: 0 | CQ11: 0 | CR11: 0 | CS11: 0 | CT11: 0 | CU11: 0 | CV11: 0 | CW11: 0 | CX11: 0 | CY11: 0 | CZ11: 0 | DA11: 0 | DB11: 0 | DC11: 0 | DD11: 0 | DE11: 0 | DF11: 0 | DG11: 0 | DH11: 0 | DI11: 0 | DJ11: 0 | DK11: 0 | DL11: 0 | DM11: 0 | DN11: 0 | DO11: 0 | DP11: 0 | DQ11: 0 | DR11: 0 | DS11: 0 | DT11: 0 | DU11: 0 | DV11: 0 | DW11: 0 | DX11: 0 | DY11: 0 | DZ11: 0 | EA11: 0 | EB11: 0 | EC11: 0 | ED11: 0 | EE11: 0 | EF11: 0 | EG11: 0 | EH11: 0 | EI11: 0 | EJ11: 0 | EK11: 0 | EL11: 0 | EM11: 0 | EN11: 0 | EO11: 0 | EP11: 0 | EQ11: 0 | ER11: 0 | ES11: 0 | ET11: 0 | EU11: 0 | EV11: 0 | EW11: 0 | EX11: 0 | EY11: 0 | EZ11: 0 | FA11: 0 | FB11: 0 | FC11: 0 | FD11: 0 | FE11: 0 | FF11: 0 | FG11: 0 | FH11: 0 | FI11: 0 | FJ11: 0 | FK11: 0 | FL11: 0 | FM11: 0 | FN11: 0 | FO11: 0 | FP11: 0 | FQ11: 0 | FR11: 0 | FS11: 0 | FT11: 0 | FU11: 0
